customer_id,timestamp,event,batch
C000000,2026-01-07 19:28:00,Visitor,1
C000000,2026-01-07 19:35:00,Product View,1
C000000,2026-01-07 19:38:00,Exit,1
C000001,2026-01-07 10:10:00,Visitor,1
C000001,2026-01-07 10:14:00,Exit,1
C000002,2026-01-08 02:21:00,Visitor,1
C000002,2026-01-08 02:27:00,Product View,1
C000002,2026-01-08 02:28:00,Exit,1
C000003,2026-01-12 20:32:00,Visitor,1
C000003,2026-01-12 20:35:00,Product View,1
C000003,2026-01-12 20:37:00,Exit,1
C000004,2026-01-11 09:27:00,Visitor,1
C000004,2026-01-11 09:29:00,Exit,1
C000005,2026-01-14 14:50:00,Visitor,1
C000005,2026-01-14 15:07:00,Product View,1
C000005,2026-01-14 15:15:00,Exit,1
C000006,2026-01-07 20:08:00,Visitor,1
C000006,2026-01-07 20:20:00,Product View,1
C000006,2026-01-07 20:27:00,Exit,1
C000007,2026-01-09 20:01:00,Visitor,1
C000007,2026-01-09 20:04:00,Exit,1
C000008,2026-01-07 11:07:00,Visitor,1
C000008,2026-01-07 11:17:00,Product View,1
C000008,2026-01-07 11:22:00,Add to Cart,1
C000008,2026-01-07 11:25:00,Purchase,1
C000008,2026-01-07 11:26:00,Exit,1
C000009,2026-01-02 11:33:00,Visitor,1
C000009,2026-01-02 11:44:00,Product View,1
C000009,2026-01-02 11:46:00,Exit,1
C000010,2026-01-14 22:59:00,Visitor,1
C000010,2026-01-14 23:01:00,Product View,1
C000010,2026-01-14 23:03:00,Add to Cart,1
C000010,2026-01-14 23:05:00,Exit,1
C000011,2026-01-12 12:40:00,Visitor,1
C000011,2026-01-12 12:41:00,Product View,1
C000011,2026-01-12 12:44:00,Product View,1
C000011,2026-01-12 12:46:00,Add to Cart,1
C000011,2026-01-12 12:47:00,Product View,1
C000011,2026-01-12 12:54:00,Exit,1
C000012,2026-01-11 04:41:00,Visitor,1
C000012,2026-01-11 04:42:00,Product View,1
C000012,2026-01-11 04:46:00,Exit,1
C000013,2026-01-02 00:47:00,Visitor,1
C000013,2026-01-02 00:52:00,Product View,1
C000013,2026-01-02 00:56:00,Exit,1
C000014,2026-01-06 02:00:00,Visitor,1
C000014,2026-01-06 02:15:00,Product View,1
C000014,2026-01-06 02:21:00,Exit,1
C000015,2026-01-07 13:38:00,Visitor,1
C000015,2026-01-07 13:43:00,Product View,1
C000015,2026-01-07 13:46:00,Add to Cart,1
C000015,2026-01-07 13:56:00,Purchase,1
C000015,2026-01-07 14:00:00,Exit,1
C000016,2026-01-04 04:22:00,Visitor,1
C000016,2026-01-04 04:26:00,Exit,1
C000017,2026-01-13 03:12:00,Visitor,1
C000017,2026-01-13 03:14:00,Product View,1
C000017,2026-01-13 03:25:00,Add to Cart,1
C000017,2026-01-13 03:30:00,Exit,1
C000018,2026-01-06 11:43:00,Visitor,1
C000018,2026-01-06 11:52:00,Product View,1
C000018,2026-01-06 11:53:00,Add to Cart,1
C000018,2026-01-06 12:03:00,Purchase,1
C000018,2026-01-06 12:08:00,Exit,1
C000019,2026-01-09 19:12:00,Visitor,1
C000019,2026-01-09 19:13:00,Exit,1
C000020,2026-01-08 08:36:00,Visitor,1
C000020,2026-01-08 08:38:00,Exit,1
C000021,2026-01-08 14:58:00,Visitor,1
C000021,2026-01-08 15:01:00,Product View,1
C000021,2026-01-08 15:03:00,Exit,1
C000022,2026-01-01 19:11:00,Visitor,1
C000022,2026-01-01 19:14:00,Product View,1
C000022,2026-01-01 19:16:00,Add to Cart,1
C000022,2026-01-01 19:20:00,Product View,1
C000022,2026-01-01 19:21:00,Exit,1
C000023,2026-01-05 00:00:00,Visitor,1
C000023,2026-01-05 00:01:00,Product View,1
C000023,2026-01-05 00:18:00,Exit,1
C000024,2026-01-07 03:54:00,Visitor,1
C000024,2026-01-07 03:56:00,Exit,1
C000025,2026-01-06 23:04:00,Visitor,1
C000025,2026-01-06 23:09:00,Exit,1
C000026,2026-01-11 15:15:00,Visitor,1
C000026,2026-01-11 15:17:00,Exit,1
C000027,2026-01-06 15:28:00,Visitor,1
C000027,2026-01-06 15:30:00,Exit,1
C000028,2026-01-04 18:25:00,Visitor,1
C000028,2026-01-04 18:27:00,Product View,1
C000028,2026-01-04 18:28:00,Exit,1
C000029,2026-01-01 07:38:00,Visitor,1
C000029,2026-01-01 07:39:00,Exit,1
C000030,2026-01-12 17:22:00,Visitor,1
C000030,2026-01-12 17:27:00,Product View,1
C000030,2026-01-12 17:28:00,Add to Cart,1
C000030,2026-01-12 17:31:00,Exit,1
C000031,2026-01-01 01:00:00,Visitor,1
C000031,2026-01-01 01:10:00,Product View,1
C000031,2026-01-01 01:15:00,Exit,1
C000032,2026-01-09 08:34:00,Visitor,1
C000032,2026-01-09 08:42:00,Exit,1
C000033,2026-01-04 23:53:00,Visitor,1
C000033,2026-01-04 23:58:00,Exit,1
C000034,2026-01-11 16:07:00,Visitor,1
C000034,2026-01-11 16:12:00,Exit,1
C000035,2026-01-14 02:47:00,Visitor,1
C000035,2026-01-14 02:52:00,Product View,1
C000035,2026-01-14 02:53:00,Product View,1
C000035,2026-01-14 02:58:00,Exit,1
C000036,2026-01-13 08:35:00,Visitor,1
C000036,2026-01-13 08:37:00,Exit,1
C000037,2026-01-05 15:19:00,Visitor,1
C000037,2026-01-05 15:25:00,Product View,1
C000037,2026-01-05 15:27:00,Exit,1
C000038,2026-01-12 18:21:00,Visitor,1
C000038,2026-01-12 18:23:00,Product View,1
C000038,2026-01-12 18:25:00,Exit,1
C000039,2026-01-06 07:26:00,Visitor,1
C000039,2026-01-06 07:28:00,Product View,1
C000039,2026-01-06 07:33:00,Exit,1
C000040,2026-01-01 04:59:00,Visitor,1
C000040,2026-01-01 05:01:00,Exit,1
C000041,2026-01-03 16:16:00,Visitor,1
C000041,2026-01-03 16:19:00,Exit,1
C000042,2026-01-14 20:05:00,Visitor,1
C000042,2026-01-14 20:06:00,Product View,1
C000042,2026-01-14 20:09:00,Exit,1
C000043,2026-01-05 02:59:00,Visitor,1
C000043,2026-01-05 03:01:00,Exit,1
C000044,2026-01-05 22:32:00,Visitor,1
C000044,2026-01-05 22:33:00,Product View,1
C000044,2026-01-05 22:45:00,Exit,1
C000045,2026-01-10 02:39:00,Visitor,1
C000045,2026-01-10 02:40:00,Product View,1
C000045,2026-01-10 02:42:00,Exit,1
C000046,2026-01-11 09:01:00,Visitor,1
C000046,2026-01-11 09:09:00,Product View,1
C000046,2026-01-11 09:14:00,Add to Cart,1
C000046,2026-01-11 09:16:00,Exit,1
C000047,2026-01-10 02:49:00,Visitor,1
C000047,2026-01-10 02:59:00,Exit,1
C000048,2026-01-10 06:56:00,Visitor,1
C000048,2026-01-10 06:57:00,Exit,1
C000049,2026-01-08 13:15:00,Visitor,1
C000049,2026-01-08 13:24:00,Product View,1
C000049,2026-01-08 13:28:00,Product View,1
C000049,2026-01-08 13:33:00,Exit,1
C000050,2026-01-03 21:57:00,Visitor,1
C000050,2026-01-03 21:59:00,Exit,1
C000051,2026-01-10 05:14:00,Visitor,1
C000051,2026-01-10 05:15:00,Product View,1
C000051,2026-01-10 05:21:00,Exit,1
C000052,2026-01-12 11:04:00,Visitor,1
C000052,2026-01-12 11:12:00,Product View,1
C000052,2026-01-12 11:15:00,Add to Cart,1
C000052,2026-01-12 11:16:00,Exit,1
C000053,2026-01-13 17:59:00,Visitor,1
C000053,2026-01-13 18:00:00,Exit,1
C000054,2026-01-08 18:27:00,Visitor,1
C000054,2026-01-08 18:29:00,Exit,1
C000055,2026-01-10 20:22:00,Visitor,1
C000055,2026-01-10 20:27:00,Product View,1
C000055,2026-01-10 20:37:00,Product View,1
C000055,2026-01-10 20:39:00,Exit,1
C000056,2026-01-06 15:24:00,Visitor,1
C000056,2026-01-06 15:26:00,Exit,1
C000057,2026-01-13 06:04:00,Visitor,1
C000057,2026-01-13 06:07:00,Exit,1
C000058,2026-01-12 15:50:00,Visitor,1
C000058,2026-01-12 15:51:00,Exit,1
C000059,2026-01-14 04:46:00,Visitor,1
C000059,2026-01-14 04:54:00,Product View,1
C000059,2026-01-14 04:57:00,Exit,1
C000060,2026-01-10 15:20:00,Visitor,1
C000060,2026-01-10 15:21:00,Product View,1
C000060,2026-01-10 15:24:00,Exit,1
C000061,2026-01-10 21:04:00,Visitor,1
C000061,2026-01-10 21:06:00,Exit,1
C000062,2026-01-10 18:57:00,Visitor,1
C000062,2026-01-10 19:01:00,Product View,1
C000062,2026-01-10 19:05:00,Exit,1
C000063,2026-01-07 01:48:00,Visitor,1
C000063,2026-01-07 01:53:00,Exit,1
C000064,2026-01-04 23:11:00,Visitor,1
C000064,2026-01-04 23:16:00,Product View,1
C000064,2026-01-04 23:20:00,Exit,1
C000065,2026-01-05 11:02:00,Visitor,1
C000065,2026-01-05 11:07:00,Exit,1
C000066,2026-01-11 11:28:00,Visitor,1
C000066,2026-01-11 11:29:00,Product View,1
C000066,2026-01-11 11:30:00,Product View,1
C000066,2026-01-11 11:31:00,Exit,1
C000067,2026-01-08 09:25:00,Visitor,1
C000067,2026-01-08 09:27:00,Product View,1
C000067,2026-01-08 09:32:00,Exit,1
C000068,2026-01-02 12:10:00,Visitor,1
C000068,2026-01-02 12:16:00,Exit,1
C000069,2026-01-05 03:09:00,Visitor,1
C000069,2026-01-05 03:13:00,Product View,1
C000069,2026-01-05 03:19:00,Exit,1
C000070,2026-01-04 17:48:00,Visitor,1
C000070,2026-01-04 17:50:00,Exit,1
C000071,2026-01-14 04:11:00,Visitor,1
C000071,2026-01-14 04:17:00,Product View,1
C000071,2026-01-14 04:18:00,Exit,1
C000072,2026-01-01 16:19:00,Visitor,1
C000072,2026-01-01 16:21:00,Exit,1
C000073,2026-01-11 18:48:00,Visitor,1
C000073,2026-01-11 19:01:00,Product View,1
C000073,2026-01-11 19:03:00,Exit,1
C000074,2026-01-12 13:30:00,Visitor,1
C000074,2026-01-12 13:34:00,Exit,1
C000075,2026-01-05 04:34:00,Visitor,1
C000075,2026-01-05 04:38:00,Exit,1
C000076,2026-01-05 03:52:00,Visitor,1
C000076,2026-01-05 03:59:00,Exit,1
C000077,2026-01-13 20:41:00,Visitor,1
C000077,2026-01-13 21:04:00,Exit,1
C000078,2026-01-10 04:34:00,Visitor,1
C000078,2026-01-10 04:36:00,Exit,1
C000079,2026-01-02 14:11:00,Visitor,1
C000079,2026-01-02 14:19:00,Exit,1
C000080,2026-01-01 05:06:00,Visitor,1
C000080,2026-01-01 05:08:00,Product View,1
C000080,2026-01-01 05:17:00,Add to Cart,1
C000080,2026-01-01 05:20:00,Purchase,1
C000080,2026-01-01 05:24:00,Exit,1
C000081,2026-01-13 00:21:00,Visitor,1
C000081,2026-01-13 00:33:00,Exit,1
C000082,2026-01-09 12:03:00,Visitor,1
C000082,2026-01-09 12:08:00,Product View,1
C000082,2026-01-09 12:10:00,Exit,1
C000083,2026-01-07 09:25:00,Visitor,1
C000083,2026-01-07 09:28:00,Product View,1
C000083,2026-01-07 09:31:00,Add to Cart,1
C000083,2026-01-07 09:37:00,Exit,1
C000084,2026-01-08 08:38:00,Visitor,1
C000084,2026-01-08 08:42:00,Exit,1
C000085,2026-01-14 16:24:00,Visitor,1
C000085,2026-01-14 16:26:00,Exit,1
C000086,2026-01-06 11:44:00,Visitor,1
C000086,2026-01-06 11:45:00,Exit,1
C000087,2026-01-05 15:53:00,Visitor,1
C000087,2026-01-05 16:04:00,Exit,1
C000088,2026-01-04 02:18:00,Visitor,1
C000088,2026-01-04 02:21:00,Exit,1
C000089,2026-01-09 16:13:00,Visitor,1
C000089,2026-01-09 16:35:00,Product View,1
C000089,2026-01-09 16:37:00,Exit,1
C000090,2026-01-07 10:11:00,Visitor,1
C000090,2026-01-07 10:12:00,Exit,1
C000091,2026-01-06 11:23:00,Visitor,1
C000091,2026-01-06 11:25:00,Exit,1
C000092,2026-01-12 03:25:00,Visitor,1
C000092,2026-01-12 03:27:00,Product View,1
C000092,2026-01-12 03:29:00,Add to Cart,1
C000092,2026-01-12 03:32:00,Purchase,1
C000092,2026-01-12 03:34:00,Repeat Purchase,1
C000092,2026-01-12 03:38:00,Exit,1
C000093,2026-01-13 12:45:00,Visitor,1
C000093,2026-01-13 12:57:00,Product View,1
C000093,2026-01-13 13:01:00,Exit,1
C000094,2026-01-09 01:09:00,Visitor,1
C000094,2026-01-09 01:18:00,Exit,1
C000095,2026-01-13 04:54:00,Visitor,1
C000095,2026-01-13 05:01:00,Product View,1
C000095,2026-01-13 05:18:00,Exit,1
C000096,2026-01-11 20:25:00,Visitor,1
C000096,2026-01-11 20:40:00,Product View,1
C000096,2026-01-11 20:48:00,Exit,1
C000097,2026-01-02 08:34:00,Visitor,1
C000097,2026-01-02 08:35:00,Product View,1
C000097,2026-01-02 08:40:00,Product View,1
C000097,2026-01-02 08:46:00,Exit,1
C000098,2026-01-03 20:22:00,Visitor,1
C000098,2026-01-03 20:34:00,Exit,1
C000099,2026-01-10 18:16:00,Visitor,1
C000099,2026-01-10 18:17:00,Product View,1
C000099,2026-01-10 18:19:00,Add to Cart,1
C000099,2026-01-10 18:28:00,Purchase,1
C000099,2026-01-10 18:29:00,Exit,1
C000100,2026-01-08 06:25:00,Visitor,1
C000100,2026-01-08 06:28:00,Product View,1
C000100,2026-01-08 06:30:00,Exit,1
C000101,2026-01-01 21:43:00,Visitor,1
C000101,2026-01-01 21:52:00,Product View,1
C000101,2026-01-01 21:53:00,Exit,1
C000102,2026-01-07 14:36:00,Visitor,1
C000102,2026-01-07 14:41:00,Exit,1
C000103,2026-01-03 06:37:00,Visitor,1
C000103,2026-01-03 06:53:00,Exit,1
C000104,2026-01-02 01:17:00,Visitor,1
C000104,2026-01-02 01:20:00,Product View,1
C000104,2026-01-02 01:22:00,Exit,1
C000105,2026-01-06 00:23:00,Visitor,1
C000105,2026-01-06 00:25:00,Exit,1
C000106,2026-01-10 18:16:00,Visitor,1
C000106,2026-01-10 18:17:00,Exit,1
C000107,2026-01-08 16:09:00,Visitor,1
C000107,2026-01-08 16:10:00,Exit,1
C000108,2026-01-05 01:05:00,Visitor,1
C000108,2026-01-05 01:07:00,Product View,1
C000108,2026-01-05 01:09:00,Exit,1
C000109,2026-01-03 14:56:00,Visitor,1
C000109,2026-01-03 15:00:00,Product View,1
C000109,2026-01-03 15:05:00,Exit,1
C000110,2026-01-04 07:03:00,Visitor,1
C000110,2026-01-04 07:13:00,Product View,1
C000110,2026-01-04 07:18:00,Exit,1
C000111,2026-01-02 18:18:00,Visitor,1
C000111,2026-01-02 18:20:00,Exit,1
C000112,2026-01-10 21:20:00,Visitor,1
C000112,2026-01-10 21:24:00,Product View,1
C000112,2026-01-10 21:33:00,Add to Cart,1
C000112,2026-01-10 21:35:00,Purchase,1
C000112,2026-01-10 21:36:00,Exit,1
C000113,2026-01-09 21:46:00,Visitor,1
C000113,2026-01-09 21:47:00,Product View,1
C000113,2026-01-09 21:48:00,Add to Cart,1
C000113,2026-01-09 21:49:00,Exit,1
C000114,2026-01-03 19:14:00,Visitor,1
C000114,2026-01-03 19:25:00,Product View,1
C000114,2026-01-03 19:31:00,Add to Cart,1
C000114,2026-01-03 19:37:00,Exit,1
C000115,2026-01-10 13:58:00,Visitor,1
C000115,2026-01-10 14:03:00,Product View,1
C000115,2026-01-10 14:06:00,Exit,1
C000116,2026-01-12 12:17:00,Visitor,1
C000116,2026-01-12 12:21:00,Product View,1
C000116,2026-01-12 12:23:00,Add to Cart,1
C000116,2026-01-12 12:24:00,Purchase,1
C000116,2026-01-12 12:25:00,Exit,1
C000117,2026-01-10 11:24:00,Visitor,1
C000117,2026-01-10 11:28:00,Exit,1
C000118,2026-01-04 09:02:00,Visitor,1
C000118,2026-01-04 09:05:00,Exit,1
C000119,2026-01-04 14:21:00,Visitor,1
C000119,2026-01-04 14:27:00,Product View,1
C000119,2026-01-04 14:28:00,Exit,1
C000120,2026-01-09 04:05:00,Visitor,1
C000120,2026-01-09 04:09:00,Exit,1
C000121,2026-01-11 23:58:00,Visitor,1
C000121,2026-01-12 00:02:00,Exit,1
C000122,2026-01-01 20:21:00,Visitor,1
C000122,2026-01-01 20:23:00,Product View,1
C000122,2026-01-01 20:31:00,Exit,1
C000123,2026-01-14 23:54:00,Visitor,1
C000123,2026-01-14 23:55:00,Exit,1
C000124,2026-01-08 04:35:00,Visitor,1
C000124,2026-01-08 04:45:00,Exit,1
C000125,2026-01-04 10:03:00,Visitor,1
C000125,2026-01-04 10:18:00,Product View,1
C000125,2026-01-04 10:24:00,Exit,1
C000126,2026-01-14 01:14:00,Visitor,1
C000126,2026-01-14 01:17:00,Product View,1
C000126,2026-01-14 01:18:00,Exit,1
C000127,2026-01-10 21:03:00,Visitor,1
C000127,2026-01-10 21:06:00,Product View,1
C000127,2026-01-10 21:07:00,Add to Cart,1
C000127,2026-01-10 21:09:00,Exit,1
C000128,2026-01-05 10:35:00,Visitor,1
C000128,2026-01-05 10:39:00,Product View,1
C000128,2026-01-05 10:42:00,Add to Cart,1
C000128,2026-01-05 10:46:00,Exit,1
C000129,2026-01-02 12:39:00,Visitor,1
C000129,2026-01-02 12:41:00,Exit,1
C000130,2026-01-05 08:16:00,Visitor,1
C000130,2026-01-05 08:19:00,Product View,1
C000130,2026-01-05 08:26:00,Exit,1
C000131,2026-01-01 04:59:00,Visitor,1
C000131,2026-01-01 05:00:00,Exit,1
C000132,2026-01-08 10:08:00,Visitor,1
C000132,2026-01-08 10:10:00,Product View,1
C000132,2026-01-08 10:16:00,Exit,1
C000133,2026-01-12 07:10:00,Visitor,1
C000133,2026-01-12 07:11:00,Exit,1
C000134,2026-01-14 02:20:00,Visitor,1
C000134,2026-01-14 02:22:00,Product View,1
C000134,2026-01-14 02:32:00,Exit,1
C000135,2026-01-09 12:41:00,Visitor,1
C000135,2026-01-09 12:48:00,Product View,1
C000135,2026-01-09 12:50:00,Exit,1
C000136,2026-01-03 05:32:00,Visitor,1
C000136,2026-01-03 05:35:00,Exit,1
C000137,2026-01-09 16:32:00,Visitor,1
C000137,2026-01-09 16:36:00,Product View,1
C000137,2026-01-09 16:38:00,Product View,1
C000137,2026-01-09 16:41:00,Exit,1
C000138,2026-01-03 06:50:00,Visitor,1
C000138,2026-01-03 06:51:00,Product View,1
C000138,2026-01-03 06:55:00,Exit,1
C000139,2026-01-04 06:26:00,Visitor,1
C000139,2026-01-04 06:27:00,Exit,1
C000140,2026-01-01 04:26:00,Visitor,1
C000140,2026-01-01 04:27:00,Exit,1
C000141,2026-01-06 01:09:00,Visitor,1
C000141,2026-01-06 01:15:00,Product View,1
C000141,2026-01-06 01:19:00,Add to Cart,1
C000141,2026-01-06 01:22:00,Purchase,1
C000141,2026-01-06 01:25:00,Exit,1
C000142,2026-01-08 04:28:00,Visitor,1
C000142,2026-01-08 04:34:00,Product View,1
C000142,2026-01-08 04:39:00,Exit,1
C000143,2026-01-03 03:35:00,Visitor,1
C000143,2026-01-03 03:39:00,Exit,1
C000144,2026-01-04 10:09:00,Visitor,1
C000144,2026-01-04 10:11:00,Product View,1
C000144,2026-01-04 10:13:00,Exit,1
C000145,2026-01-11 11:25:00,Visitor,1
C000145,2026-01-11 11:28:00,Product View,1
C000145,2026-01-11 11:29:00,Exit,1
C000146,2026-01-12 10:11:00,Visitor,1
C000146,2026-01-12 10:22:00,Product View,1
C000146,2026-01-12 10:23:00,Exit,1
C000147,2026-01-10 16:27:00,Visitor,1
C000147,2026-01-10 16:28:00,Product View,1
C000147,2026-01-10 16:29:00,Product View,1
C000147,2026-01-10 16:39:00,Exit,1
C000148,2026-01-01 13:36:00,Visitor,1
C000148,2026-01-01 13:44:00,Exit,1
C000149,2026-01-06 22:56:00,Visitor,1
C000149,2026-01-06 22:58:00,Product View,1
C000149,2026-01-06 23:02:00,Add to Cart,1
C000149,2026-01-06 23:08:00,Purchase,1
C000149,2026-01-06 23:15:00,Exit,1
C000150,2026-01-10 08:34:00,Visitor,1
C000150,2026-01-10 08:38:00,Product View,1
C000150,2026-01-10 08:40:00,Exit,1
C000151,2026-01-02 01:26:00,Visitor,1
C000151,2026-01-02 01:28:00,Product View,1
C000151,2026-01-02 01:29:00,Exit,1
C000152,2026-01-08 06:51:00,Visitor,1
C000152,2026-01-08 07:01:00,Product View,1
C000152,2026-01-08 07:05:00,Add to Cart,1
C000152,2026-01-08 07:06:00,Exit,1
C000153,2026-01-05 16:06:00,Visitor,1
C000153,2026-01-05 16:09:00,Exit,1
C000154,2026-01-04 21:21:00,Visitor,1
C000154,2026-01-04 21:45:00,Product View,1
C000154,2026-01-04 21:49:00,Exit,1
C000155,2026-01-13 22:50:00,Visitor,1
C000155,2026-01-13 23:00:00,Product View,1
C000155,2026-01-13 23:01:00,Add to Cart,1
C000155,2026-01-13 23:04:00,Product View,1
C000155,2026-01-13 23:05:00,Exit,1
C000156,2026-01-14 18:46:00,Visitor,1
C000156,2026-01-14 18:50:00,Product View,1
C000156,2026-01-14 18:53:00,Exit,1
C000157,2026-01-03 03:00:00,Visitor,1
C000157,2026-01-03 03:01:00,Product View,1
C000157,2026-01-03 03:03:00,Exit,1
C000158,2026-01-03 13:33:00,Visitor,1
C000158,2026-01-03 13:34:00,Product View,1
C000158,2026-01-03 13:40:00,Add to Cart,1
C000158,2026-01-03 13:41:00,Exit,1
C000159,2026-01-07 02:23:00,Visitor,1
C000159,2026-01-07 02:26:00,Product View,1
C000159,2026-01-07 02:28:00,Exit,1
C000160,2026-01-05 02:50:00,Visitor,1
C000160,2026-01-05 02:52:00,Exit,1
C000161,2026-01-02 02:31:00,Visitor,1
C000161,2026-01-02 02:35:00,Exit,1
C000162,2026-01-14 10:15:00,Visitor,1
C000162,2026-01-14 10:20:00,Product View,1
C000162,2026-01-14 10:22:00,Add to Cart,1
C000162,2026-01-14 10:23:00,Exit,1
C000163,2026-01-07 00:22:00,Visitor,1
C000163,2026-01-07 00:23:00,Exit,1
C000164,2026-01-03 03:28:00,Visitor,1
C000164,2026-01-03 03:37:00,Product View,1
C000164,2026-01-03 03:39:00,Exit,1
C000165,2026-01-10 01:02:00,Visitor,1
C000165,2026-01-10 01:04:00,Product View,1
C000165,2026-01-10 01:07:00,Exit,1
C000166,2026-01-14 08:33:00,Visitor,1
C000166,2026-01-14 08:34:00,Exit,1
C000167,2026-01-10 21:43:00,Visitor,1
C000167,2026-01-10 21:52:00,Product View,1
C000167,2026-01-10 22:01:00,Exit,1
C000168,2026-01-01 17:50:00,Visitor,1
C000168,2026-01-01 17:56:00,Product View,1
C000168,2026-01-01 17:59:00,Exit,1
C000169,2026-01-09 21:21:00,Visitor,1
C000169,2026-01-09 21:38:00,Exit,1
C000170,2026-01-10 12:33:00,Visitor,1
C000170,2026-01-10 12:34:00,Product View,1
C000170,2026-01-10 12:35:00,Exit,1
C000171,2026-01-04 08:37:00,Visitor,1
C000171,2026-01-04 08:40:00,Product View,1
C000171,2026-01-04 08:46:00,Exit,1
C000172,2026-01-05 09:21:00,Visitor,1
C000172,2026-01-05 09:31:00,Product View,1
C000172,2026-01-05 09:35:00,Exit,1
C000173,2026-01-12 12:56:00,Visitor,1
C000173,2026-01-12 13:00:00,Product View,1
C000173,2026-01-12 13:03:00,Exit,1
C000174,2026-01-14 13:01:00,Visitor,1
C000174,2026-01-14 13:07:00,Product View,1
C000174,2026-01-14 13:11:00,Product View,1
C000174,2026-01-14 13:13:00,Add to Cart,1
C000174,2026-01-14 13:15:00,Purchase,1
C000174,2026-01-14 13:17:00,Exit,1
C000175,2026-01-03 21:33:00,Visitor,1
C000175,2026-01-03 21:46:00,Product View,1
C000175,2026-01-03 21:49:00,Add to Cart,1
C000175,2026-01-03 21:53:00,Purchase,1
C000175,2026-01-03 22:01:00,Repeat Purchase,1
C000175,2026-01-03 22:14:00,Exit,1
C000176,2026-01-11 01:08:00,Visitor,1
C000176,2026-01-11 01:09:00,Exit,1
C000177,2026-01-09 07:16:00,Visitor,1
C000177,2026-01-09 07:21:00,Product View,1
C000177,2026-01-09 07:24:00,Exit,1
C000178,2026-01-03 02:49:00,Visitor,1
C000178,2026-01-03 02:54:00,Exit,1
C000179,2026-01-14 05:33:00,Visitor,1
C000179,2026-01-14 05:35:00,Product View,1
C000179,2026-01-14 05:49:00,Exit,1
C000180,2026-01-01 09:56:00,Visitor,1
C000180,2026-01-01 09:57:00,Product View,1
C000180,2026-01-01 10:06:00,Exit,1
C000181,2026-01-08 20:16:00,Visitor,1
C000181,2026-01-08 20:21:00,Exit,1
C000182,2026-01-06 07:24:00,Visitor,1
C000182,2026-01-06 07:29:00,Exit,1
C000183,2026-01-11 08:44:00,Visitor,1
C000183,2026-01-11 08:45:00,Exit,1
C000184,2026-01-07 16:22:00,Visitor,1
C000184,2026-01-07 16:25:00,Product View,1
C000184,2026-01-07 16:26:00,Add to Cart,1
C000184,2026-01-07 16:27:00,Exit,1
C000185,2026-01-08 17:58:00,Visitor,1
C000185,2026-01-08 18:01:00,Exit,1
C000186,2026-01-14 19:38:00,Visitor,1
C000186,2026-01-14 19:41:00,Product View,1
C000186,2026-01-14 19:46:00,Exit,1
C000187,2026-01-08 02:43:00,Visitor,1
C000187,2026-01-08 02:44:00,Product View,1
C000187,2026-01-08 02:46:00,Exit,1
C000188,2026-01-07 22:43:00,Visitor,1
C000188,2026-01-07 22:50:00,Product View,1
C000188,2026-01-07 22:55:00,Exit,1
C000189,2026-01-13 17:32:00,Visitor,1
C000189,2026-01-13 17:36:00,Exit,1
C000190,2026-01-14 01:54:00,Visitor,1
C000190,2026-01-14 02:13:00,Product View,1
C000190,2026-01-14 02:14:00,Product View,1
C000190,2026-01-14 02:25:00,Add to Cart,1
C000190,2026-01-14 02:26:00,Product View,1
C000190,2026-01-14 02:27:00,Product View,1
C000190,2026-01-14 02:30:00,Product View,1
C000190,2026-01-14 02:32:00,Exit,1
C000191,2026-01-09 09:29:00,Visitor,1
C000191,2026-01-09 09:32:00,Product View,1
C000191,2026-01-09 09:34:00,Exit,1
C000192,2026-01-03 12:13:00,Visitor,1
C000192,2026-01-03 12:21:00,Product View,1
C000192,2026-01-03 12:25:00,Exit,1
C000193,2026-01-01 20:45:00,Visitor,1
C000193,2026-01-01 20:46:00,Product View,1
C000193,2026-01-01 20:47:00,Add to Cart,1
C000193,2026-01-01 20:54:00,Exit,1
C000194,2026-01-05 10:59:00,Visitor,1
C000194,2026-01-05 11:08:00,Product View,1
C000194,2026-01-05 11:11:00,Exit,1
C000195,2026-01-13 01:24:00,Visitor,1
C000195,2026-01-13 01:25:00,Exit,1
C000196,2026-01-08 19:28:00,Visitor,1
C000196,2026-01-08 19:32:00,Exit,1
C000197,2026-01-13 13:09:00,Visitor,1
C000197,2026-01-13 13:11:00,Product View,1
C000197,2026-01-13 13:24:00,Product View,1
C000197,2026-01-13 13:31:00,Exit,1
C000198,2026-01-06 14:22:00,Visitor,1
C000198,2026-01-06 14:33:00,Exit,1
C000199,2026-01-10 16:58:00,Visitor,1
C000199,2026-01-10 17:04:00,Product View,1
C000199,2026-01-10 17:05:00,Exit,1
C000200,2026-01-03 05:12:00,Visitor,1
C000200,2026-01-03 05:16:00,Product View,1
C000200,2026-01-03 05:20:00,Exit,1
C000201,2026-01-02 10:40:00,Visitor,1
C000201,2026-01-02 10:42:00,Product View,1
C000201,2026-01-02 10:43:00,Exit,1
C000202,2026-01-02 11:41:00,Visitor,1
C000202,2026-01-02 11:46:00,Exit,1
C000203,2026-01-05 10:58:00,Visitor,1
C000203,2026-01-05 11:00:00,Product View,1
C000203,2026-01-05 11:05:00,Product View,1
C000203,2026-01-05 11:09:00,Product View,1
C000203,2026-01-05 11:10:00,Exit,1
C000204,2026-01-12 04:12:00,Visitor,1
C000204,2026-01-12 04:15:00,Exit,1
C000205,2026-01-14 18:57:00,Visitor,1
C000205,2026-01-14 19:02:00,Product View,1
C000205,2026-01-14 19:10:00,Exit,1
C000206,2026-01-01 05:23:00,Visitor,1
C000206,2026-01-01 05:28:00,Exit,1
C000207,2026-01-01 15:40:00,Visitor,1
C000207,2026-01-01 15:42:00,Product View,1
C000207,2026-01-01 15:43:00,Exit,1
C000208,2026-01-11 05:59:00,Visitor,1
C000208,2026-01-11 06:08:00,Product View,1
C000208,2026-01-11 06:09:00,Exit,1
C000209,2026-01-07 09:09:00,Visitor,1
C000209,2026-01-07 09:11:00,Exit,1
C000210,2026-01-07 17:35:00,Visitor,1
C000210,2026-01-07 17:41:00,Product View,1
C000210,2026-01-07 17:42:00,Add to Cart,1
C000210,2026-01-07 17:44:00,Product View,1
C000210,2026-01-07 17:45:00,Exit,1
C000211,2026-01-02 23:44:00,Visitor,1
C000211,2026-01-02 23:45:00,Exit,1
C000212,2026-01-14 06:09:00,Visitor,1
C000212,2026-01-14 06:17:00,Product View,1
C000212,2026-01-14 06:18:00,Add to Cart,1
C000212,2026-01-14 06:25:00,Exit,1
C000213,2026-01-04 03:49:00,Visitor,1
C000213,2026-01-04 03:50:00,Exit,1
C000214,2026-01-12 21:16:00,Visitor,1
C000214,2026-01-12 21:18:00,Product View,1
C000214,2026-01-12 21:19:00,Exit,1
C000215,2026-01-02 13:46:00,Visitor,1
C000215,2026-01-02 13:52:00,Exit,1
C000216,2026-01-03 19:11:00,Visitor,1
C000216,2026-01-03 19:12:00,Product View,1
C000216,2026-01-03 19:15:00,Add to Cart,1
C000216,2026-01-03 19:20:00,Exit,1
C000217,2026-01-10 01:45:00,Visitor,1
C000217,2026-01-10 01:57:00,Product View,1
C000217,2026-01-10 02:05:00,Add to Cart,1
C000217,2026-01-10 02:12:00,Exit,1
C000218,2026-01-11 19:31:00,Visitor,1
C000218,2026-01-11 19:36:00,Product View,1
C000218,2026-01-11 19:38:00,Exit,1
C000219,2026-01-01 11:55:00,Visitor,1
C000219,2026-01-01 12:07:00,Product View,1
C000219,2026-01-01 12:12:00,Exit,1
C000220,2026-01-06 18:56:00,Visitor,1
C000220,2026-01-06 18:58:00,Product View,1
C000220,2026-01-06 19:04:00,Add to Cart,1
C000220,2026-01-06 19:05:00,Exit,1
C000221,2026-01-01 23:11:00,Visitor,1
C000221,2026-01-01 23:14:00,Product View,1
C000221,2026-01-01 23:15:00,Exit,1
C000222,2026-01-09 16:28:00,Visitor,1
C000222,2026-01-09 16:34:00,Exit,1
C000223,2026-01-14 17:51:00,Visitor,1
C000223,2026-01-14 17:58:00,Product View,1
C000223,2026-01-14 18:08:00,Add to Cart,1
C000223,2026-01-14 18:09:00,Exit,1
C000224,2026-01-09 13:06:00,Visitor,1
C000224,2026-01-09 13:11:00,Product View,1
C000224,2026-01-09 13:12:00,Exit,1
C000225,2026-01-09 21:53:00,Visitor,1
C000225,2026-01-09 21:57:00,Product View,1
C000225,2026-01-09 22:14:00,Exit,1
C000226,2026-01-01 07:20:00,Visitor,1
C000226,2026-01-01 07:22:00,Product View,1
C000226,2026-01-01 07:26:00,Exit,1
C000227,2026-01-11 12:24:00,Visitor,1
C000227,2026-01-11 12:31:00,Exit,1
C000228,2026-01-08 10:21:00,Visitor,1
C000228,2026-01-08 10:22:00,Exit,1
C000229,2026-01-12 13:31:00,Visitor,1
C000229,2026-01-12 13:34:00,Product View,1
C000229,2026-01-12 13:36:00,Add to Cart,1
C000229,2026-01-12 13:48:00,Exit,1
C000230,2026-01-01 01:32:00,Visitor,1
C000230,2026-01-01 01:34:00,Product View,1
C000230,2026-01-01 01:35:00,Product View,1
C000230,2026-01-01 01:36:00,Add to Cart,1
C000230,2026-01-01 01:41:00,Exit,1
C000231,2026-01-02 14:33:00,Visitor,1
C000231,2026-01-02 14:38:00,Product View,1
C000231,2026-01-02 14:39:00,Exit,1
C000232,2026-01-11 05:08:00,Visitor,1
C000232,2026-01-11 05:09:00,Exit,1
C000233,2026-01-09 17:11:00,Visitor,1
C000233,2026-01-09 17:17:00,Exit,1
C000234,2026-01-14 19:46:00,Visitor,1
C000234,2026-01-14 19:47:00,Exit,1
C000235,2026-01-04 15:03:00,Visitor,1
C000235,2026-01-04 15:10:00,Product View,1
C000235,2026-01-04 15:11:00,Exit,1
C000236,2026-01-12 09:13:00,Visitor,1
C000236,2026-01-12 09:14:00,Product View,1
C000236,2026-01-12 09:15:00,Add to Cart,1
C000236,2026-01-12 09:16:00,Exit,1
C000237,2026-01-07 13:35:00,Visitor,1
C000237,2026-01-07 13:44:00,Exit,1
C000238,2026-01-05 22:31:00,Visitor,1
C000238,2026-01-05 22:35:00,Product View,1
C000238,2026-01-05 22:37:00,Exit,1
C000239,2026-01-08 08:58:00,Visitor,1
C000239,2026-01-08 08:59:00,Exit,1
C000240,2026-01-03 21:14:00,Visitor,1
C000240,2026-01-03 21:17:00,Product View,1
C000240,2026-01-03 21:23:00,Exit,1
C000241,2026-01-13 23:19:00,Visitor,1
C000241,2026-01-13 23:25:00,Exit,1
C000242,2026-01-14 19:59:00,Visitor,1
C000242,2026-01-14 20:08:00,Product View,1
C000242,2026-01-14 20:11:00,Exit,1
C000243,2026-01-05 01:35:00,Visitor,1
C000243,2026-01-05 01:45:00,Exit,1
C000244,2026-01-06 06:41:00,Visitor,1
C000244,2026-01-06 06:43:00,Exit,1
C000245,2026-01-13 11:02:00,Visitor,1
C000245,2026-01-13 11:06:00,Exit,1
C000246,2026-01-01 02:25:00,Visitor,1
C000246,2026-01-01 02:35:00,Exit,1
C000247,2026-01-07 09:43:00,Visitor,1
C000247,2026-01-07 09:46:00,Product View,1
C000247,2026-01-07 09:47:00,Exit,1
C000248,2026-01-09 21:59:00,Visitor,1
C000248,2026-01-09 22:03:00,Product View,1
C000248,2026-01-09 22:08:00,Exit,1
C000249,2026-01-07 05:16:00,Visitor,1
C000249,2026-01-07 05:30:00,Product View,1
C000249,2026-01-07 05:35:00,Add to Cart,1
C000249,2026-01-07 05:41:00,Purchase,1
C000249,2026-01-07 05:56:00,Repeat Purchase,1
C000249,2026-01-07 05:58:00,Exit,1
C000250,2026-01-03 21:13:00,Visitor,1
C000250,2026-01-03 21:16:00,Product View,1
C000250,2026-01-03 21:17:00,Exit,1
C000251,2026-01-05 19:07:00,Visitor,1
C000251,2026-01-05 19:12:00,Exit,1
C000252,2026-01-06 19:27:00,Visitor,1
C000252,2026-01-06 19:33:00,Product View,1
C000252,2026-01-06 19:36:00,Exit,1
C000253,2026-01-01 23:43:00,Visitor,1
C000253,2026-01-01 23:51:00,Product View,1
C000253,2026-01-01 23:55:00,Exit,1
C000254,2026-01-04 17:13:00,Visitor,1
C000254,2026-01-04 17:17:00,Product View,1
C000254,2026-01-04 17:18:00,Exit,1
C000255,2026-01-07 02:05:00,Visitor,1
C000255,2026-01-07 02:06:00,Product View,1
C000255,2026-01-07 02:10:00,Add to Cart,1
C000255,2026-01-07 02:13:00,Exit,1
C000256,2026-01-02 23:58:00,Visitor,1
C000256,2026-01-03 00:11:00,Product View,1
C000256,2026-01-03 00:20:00,Exit,1
C000257,2026-01-08 14:42:00,Visitor,1
C000257,2026-01-08 14:47:00,Product View,1
C000257,2026-01-08 14:48:00,Add to Cart,1
C000257,2026-01-08 14:53:00,Purchase,1
C000257,2026-01-08 14:58:00,Exit,1
C000258,2026-01-02 20:00:00,Visitor,1
C000258,2026-01-02 20:01:00,Exit,1
C000259,2026-01-06 04:46:00,Visitor,1
C000259,2026-01-06 04:51:00,Product View,1
C000259,2026-01-06 05:03:00,Exit,1
C000260,2026-01-10 17:17:00,Visitor,1
C000260,2026-01-10 17:26:00,Exit,1
C000261,2026-01-08 16:11:00,Visitor,1
C000261,2026-01-08 16:18:00,Product View,1
C000261,2026-01-08 16:22:00,Exit,1
C000262,2026-01-14 20:47:00,Visitor,1
C000262,2026-01-14 20:48:00,Exit,1
C000263,2026-01-12 01:49:00,Visitor,1
C000263,2026-01-12 01:51:00,Exit,1
C000264,2026-01-01 08:24:00,Visitor,1
C000264,2026-01-01 08:31:00,Exit,1
C000265,2026-01-13 08:10:00,Visitor,1
C000265,2026-01-13 08:13:00,Exit,1
C000266,2026-01-14 03:37:00,Visitor,1
C000266,2026-01-14 03:47:00,Product View,1
C000266,2026-01-14 03:49:00,Exit,1
C000267,2026-01-13 10:00:00,Visitor,1
C000267,2026-01-13 10:04:00,Product View,1
C000267,2026-01-13 10:06:00,Product View,1
C000267,2026-01-13 10:09:00,Add to Cart,1
C000267,2026-01-13 10:11:00,Exit,1
C000268,2026-01-09 00:48:00,Visitor,1
C000268,2026-01-09 00:51:00,Product View,1
C000268,2026-01-09 00:55:00,Product View,1
C000268,2026-01-09 01:00:00,Add to Cart,1
C000268,2026-01-09 01:03:00,Exit,1
C000269,2026-01-05 07:47:00,Visitor,1
C000269,2026-01-05 07:57:00,Exit,1
C000270,2026-01-13 11:04:00,Visitor,1
C000270,2026-01-13 11:08:00,Product View,1
C000270,2026-01-13 11:12:00,Exit,1
C000271,2026-01-07 05:45:00,Visitor,1
C000271,2026-01-07 05:58:00,Exit,1
C000272,2026-01-13 20:22:00,Visitor,1
C000272,2026-01-13 20:32:00,Product View,1
C000272,2026-01-13 20:45:00,Product View,1
C000272,2026-01-13 20:47:00,Exit,1
C000273,2026-01-04 20:12:00,Visitor,1
C000273,2026-01-04 20:13:00,Product View,1
C000273,2026-01-04 20:15:00,Exit,1
C000274,2026-01-04 13:26:00,Visitor,1
C000274,2026-01-04 13:30:00,Exit,1
C000275,2026-01-08 15:41:00,Visitor,1
C000275,2026-01-08 15:47:00,Exit,1
C000276,2026-01-01 12:03:00,Visitor,1
C000276,2026-01-01 12:06:00,Exit,1
C000277,2026-01-07 11:09:00,Visitor,1
C000277,2026-01-07 11:10:00,Exit,1
C000278,2026-01-08 16:41:00,Visitor,1
C000278,2026-01-08 16:51:00,Product View,1
C000278,2026-01-08 16:52:00,Exit,1
C000279,2026-01-06 00:43:00,Visitor,1
C000279,2026-01-06 00:48:00,Product View,1
C000279,2026-01-06 00:52:00,Exit,1
C000280,2026-01-06 20:21:00,Visitor,1
C000280,2026-01-06 20:28:00,Product View,1
C000280,2026-01-06 20:29:00,Exit,1
C000281,2026-01-09 09:07:00,Visitor,1
C000281,2026-01-09 09:11:00,Exit,1
C000282,2026-01-11 04:03:00,Visitor,1
C000282,2026-01-11 04:10:00,Product View,1
C000282,2026-01-11 04:15:00,Exit,1
C000283,2026-01-02 18:35:00,Visitor,1
C000283,2026-01-02 18:38:00,Product View,1
C000283,2026-01-02 18:40:00,Add to Cart,1
C000283,2026-01-02 18:43:00,Exit,1
C000284,2026-01-05 16:21:00,Visitor,1
C000284,2026-01-05 16:26:00,Product View,1
C000284,2026-01-05 16:30:00,Exit,1
C000285,2026-01-10 08:13:00,Visitor,1
C000285,2026-01-10 08:14:00,Exit,1
C000286,2026-01-09 01:34:00,Visitor,1
C000286,2026-01-09 01:39:00,Product View,1
C000286,2026-01-09 01:42:00,Exit,1
C000287,2026-01-09 16:10:00,Visitor,1
C000287,2026-01-09 16:11:00,Exit,1
C000288,2026-01-03 03:25:00,Visitor,1
C000288,2026-01-03 03:35:00,Product View,1
C000288,2026-01-03 03:37:00,Exit,1
C000289,2026-01-05 00:35:00,Visitor,1
C000289,2026-01-05 00:37:00,Product View,1
C000289,2026-01-05 00:39:00,Add to Cart,1
C000289,2026-01-05 00:42:00,Product View,1
C000289,2026-01-05 00:49:00,Product View,1
C000289,2026-01-05 00:53:00,Add to Cart,1
C000289,2026-01-05 00:58:00,Exit,1
C000290,2026-01-06 11:57:00,Visitor,1
C000290,2026-01-06 12:02:00,Product View,1
C000290,2026-01-06 12:07:00,Exit,1
C000291,2026-01-01 02:33:00,Visitor,1
C000291,2026-01-01 02:35:00,Product View,1
C000291,2026-01-01 02:36:00,Exit,1
C000292,2026-01-05 12:28:00,Visitor,1
C000292,2026-01-05 12:29:00,Exit,1
C000293,2026-01-10 22:15:00,Visitor,1
C000293,2026-01-10 22:17:00,Product View,1
C000293,2026-01-10 22:20:00,Exit,1
C000294,2026-01-14 12:22:00,Visitor,1
C000294,2026-01-14 12:23:00,Product View,1
C000294,2026-01-14 12:34:00,Exit,1
C000295,2026-01-12 00:56:00,Visitor,1
C000295,2026-01-12 00:57:00,Exit,1
C000296,2026-01-06 17:07:00,Visitor,1
C000296,2026-01-06 17:08:00,Exit,1
C000297,2026-01-12 05:51:00,Visitor,1
C000297,2026-01-12 05:52:00,Exit,1
C000298,2026-01-01 22:49:00,Visitor,1
C000298,2026-01-01 22:51:00,Product View,1
C000298,2026-01-01 22:53:00,Add to Cart,1
C000298,2026-01-01 23:00:00,Exit,1
C000299,2026-01-14 22:25:00,Visitor,1
C000299,2026-01-14 22:28:00,Exit,1
C000300,2026-01-03 21:42:00,Visitor,1
C000300,2026-01-03 21:46:00,Product View,1
C000300,2026-01-03 21:49:00,Add to Cart,1
C000300,2026-01-03 21:53:00,Purchase,1
C000300,2026-01-03 21:58:00,Exit,1
C000301,2026-01-10 13:05:00,Visitor,1
C000301,2026-01-10 13:06:00,Product View,1
C000301,2026-01-10 13:08:00,Exit,1
C000302,2026-01-03 01:26:00,Visitor,1
C000302,2026-01-03 01:28:00,Exit,1
C000303,2026-01-04 17:09:00,Visitor,1
C000303,2026-01-04 17:10:00,Exit,1
C000304,2026-01-06 00:35:00,Visitor,1
C000304,2026-01-06 00:36:00,Exit,1
C000305,2026-01-06 13:51:00,Visitor,1
C000305,2026-01-06 13:54:00,Product View,1
C000305,2026-01-06 13:56:00,Add to Cart,1
C000305,2026-01-06 13:57:00,Product View,1
C000305,2026-01-06 14:11:00,Add to Cart,1
C000305,2026-01-06 14:25:00,Exit,1
C000306,2026-01-12 12:30:00,Visitor,1
C000306,2026-01-12 12:33:00,Product View,1
C000306,2026-01-12 12:38:00,Add to Cart,1
C000306,2026-01-12 12:42:00,Purchase,1
C000306,2026-01-12 12:43:00,Exit,1
C000307,2026-01-03 04:18:00,Visitor,1
C000307,2026-01-03 04:19:00,Product View,1
C000307,2026-01-03 04:25:00,Exit,1
C000308,2026-01-08 14:08:00,Visitor,1
C000308,2026-01-08 14:09:00,Product View,1
C000308,2026-01-08 14:16:00,Product View,1
C000308,2026-01-08 14:17:00,Add to Cart,1
C000308,2026-01-08 14:21:00,Exit,1
C000309,2026-01-04 06:39:00,Visitor,1
C000309,2026-01-04 06:43:00,Exit,1
C000310,2026-01-04 19:35:00,Visitor,1
C000310,2026-01-04 19:38:00,Product View,1
C000310,2026-01-04 19:47:00,Add to Cart,1
C000310,2026-01-04 19:48:00,Purchase,1
C000310,2026-01-04 19:51:00,Exit,1
C000311,2026-01-14 06:36:00,Visitor,1
C000311,2026-01-14 06:50:00,Product View,1
C000311,2026-01-14 06:51:00,Add to Cart,1
C000311,2026-01-14 06:58:00,Purchase,1
C000311,2026-01-14 07:03:00,Exit,1
C000312,2026-01-08 06:04:00,Visitor,1
C000312,2026-01-08 06:05:00,Product View,1
C000312,2026-01-08 06:20:00,Add to Cart,1
C000312,2026-01-08 06:33:00,Exit,1
C000313,2026-01-04 16:34:00,Visitor,1
C000313,2026-01-04 16:39:00,Product View,1
C000313,2026-01-04 16:41:00,Exit,1
C000314,2026-01-05 03:33:00,Visitor,1
C000314,2026-01-05 03:39:00,Product View,1
C000314,2026-01-05 03:41:00,Exit,1
C000315,2026-01-04 05:41:00,Visitor,1
C000315,2026-01-04 05:50:00,Exit,1
C000316,2026-01-09 16:55:00,Visitor,1
C000316,2026-01-09 17:00:00,Product View,1
C000316,2026-01-09 17:02:00,Exit,1
C000317,2026-01-10 17:57:00,Visitor,1
C000317,2026-01-10 18:04:00,Product View,1
C000317,2026-01-10 18:07:00,Exit,1
C000318,2026-01-08 21:07:00,Visitor,1
C000318,2026-01-08 21:16:00,Product View,1
C000318,2026-01-08 21:25:00,Exit,1
C000319,2026-01-05 11:00:00,Visitor,1
C000319,2026-01-05 11:01:00,Product View,1
C000319,2026-01-05 11:07:00,Product View,1
C000319,2026-01-05 11:14:00,Exit,1
C000320,2026-01-03 23:16:00,Visitor,1
C000320,2026-01-03 23:22:00,Exit,1
C000321,2026-01-10 13:35:00,Visitor,1
C000321,2026-01-10 13:41:00,Product View,1
C000321,2026-01-10 13:42:00,Exit,1
C000322,2026-01-11 04:04:00,Visitor,1
C000322,2026-01-11 04:10:00,Exit,1
C000323,2026-01-10 05:46:00,Visitor,1
C000323,2026-01-10 06:00:00,Product View,1
C000323,2026-01-10 06:06:00,Add to Cart,1
C000323,2026-01-10 06:08:00,Exit,1
C000324,2026-01-02 02:48:00,Visitor,1
C000324,2026-01-02 02:50:00,Product View,1
C000324,2026-01-02 03:03:00,Product View,1
C000324,2026-01-02 03:13:00,Exit,1
C000325,2026-01-10 20:35:00,Visitor,1
C000325,2026-01-10 20:51:00,Product View,1
C000325,2026-01-10 20:55:00,Exit,1
C000326,2026-01-12 01:10:00,Visitor,1
C000326,2026-01-12 01:11:00,Product View,1
C000326,2026-01-12 01:12:00,Exit,1
C000327,2026-01-08 13:59:00,Visitor,1
C000327,2026-01-08 14:00:00,Product View,1
C000327,2026-01-08 14:11:00,Add to Cart,1
C000327,2026-01-08 14:14:00,Exit,1
C000328,2026-01-01 23:20:00,Visitor,1
C000328,2026-01-01 23:27:00,Product View,1
C000328,2026-01-01 23:35:00,Exit,1
C000329,2026-01-09 14:17:00,Visitor,1
C000329,2026-01-09 14:18:00,Exit,1
C000330,2026-01-14 07:45:00,Visitor,1
C000330,2026-01-14 07:51:00,Exit,1
C000331,2026-01-12 10:21:00,Visitor,1
C000331,2026-01-12 10:23:00,Exit,1
C000332,2026-01-12 12:17:00,Visitor,1
C000332,2026-01-12 12:22:00,Product View,1
C000332,2026-01-12 12:36:00,Product View,1
C000332,2026-01-12 12:37:00,Exit,1
C000333,2026-01-12 12:21:00,Visitor,1
C000333,2026-01-12 12:25:00,Product View,1
C000333,2026-01-12 12:27:00,Exit,1
C000334,2026-01-03 22:28:00,Visitor,1
C000334,2026-01-03 22:32:00,Product View,1
C000334,2026-01-03 22:35:00,Exit,1
C000335,2026-01-08 09:57:00,Visitor,1
C000335,2026-01-08 09:59:00,Product View,1
C000335,2026-01-08 10:19:00,Exit,1
C000336,2026-01-08 02:31:00,Visitor,1
C000336,2026-01-08 02:36:00,Exit,1
C000337,2026-01-09 09:20:00,Visitor,1
C000337,2026-01-09 09:24:00,Exit,1
C000338,2026-01-11 01:40:00,Visitor,1
C000338,2026-01-11 01:44:00,Product View,1
C000338,2026-01-11 01:52:00,Exit,1
C000339,2026-01-10 21:11:00,Visitor,1
C000339,2026-01-10 21:12:00,Exit,1
C000340,2026-01-02 20:56:00,Visitor,1
C000340,2026-01-02 21:02:00,Exit,1
C000341,2026-01-07 05:55:00,Visitor,1
C000341,2026-01-07 05:56:00,Product View,1
C000341,2026-01-07 06:01:00,Add to Cart,1
C000341,2026-01-07 06:02:00,Exit,1
C000342,2026-01-10 04:37:00,Visitor,1
C000342,2026-01-10 04:42:00,Product View,1
C000342,2026-01-10 04:46:00,Product View,1
C000342,2026-01-10 04:53:00,Add to Cart,1
C000342,2026-01-10 04:57:00,Product View,1
C000342,2026-01-10 05:02:00,Exit,1
C000343,2026-01-08 04:15:00,Visitor,1
C000343,2026-01-08 04:20:00,Product View,1
C000343,2026-01-08 04:23:00,Product View,1
C000343,2026-01-08 04:27:00,Exit,1
C000344,2026-01-12 18:48:00,Visitor,1
C000344,2026-01-12 18:49:00,Exit,1
C000345,2026-01-08 12:11:00,Visitor,1
C000345,2026-01-08 12:16:00,Exit,1
C000346,2026-01-04 18:47:00,Visitor,1
C000346,2026-01-04 18:48:00,Product View,1
C000346,2026-01-04 18:50:00,Exit,1
C000347,2026-01-04 16:58:00,Visitor,1
C000347,2026-01-04 17:04:00,Exit,1
C000348,2026-01-09 21:44:00,Visitor,1
C000348,2026-01-09 21:49:00,Product View,1
C000348,2026-01-09 21:50:00,Exit,1
C000349,2026-01-06 14:13:00,Visitor,1
C000349,2026-01-06 14:19:00,Exit,1
C000350,2026-01-10 15:04:00,Visitor,1
C000350,2026-01-10 15:06:00,Product View,1
C000350,2026-01-10 15:07:00,Add to Cart,1
C000350,2026-01-10 15:15:00,Product View,1
C000350,2026-01-10 15:18:00,Add to Cart,1
C000350,2026-01-10 15:30:00,Purchase,1
C000350,2026-01-10 15:33:00,Exit,1
C000351,2026-01-03 04:28:00,Visitor,1
C000351,2026-01-03 04:31:00,Product View,1
C000351,2026-01-03 04:43:00,Exit,1
C000352,2026-01-04 05:25:00,Visitor,1
C000352,2026-01-04 05:31:00,Product View,1
C000352,2026-01-04 05:34:00,Exit,1
C000353,2026-01-09 03:05:00,Visitor,1
C000353,2026-01-09 03:07:00,Product View,1
C000353,2026-01-09 03:10:00,Add to Cart,1
C000353,2026-01-09 03:13:00,Exit,1
C000354,2026-01-05 23:43:00,Visitor,1
C000354,2026-01-05 23:44:00,Product View,1
C000354,2026-01-05 23:46:00,Add to Cart,1
C000354,2026-01-06 00:01:00,Exit,1
C000355,2026-01-06 09:24:00,Visitor,1
C000355,2026-01-06 09:25:00,Exit,1
C000356,2026-01-13 03:55:00,Visitor,1
C000356,2026-01-13 03:59:00,Product View,1
C000356,2026-01-13 04:01:00,Exit,1
C000357,2026-01-02 00:26:00,Visitor,1
C000357,2026-01-02 00:36:00,Product View,1
C000357,2026-01-02 00:41:00,Product View,1
C000357,2026-01-02 00:45:00,Exit,1
C000358,2026-01-07 20:41:00,Visitor,1
C000358,2026-01-07 20:48:00,Exit,1
C000359,2026-01-14 04:57:00,Visitor,1
C000359,2026-01-14 04:58:00,Exit,1
C000360,2026-01-07 04:23:00,Visitor,1
C000360,2026-01-07 04:25:00,Product View,1
C000360,2026-01-07 04:39:00,Exit,1
C000361,2026-01-13 08:32:00,Visitor,1
C000361,2026-01-13 08:34:00,Product View,1
C000361,2026-01-13 08:42:00,Add to Cart,1
C000361,2026-01-13 08:45:00,Exit,1
C000362,2026-01-13 01:27:00,Visitor,1
C000362,2026-01-13 01:28:00,Exit,1
C000363,2026-01-06 16:16:00,Visitor,1
C000363,2026-01-06 16:18:00,Exit,1
C000364,2026-01-02 00:09:00,Visitor,1
C000364,2026-01-02 00:21:00,Product View,1
C000364,2026-01-02 00:26:00,Exit,1
C000365,2026-01-02 15:47:00,Visitor,1
C000365,2026-01-02 15:53:00,Product View,1
C000365,2026-01-02 16:00:00,Add to Cart,1
C000365,2026-01-02 16:02:00,Purchase,1
C000365,2026-01-02 16:09:00,Exit,1
C000366,2026-01-01 06:20:00,Visitor,1
C000366,2026-01-01 06:22:00,Product View,1
C000366,2026-01-01 06:25:00,Exit,1
C000367,2026-01-08 07:20:00,Visitor,1
C000367,2026-01-08 07:21:00,Exit,1
C000368,2026-01-14 08:39:00,Visitor,1
C000368,2026-01-14 08:45:00,Exit,1
C000369,2026-01-02 23:02:00,Visitor,1
C000369,2026-01-02 23:06:00,Exit,1
C000370,2026-01-04 02:05:00,Visitor,1
C000370,2026-01-04 02:08:00,Product View,1
C000370,2026-01-04 02:09:00,Add to Cart,1
C000370,2026-01-04 02:10:00,Purchase,1
C000370,2026-01-04 02:11:00,Repeat Purchase,1
C000370,2026-01-04 02:17:00,Loyal Customer,1
C000370,2026-01-04 02:19:00,Loyal Customer,1
C000370,2026-01-04 02:20:00,Loyal Customer,1
C000370,2026-01-04 02:23:00,Exit,1
C000371,2026-01-12 19:05:00,Visitor,1
C000371,2026-01-12 19:07:00,Exit,1
C000372,2026-01-03 12:02:00,Visitor,1
C000372,2026-01-03 12:03:00,Exit,1
C000373,2026-01-06 00:27:00,Visitor,1
C000373,2026-01-06 00:28:00,Product View,1
C000373,2026-01-06 00:33:00,Exit,1
C000374,2026-01-11 04:03:00,Visitor,1
C000374,2026-01-11 04:17:00,Exit,1
C000375,2026-01-03 08:11:00,Visitor,1
C000375,2026-01-03 08:13:00,Exit,1
C000376,2026-01-01 12:54:00,Visitor,1
C000376,2026-01-01 13:00:00,Product View,1
C000376,2026-01-01 13:24:00,Add to Cart,1
C000376,2026-01-01 13:29:00,Exit,1
C000377,2026-01-11 04:24:00,Visitor,1
C000377,2026-01-11 04:25:00,Product View,1
C000377,2026-01-11 04:26:00,Exit,1
C000378,2026-01-14 04:34:00,Visitor,1
C000378,2026-01-14 04:42:00,Product View,1
C000378,2026-01-14 04:46:00,Exit,1
C000379,2026-01-03 11:56:00,Visitor,1
C000379,2026-01-03 12:03:00,Product View,1
C000379,2026-01-03 12:05:00,Exit,1
C000380,2026-01-02 21:02:00,Visitor,1
C000380,2026-01-02 21:05:00,Exit,1
C000381,2026-01-05 23:25:00,Visitor,1
C000381,2026-01-05 23:27:00,Product View,1
C000381,2026-01-05 23:29:00,Add to Cart,1
C000381,2026-01-05 23:35:00,Exit,1
C000382,2026-01-09 22:47:00,Visitor,1
C000382,2026-01-09 22:53:00,Product View,1
C000382,2026-01-09 23:01:00,Exit,1
C000383,2026-01-11 02:32:00,Visitor,1
C000383,2026-01-11 02:37:00,Product View,1
C000383,2026-01-11 02:42:00,Add to Cart,1
C000383,2026-01-11 02:43:00,Product View,1
C000383,2026-01-11 02:45:00,Exit,1
C000384,2026-01-08 22:22:00,Visitor,1
C000384,2026-01-08 22:24:00,Product View,1
C000384,2026-01-08 22:25:00,Exit,1
C000385,2026-01-05 02:56:00,Visitor,1
C000385,2026-01-05 03:01:00,Product View,1
C000385,2026-01-05 03:10:00,Exit,1
C000386,2026-01-07 08:34:00,Visitor,1
C000386,2026-01-07 08:44:00,Product View,1
C000386,2026-01-07 08:53:00,Exit,1
C000387,2026-01-11 22:58:00,Visitor,1
C000387,2026-01-11 23:01:00,Product View,1
C000387,2026-01-11 23:09:00,Exit,1
C000388,2026-01-08 02:18:00,Visitor,1
C000388,2026-01-08 02:19:00,Exit,1
C000389,2026-01-04 16:24:00,Visitor,1
C000389,2026-01-04 16:25:00,Product View,1
C000389,2026-01-04 16:26:00,Exit,1
C000390,2026-01-09 18:45:00,Visitor,1
C000390,2026-01-09 18:51:00,Exit,1
C000391,2026-01-09 19:44:00,Visitor,1
C000391,2026-01-09 19:50:00,Exit,1
C000392,2026-01-11 22:56:00,Visitor,1
C000392,2026-01-11 23:05:00,Product View,1
C000392,2026-01-11 23:10:00,Add to Cart,1
C000392,2026-01-11 23:11:00,Exit,1
C000393,2026-01-14 08:32:00,Visitor,1
C000393,2026-01-14 08:34:00,Product View,1
C000393,2026-01-14 08:36:00,Exit,1
C000394,2026-01-11 13:29:00,Visitor,1
C000394,2026-01-11 13:30:00,Product View,1
C000394,2026-01-11 13:39:00,Exit,1
C000395,2026-01-13 13:21:00,Visitor,1
C000395,2026-01-13 13:22:00,Exit,1
C000396,2026-01-07 15:28:00,Visitor,1
C000396,2026-01-07 15:30:00,Exit,1
C000397,2026-01-12 02:10:00,Visitor,1
C000397,2026-01-12 02:18:00,Exit,1
C000398,2026-01-05 04:47:00,Visitor,1
C000398,2026-01-05 04:51:00,Exit,1
C000399,2026-01-01 20:08:00,Visitor,1
C000399,2026-01-01 20:13:00,Exit,1
C000400,2026-01-01 01:23:00,Visitor,1
C000400,2026-01-01 01:24:00,Exit,1
C000401,2026-01-07 14:39:00,Visitor,1
C000401,2026-01-07 14:42:00,Product View,1
C000401,2026-01-07 14:46:00,Exit,1
C000402,2026-01-10 19:28:00,Visitor,1
C000402,2026-01-10 19:40:00,Product View,1
C000402,2026-01-10 19:47:00,Exit,1
C000403,2026-01-03 03:54:00,Visitor,1
C000403,2026-01-03 03:55:00,Product View,1
C000403,2026-01-03 03:58:00,Add to Cart,1
C000403,2026-01-03 04:11:00,Exit,1
C000404,2026-01-02 22:40:00,Visitor,1
C000404,2026-01-02 22:45:00,Product View,1
C000404,2026-01-02 22:47:00,Product View,1
C000404,2026-01-02 22:50:00,Add to Cart,1
C000404,2026-01-02 22:51:00,Product View,1
C000404,2026-01-02 23:06:00,Add to Cart,1
C000404,2026-01-02 23:09:00,Purchase,1
C000404,2026-01-02 23:13:00,Repeat Purchase,1
C000404,2026-01-02 23:14:00,Loyal Customer,1
C000404,2026-01-02 23:15:00,Loyal Customer,1
C000404,2026-01-02 23:16:00,Loyal Customer,1
C000404,2026-01-02 23:17:00,Loyal Customer,1
C000404,2026-01-02 23:24:00,Loyal Customer,1
C000404,2026-01-02 23:26:00,Exit,1
C000405,2026-01-01 09:42:00,Visitor,1
C000405,2026-01-01 09:44:00,Product View,1
C000405,2026-01-01 09:46:00,Exit,1
C000406,2026-01-01 23:20:00,Visitor,1
C000406,2026-01-01 23:23:00,Product View,1
C000406,2026-01-01 23:26:00,Exit,1
C000407,2026-01-11 13:18:00,Visitor,1
C000407,2026-01-11 13:29:00,Product View,1
C000407,2026-01-11 13:31:00,Add to Cart,1
C000407,2026-01-11 13:40:00,Exit,1
C000408,2026-01-13 20:44:00,Visitor,1
C000408,2026-01-13 20:46:00,Exit,1
C000409,2026-01-13 06:27:00,Visitor,1
C000409,2026-01-13 06:28:00,Exit,1
C000410,2026-01-11 13:22:00,Visitor,1
C000410,2026-01-11 13:30:00,Exit,1
C000411,2026-01-01 14:19:00,Visitor,1
C000411,2026-01-01 14:20:00,Exit,1
C000412,2026-01-14 00:35:00,Visitor,1
C000412,2026-01-14 00:36:00,Product View,1
C000412,2026-01-14 00:42:00,Exit,1
C000413,2026-01-01 11:57:00,Visitor,1
C000413,2026-01-01 12:03:00,Product View,1
C000413,2026-01-01 12:08:00,Exit,1
C000414,2026-01-10 01:50:00,Visitor,1
C000414,2026-01-10 01:51:00,Product View,1
C000414,2026-01-10 02:01:00,Exit,1
C000415,2026-01-09 06:27:00,Visitor,1
C000415,2026-01-09 06:32:00,Product View,1
C000415,2026-01-09 06:36:00,Exit,1
C000416,2026-01-03 15:29:00,Visitor,1
C000416,2026-01-03 15:30:00,Product View,1
C000416,2026-01-03 15:32:00,Exit,1
C000417,2026-01-01 22:44:00,Visitor,1
C000417,2026-01-01 22:54:00,Product View,1
C000417,2026-01-01 22:55:00,Exit,1
C000418,2026-01-09 22:23:00,Visitor,1
C000418,2026-01-09 22:31:00,Exit,1
C000419,2026-01-06 10:17:00,Visitor,1
C000419,2026-01-06 10:18:00,Product View,1
C000419,2026-01-06 10:26:00,Exit,1
C000420,2026-01-14 11:33:00,Visitor,1
C000420,2026-01-14 11:36:00,Product View,1
C000420,2026-01-14 11:42:00,Exit,1
C000421,2026-01-07 07:10:00,Visitor,1
C000421,2026-01-07 07:12:00,Product View,1
C000421,2026-01-07 07:17:00,Exit,1
C000422,2026-01-01 23:38:00,Visitor,1
C000422,2026-01-01 23:39:00,Product View,1
C000422,2026-01-01 23:40:00,Exit,1
C000423,2026-01-01 00:46:00,Visitor,1
C000423,2026-01-01 00:47:00,Product View,1
C000423,2026-01-01 00:52:00,Exit,1
C000424,2026-01-11 14:30:00,Visitor,1
C000424,2026-01-11 14:34:00,Exit,1
C000425,2026-01-01 05:04:00,Visitor,1
C000425,2026-01-01 05:12:00,Product View,1
C000425,2026-01-01 05:16:00,Exit,1
C000426,2026-01-04 16:44:00,Visitor,1
C000426,2026-01-04 16:46:00,Exit,1
C000427,2026-01-08 02:10:00,Visitor,1
C000427,2026-01-08 02:11:00,Product View,1
C000427,2026-01-08 02:22:00,Add to Cart,1
C000427,2026-01-08 02:25:00,Purchase,1
C000427,2026-01-08 02:26:00,Exit,1
C000428,2026-01-05 09:36:00,Visitor,1
C000428,2026-01-05 09:38:00,Exit,1
C000429,2026-01-12 04:34:00,Visitor,1
C000429,2026-01-12 04:38:00,Exit,1
C000430,2026-01-12 08:48:00,Visitor,1
C000430,2026-01-12 08:52:00,Product View,1
C000430,2026-01-12 08:53:00,Add to Cart,1
C000430,2026-01-12 08:59:00,Exit,1
C000431,2026-01-05 04:40:00,Visitor,1
C000431,2026-01-05 04:44:00,Product View,1
C000431,2026-01-05 04:52:00,Exit,1
C000432,2026-01-03 02:41:00,Visitor,1
C000432,2026-01-03 02:46:00,Exit,1
C000433,2026-01-10 16:20:00,Visitor,1
C000433,2026-01-10 16:22:00,Product View,1
C000433,2026-01-10 16:26:00,Exit,1
C000434,2026-01-03 00:27:00,Visitor,1
C000434,2026-01-03 01:00:00,Product View,1
C000434,2026-01-03 01:07:00,Add to Cart,1
C000434,2026-01-03 01:14:00,Purchase,1
C000434,2026-01-03 01:16:00,Exit,1
C000435,2026-01-06 23:57:00,Visitor,1
C000435,2026-01-07 00:03:00,Product View,1
C000435,2026-01-07 00:11:00,Add to Cart,1
C000435,2026-01-07 00:21:00,Exit,1
C000436,2026-01-11 20:33:00,Visitor,1
C000436,2026-01-11 20:37:00,Exit,1
C000437,2026-01-12 21:20:00,Visitor,1
C000437,2026-01-12 21:24:00,Exit,1
C000438,2026-01-05 16:55:00,Visitor,1
C000438,2026-01-05 17:04:00,Product View,1
C000438,2026-01-05 17:05:00,Exit,1
C000439,2026-01-03 15:43:00,Visitor,1
C000439,2026-01-03 15:51:00,Product View,1
C000439,2026-01-03 15:53:00,Exit,1
C000440,2026-01-06 10:32:00,Visitor,1
C000440,2026-01-06 10:35:00,Product View,1
C000440,2026-01-06 10:46:00,Exit,1
C000441,2026-01-03 17:16:00,Visitor,1
C000441,2026-01-03 17:32:00,Exit,1
C000442,2026-01-02 18:46:00,Visitor,1
C000442,2026-01-02 18:50:00,Exit,1
C000443,2026-01-13 02:47:00,Visitor,1
C000443,2026-01-13 02:48:00,Exit,1
C000444,2026-01-13 16:16:00,Visitor,1
C000444,2026-01-13 16:25:00,Exit,1
C000445,2026-01-03 05:02:00,Visitor,1
C000445,2026-01-03 05:05:00,Product View,1
C000445,2026-01-03 05:16:00,Exit,1
C000446,2026-01-02 21:28:00,Visitor,1
C000446,2026-01-02 21:37:00,Product View,1
C000446,2026-01-02 21:42:00,Exit,1
C000447,2026-01-05 15:11:00,Visitor,1
C000447,2026-01-05 15:13:00,Exit,1
C000448,2026-01-08 14:34:00,Visitor,1
C000448,2026-01-08 14:39:00,Exit,1
C000449,2026-01-01 07:06:00,Visitor,1
C000449,2026-01-01 07:07:00,Product View,1
C000449,2026-01-01 07:12:00,Add to Cart,1
C000449,2026-01-01 07:13:00,Product View,1
C000449,2026-01-01 07:20:00,Exit,1
C000450,2026-01-09 00:35:00,Visitor,1
C000450,2026-01-09 00:36:00,Exit,1
C000451,2026-01-07 08:33:00,Visitor,1
C000451,2026-01-07 08:36:00,Product View,1
C000451,2026-01-07 08:37:00,Exit,1
C000452,2026-01-03 07:02:00,Visitor,1
C000452,2026-01-03 07:06:00,Exit,1
C000453,2026-01-02 12:18:00,Visitor,1
C000453,2026-01-02 12:20:00,Product View,1
C000453,2026-01-02 12:23:00,Product View,1
C000453,2026-01-02 12:28:00,Exit,1
C000454,2026-01-12 01:01:00,Visitor,1
C000454,2026-01-12 01:06:00,Exit,1
C000455,2026-01-12 01:38:00,Visitor,1
C000455,2026-01-12 01:40:00,Product View,1
C000455,2026-01-12 01:42:00,Add to Cart,1
C000455,2026-01-12 01:46:00,Product View,1
C000455,2026-01-12 01:50:00,Exit,1
C000456,2026-01-14 20:12:00,Visitor,1
C000456,2026-01-14 20:14:00,Exit,1
C000457,2026-01-09 21:30:00,Visitor,1
C000457,2026-01-09 21:33:00,Exit,1
C000458,2026-01-14 09:09:00,Visitor,1
C000458,2026-01-14 09:13:00,Exit,1
C000459,2026-01-04 17:13:00,Visitor,1
C000459,2026-01-04 17:15:00,Product View,1
C000459,2026-01-04 17:17:00,Add to Cart,1
C000459,2026-01-04 17:18:00,Exit,1
C000460,2026-01-11 22:07:00,Visitor,1
C000460,2026-01-11 22:10:00,Product View,1
C000460,2026-01-11 22:11:00,Add to Cart,1
C000460,2026-01-11 22:12:00,Exit,1
C000461,2026-01-12 16:14:00,Visitor,1
C000461,2026-01-12 16:15:00,Product View,1
C000461,2026-01-12 16:21:00,Exit,1
C000462,2026-01-06 05:16:00,Visitor,1
C000462,2026-01-06 05:24:00,Product View,1
C000462,2026-01-06 05:26:00,Product View,1
C000462,2026-01-06 05:28:00,Exit,1
C000463,2026-01-11 00:42:00,Visitor,1
C000463,2026-01-11 00:50:00,Product View,1
C000463,2026-01-11 00:57:00,Add to Cart,1
C000463,2026-01-11 01:00:00,Exit,1
C000464,2026-01-01 05:47:00,Visitor,1
C000464,2026-01-01 05:52:00,Exit,1
C000465,2026-01-01 22:25:00,Visitor,1
C000465,2026-01-01 22:36:00,Product View,1
C000465,2026-01-01 22:41:00,Exit,1
C000466,2026-01-07 20:20:00,Visitor,1
C000466,2026-01-07 20:21:00,Exit,1
C000467,2026-01-08 11:10:00,Visitor,1
C000467,2026-01-08 11:15:00,Exit,1
C000468,2026-01-14 08:20:00,Visitor,1
C000468,2026-01-14 08:25:00,Product View,1
C000468,2026-01-14 08:26:00,Exit,1
C000469,2026-01-06 15:38:00,Visitor,1
C000469,2026-01-06 15:41:00,Product View,1
C000469,2026-01-06 15:42:00,Exit,1
C000470,2026-01-14 02:43:00,Visitor,1
C000470,2026-01-14 02:51:00,Product View,1
C000470,2026-01-14 02:55:00,Add to Cart,1
C000470,2026-01-14 03:01:00,Purchase,1
C000470,2026-01-14 03:10:00,Exit,1
C000471,2026-01-06 23:21:00,Visitor,1
C000471,2026-01-06 23:26:00,Product View,1
C000471,2026-01-06 23:28:00,Exit,1
C000472,2026-01-08 07:06:00,Visitor,1
C000472,2026-01-08 07:12:00,Product View,1
C000472,2026-01-08 07:13:00,Exit,1
C000473,2026-01-12 07:53:00,Visitor,1
C000473,2026-01-12 08:02:00,Product View,1
C000473,2026-01-12 08:04:00,Add to Cart,1
C000473,2026-01-12 08:05:00,Product View,1
C000473,2026-01-12 08:07:00,Exit,1
C000474,2026-01-05 09:45:00,Visitor,1
C000474,2026-01-05 09:55:00,Product View,1
C000474,2026-01-05 10:00:00,Exit,1
C000475,2026-01-14 09:34:00,Visitor,1
C000475,2026-01-14 09:37:00,Product View,1
C000475,2026-01-14 09:41:00,Exit,1
C000476,2026-01-08 10:24:00,Visitor,1
C000476,2026-01-08 10:27:00,Exit,1
C000477,2026-01-06 00:19:00,Visitor,1
C000477,2026-01-06 00:21:00,Product View,1
C000477,2026-01-06 00:22:00,Add to Cart,1
C000477,2026-01-06 00:26:00,Exit,1
C000478,2026-01-10 14:29:00,Visitor,1
C000478,2026-01-10 14:30:00,Product View,1
C000478,2026-01-10 14:32:00,Exit,1
C000479,2026-01-09 00:54:00,Visitor,1
C000479,2026-01-09 00:56:00,Product View,1
C000479,2026-01-09 00:57:00,Add to Cart,1
C000479,2026-01-09 01:02:00,Purchase,1
C000479,2026-01-09 01:10:00,Exit,1
C000480,2026-01-09 10:07:00,Visitor,1
C000480,2026-01-09 10:14:00,Exit,1
C000481,2026-01-08 12:21:00,Visitor,1
C000481,2026-01-08 12:31:00,Product View,1
C000481,2026-01-08 12:43:00,Exit,1
C000482,2026-01-02 12:14:00,Visitor,1
C000482,2026-01-02 12:19:00,Product View,1
C000482,2026-01-02 12:38:00,Exit,1
C000483,2026-01-07 04:55:00,Visitor,1
C000483,2026-01-07 04:59:00,Exit,1
C000484,2026-01-12 21:40:00,Visitor,1
C000484,2026-01-12 21:46:00,Product View,1
C000484,2026-01-12 21:56:00,Exit,1
C000485,2026-01-09 09:58:00,Visitor,1
C000485,2026-01-09 09:59:00,Product View,1
C000485,2026-01-09 10:04:00,Exit,1
C000486,2026-01-12 10:42:00,Visitor,1
C000486,2026-01-12 10:54:00,Exit,1
C000487,2026-01-06 23:53:00,Visitor,1
C000487,2026-01-07 00:02:00,Product View,1
C000487,2026-01-07 00:03:00,Exit,1
C000488,2026-01-01 17:04:00,Visitor,1
C000488,2026-01-01 17:06:00,Product View,1
C000488,2026-01-01 17:09:00,Product View,1
C000488,2026-01-01 17:15:00,Add to Cart,1
C000488,2026-01-01 17:27:00,Purchase,1
C000488,2026-01-01 17:31:00,Exit,1
C000489,2026-01-14 21:17:00,Visitor,1
C000489,2026-01-14 21:18:00,Product View,1
C000489,2026-01-14 21:22:00,Exit,1
C000490,2026-01-06 07:43:00,Visitor,1
C000490,2026-01-06 07:48:00,Exit,1
C000491,2026-01-01 15:10:00,Visitor,1
C000491,2026-01-01 15:18:00,Exit,1
C000492,2026-01-12 11:05:00,Visitor,1
C000492,2026-01-12 11:10:00,Product View,1
C000492,2026-01-12 11:13:00,Exit,1
C000493,2026-01-11 11:10:00,Visitor,1
C000493,2026-01-11 11:21:00,Product View,1
C000493,2026-01-11 11:22:00,Add to Cart,1
C000493,2026-01-11 11:23:00,Product View,1
C000493,2026-01-11 11:29:00,Exit,1
C000494,2026-01-13 01:16:00,Visitor,1
C000494,2026-01-13 01:19:00,Exit,1
C000495,2026-01-02 01:54:00,Visitor,1
C000495,2026-01-02 02:02:00,Product View,1
C000495,2026-01-02 02:04:00,Exit,1
C000496,2026-01-14 00:42:00,Visitor,1
C000496,2026-01-14 00:43:00,Exit,1
C000497,2026-01-08 17:21:00,Visitor,1
C000497,2026-01-08 17:25:00,Exit,1
C000498,2026-01-05 09:35:00,Visitor,1
C000498,2026-01-05 09:46:00,Product View,1
C000498,2026-01-05 09:51:00,Add to Cart,1
C000498,2026-01-05 09:53:00,Purchase,1
C000498,2026-01-05 09:59:00,Exit,1
C000499,2026-01-11 21:36:00,Visitor,1
C000499,2026-01-11 21:39:00,Product View,1
C000499,2026-01-11 21:40:00,Exit,1
C000500,2026-01-04 08:53:00,Visitor,1
C000500,2026-01-04 09:04:00,Product View,1
C000500,2026-01-04 09:05:00,Exit,1
C000501,2026-01-13 06:48:00,Visitor,1
C000501,2026-01-13 06:49:00,Exit,1
C000502,2026-01-14 02:34:00,Visitor,1
C000502,2026-01-14 02:38:00,Exit,1
C000503,2026-01-14 16:17:00,Visitor,1
C000503,2026-01-14 16:19:00,Exit,1
C000504,2026-01-05 17:03:00,Visitor,1
C000504,2026-01-05 17:13:00,Exit,1
C000505,2026-01-10 12:19:00,Visitor,1
C000505,2026-01-10 12:22:00,Product View,1
C000505,2026-01-10 12:23:00,Add to Cart,1
C000505,2026-01-10 12:24:00,Product View,1
C000505,2026-01-10 12:26:00,Exit,1
C000506,2026-01-13 03:04:00,Visitor,1
C000506,2026-01-13 03:08:00,Exit,1
C000507,2026-01-05 02:11:00,Visitor,1
C000507,2026-01-05 02:13:00,Exit,1
C000508,2026-01-12 06:46:00,Visitor,1
C000508,2026-01-12 06:54:00,Exit,1
C000509,2026-01-05 20:13:00,Visitor,1
C000509,2026-01-05 20:16:00,Exit,1
C000510,2026-01-02 19:44:00,Visitor,1
C000510,2026-01-02 19:45:00,Product View,1
C000510,2026-01-02 19:53:00,Add to Cart,1
C000510,2026-01-02 19:54:00,Purchase,1
C000510,2026-01-02 20:06:00,Repeat Purchase,1
C000510,2026-01-02 20:09:00,Exit,1
C000511,2026-01-08 07:35:00,Visitor,1
C000511,2026-01-08 07:41:00,Exit,1
C000512,2026-01-10 03:02:00,Visitor,1
C000512,2026-01-10 03:05:00,Product View,1
C000512,2026-01-10 03:07:00,Product View,1
C000512,2026-01-10 03:09:00,Exit,1
C000513,2026-01-05 08:56:00,Visitor,1
C000513,2026-01-05 08:57:00,Product View,1
C000513,2026-01-05 09:03:00,Add to Cart,1
C000513,2026-01-05 09:04:00,Purchase,1
C000513,2026-01-05 09:07:00,Repeat Purchase,1
C000513,2026-01-05 09:08:00,Exit,1
C000514,2026-01-04 11:37:00,Visitor,1
C000514,2026-01-04 11:42:00,Exit,1
C000515,2026-01-09 04:12:00,Visitor,1
C000515,2026-01-09 04:14:00,Product View,1
C000515,2026-01-09 04:19:00,Add to Cart,1
C000515,2026-01-09 04:20:00,Exit,1
C000516,2026-01-14 15:58:00,Visitor,1
C000516,2026-01-14 16:01:00,Exit,1
C000517,2026-01-08 21:20:00,Visitor,1
C000517,2026-01-08 21:21:00,Product View,1
C000517,2026-01-08 21:24:00,Add to Cart,1
C000517,2026-01-08 21:25:00,Exit,1
C000518,2026-01-02 08:16:00,Visitor,1
C000518,2026-01-02 08:17:00,Exit,1
C000519,2026-01-09 16:03:00,Visitor,1
C000519,2026-01-09 16:08:00,Exit,1
C000520,2026-01-11 20:36:00,Visitor,1
C000520,2026-01-11 20:39:00,Product View,1
C000520,2026-01-11 20:41:00,Exit,1
C000521,2026-01-09 23:01:00,Visitor,1
C000521,2026-01-09 23:07:00,Exit,1
C000522,2026-01-11 05:00:00,Visitor,1
C000522,2026-01-11 05:01:00,Product View,1
C000522,2026-01-11 05:03:00,Exit,1
C000523,2026-01-02 08:28:00,Visitor,1
C000523,2026-01-02 08:29:00,Product View,1
C000523,2026-01-02 08:30:00,Exit,1
C000524,2026-01-01 16:11:00,Visitor,1
C000524,2026-01-01 16:14:00,Exit,1
C000525,2026-01-01 16:02:00,Visitor,1
C000525,2026-01-01 16:05:00,Product View,1
C000525,2026-01-01 16:15:00,Add to Cart,1
C000525,2026-01-01 16:22:00,Product View,1
C000525,2026-01-01 16:29:00,Add to Cart,1
C000525,2026-01-01 16:37:00,Exit,1
C000526,2026-01-07 03:23:00,Visitor,1
C000526,2026-01-07 03:30:00,Exit,1
C000527,2026-01-09 00:48:00,Visitor,1
C000527,2026-01-09 00:51:00,Product View,1
C000527,2026-01-09 00:54:00,Add to Cart,1
C000527,2026-01-09 01:08:00,Purchase,1
C000527,2026-01-09 01:21:00,Exit,1
C000528,2026-01-11 10:09:00,Visitor,1
C000528,2026-01-11 10:14:00,Exit,1
C000529,2026-01-12 22:01:00,Visitor,1
C000529,2026-01-12 22:06:00,Exit,1
C000530,2026-01-05 07:06:00,Visitor,1
C000530,2026-01-05 07:17:00,Product View,1
C000530,2026-01-05 07:34:00,Exit,1
C000531,2026-01-03 17:51:00,Visitor,1
C000531,2026-01-03 17:52:00,Exit,1
C000532,2026-01-01 11:52:00,Visitor,1
C000532,2026-01-01 11:54:00,Product View,1
C000532,2026-01-01 11:56:00,Exit,1
C000533,2026-01-09 13:04:00,Visitor,1
C000533,2026-01-09 13:11:00,Product View,1
C000533,2026-01-09 13:14:00,Add to Cart,1
C000533,2026-01-09 13:16:00,Exit,1
C000534,2026-01-02 14:38:00,Visitor,1
C000534,2026-01-02 14:43:00,Exit,1
C000535,2026-01-06 06:14:00,Visitor,1
C000535,2026-01-06 06:21:00,Product View,1
C000535,2026-01-06 06:25:00,Exit,1
C000536,2026-01-04 23:17:00,Visitor,1
C000536,2026-01-04 23:27:00,Exit,1
C000537,2026-01-08 09:16:00,Visitor,1
C000537,2026-01-08 09:20:00,Product View,1
C000537,2026-01-08 09:24:00,Exit,1
C000538,2026-01-02 19:40:00,Visitor,1
C000538,2026-01-02 19:43:00,Product View,1
C000538,2026-01-02 19:47:00,Product View,1
C000538,2026-01-02 19:53:00,Exit,1
C000539,2026-01-02 23:09:00,Visitor,1
C000539,2026-01-02 23:10:00,Exit,1
C000540,2026-01-07 06:26:00,Visitor,1
C000540,2026-01-07 06:39:00,Product View,1
C000540,2026-01-07 06:40:00,Add to Cart,1
C000540,2026-01-07 06:44:00,Exit,1
C000541,2026-01-02 20:33:00,Visitor,1
C000541,2026-01-02 20:35:00,Exit,1
C000542,2026-01-11 09:08:00,Visitor,1
C000542,2026-01-11 09:12:00,Exit,1
C000543,2026-01-09 03:58:00,Visitor,1
C000543,2026-01-09 04:07:00,Product View,1
C000543,2026-01-09 04:08:00,Exit,1
C000544,2026-01-10 20:14:00,Visitor,1
C000544,2026-01-10 20:26:00,Product View,1
C000544,2026-01-10 20:32:00,Product View,1
C000544,2026-01-10 20:34:00,Exit,1
C000545,2026-01-13 00:48:00,Visitor,1
C000545,2026-01-13 01:00:00,Product View,1
C000545,2026-01-13 01:12:00,Exit,1
C000546,2026-01-10 03:08:00,Visitor,1
C000546,2026-01-10 03:09:00,Exit,1
C000547,2026-01-06 15:37:00,Visitor,1
C000547,2026-01-06 15:38:00,Product View,1
C000547,2026-01-06 15:39:00,Exit,1
C000548,2026-01-11 20:24:00,Visitor,1
C000548,2026-01-11 20:26:00,Product View,1
C000548,2026-01-11 20:32:00,Exit,1
C000549,2026-01-10 18:55:00,Visitor,1
C000549,2026-01-10 18:59:00,Product View,1
C000549,2026-01-10 19:04:00,Exit,1
C000550,2026-01-13 07:38:00,Visitor,1
C000550,2026-01-13 07:47:00,Product View,1
C000550,2026-01-13 07:48:00,Exit,1
C000551,2026-01-01 13:04:00,Visitor,1
C000551,2026-01-01 13:14:00,Product View,1
C000551,2026-01-01 13:17:00,Add to Cart,1
C000551,2026-01-01 13:21:00,Purchase,1
C000551,2026-01-01 13:23:00,Exit,1
C000552,2026-01-07 09:17:00,Visitor,1
C000552,2026-01-07 09:24:00,Exit,1
C000553,2026-01-11 12:55:00,Visitor,1
C000553,2026-01-11 12:59:00,Product View,1
C000553,2026-01-11 13:05:00,Exit,1
C000554,2026-01-14 07:50:00,Visitor,1
C000554,2026-01-14 07:53:00,Exit,1
C000555,2026-01-13 05:42:00,Visitor,1
C000555,2026-01-13 05:44:00,Product View,1
C000555,2026-01-13 05:54:00,Add to Cart,1
C000555,2026-01-13 06:01:00,Exit,1
C000556,2026-01-05 01:57:00,Visitor,1
C000556,2026-01-05 02:02:00,Product View,1
C000556,2026-01-05 02:05:00,Exit,1
C000557,2026-01-12 10:36:00,Visitor,1
C000557,2026-01-12 10:39:00,Exit,1
C000558,2026-01-06 10:57:00,Visitor,1
C000558,2026-01-06 10:59:00,Product View,1
C000558,2026-01-06 11:00:00,Exit,1
C000559,2026-01-06 23:03:00,Visitor,1
C000559,2026-01-06 23:05:00,Product View,1
C000559,2026-01-06 23:06:00,Exit,1
C000560,2026-01-09 00:37:00,Visitor,1
C000560,2026-01-09 00:38:00,Product View,1
C000560,2026-01-09 00:39:00,Product View,1
C000560,2026-01-09 00:48:00,Exit,1
C000561,2026-01-13 14:19:00,Visitor,1
C000561,2026-01-13 14:26:00,Product View,1
C000561,2026-01-13 14:37:00,Product View,1
C000561,2026-01-13 14:41:00,Exit,1
C000562,2026-01-09 20:57:00,Visitor,1
C000562,2026-01-09 21:04:00,Exit,1
C000563,2026-01-07 13:31:00,Visitor,1
C000563,2026-01-07 13:38:00,Exit,1
C000564,2026-01-14 09:48:00,Visitor,1
C000564,2026-01-14 10:00:00,Product View,1
C000564,2026-01-14 10:01:00,Exit,1
C000565,2026-01-09 05:50:00,Visitor,1
C000565,2026-01-09 05:52:00,Exit,1
C000566,2026-01-09 21:04:00,Visitor,1
C000566,2026-01-09 21:12:00,Exit,1
C000567,2026-01-07 15:02:00,Visitor,1
C000567,2026-01-07 15:03:00,Product View,1
C000567,2026-01-07 15:06:00,Add to Cart,1
C000567,2026-01-07 15:12:00,Purchase,1
C000567,2026-01-07 15:15:00,Exit,1
C000568,2026-01-13 16:54:00,Visitor,1
C000568,2026-01-13 17:00:00,Product View,1
C000568,2026-01-13 17:03:00,Exit,1
C000569,2026-01-06 21:32:00,Visitor,1
C000569,2026-01-06 21:35:00,Product View,1
C000569,2026-01-06 21:44:00,Exit,1
C000570,2026-01-10 09:46:00,Visitor,1
C000570,2026-01-10 09:48:00,Product View,1
C000570,2026-01-10 09:52:00,Exit,1
C000571,2026-01-14 06:54:00,Visitor,1
C000571,2026-01-14 06:56:00,Product View,1
C000571,2026-01-14 07:02:00,Add to Cart,1
C000571,2026-01-14 07:20:00,Exit,1
C000572,2026-01-09 14:32:00,Visitor,1
C000572,2026-01-09 14:36:00,Product View,1
C000572,2026-01-09 14:41:00,Exit,1
C000573,2026-01-01 17:33:00,Visitor,1
C000573,2026-01-01 17:42:00,Product View,1
C000573,2026-01-01 17:46:00,Exit,1
C000574,2026-01-13 15:48:00,Visitor,1
C000574,2026-01-13 15:59:00,Product View,1
C000574,2026-01-13 16:15:00,Exit,1
C000575,2026-01-01 06:12:00,Visitor,1
C000575,2026-01-01 06:22:00,Product View,1
C000575,2026-01-01 06:25:00,Add to Cart,1
C000575,2026-01-01 06:26:00,Purchase,1
C000575,2026-01-01 06:27:00,Exit,1
C000576,2026-01-13 02:14:00,Visitor,1
C000576,2026-01-13 02:16:00,Exit,1
C000577,2026-01-10 15:24:00,Visitor,1
C000577,2026-01-10 15:29:00,Exit,1
C000578,2026-01-08 00:28:00,Visitor,1
C000578,2026-01-08 00:36:00,Exit,1
C000579,2026-01-03 11:50:00,Visitor,1
C000579,2026-01-03 11:54:00,Product View,1
C000579,2026-01-03 12:01:00,Exit,1
C000580,2026-01-09 12:14:00,Visitor,1
C000580,2026-01-09 12:15:00,Product View,1
C000580,2026-01-09 12:22:00,Add to Cart,1
C000580,2026-01-09 12:23:00,Exit,1
C000581,2026-01-08 21:05:00,Visitor,1
C000581,2026-01-08 21:09:00,Product View,1
C000581,2026-01-08 21:10:00,Exit,1
C000582,2026-01-09 16:44:00,Visitor,1
C000582,2026-01-09 16:47:00,Product View,1
C000582,2026-01-09 16:49:00,Exit,1
C000583,2026-01-13 09:28:00,Visitor,1
C000583,2026-01-13 09:29:00,Product View,1
C000583,2026-01-13 09:33:00,Exit,1
C000584,2026-01-07 03:58:00,Visitor,1
C000584,2026-01-07 03:59:00,Product View,1
C000584,2026-01-07 04:10:00,Add to Cart,1
C000584,2026-01-07 04:18:00,Purchase,1
C000584,2026-01-07 04:20:00,Exit,1
C000585,2026-01-12 01:55:00,Visitor,1
C000585,2026-01-12 01:56:00,Product View,1
C000585,2026-01-12 02:00:00,Exit,1
C000586,2026-01-05 15:44:00,Visitor,1
C000586,2026-01-05 15:49:00,Product View,1
C000586,2026-01-05 15:50:00,Exit,1
C000587,2026-01-03 11:28:00,Visitor,1
C000587,2026-01-03 11:33:00,Product View,1
C000587,2026-01-03 11:35:00,Add to Cart,1
C000587,2026-01-03 11:37:00,Purchase,1
C000587,2026-01-03 11:40:00,Exit,1
C000588,2026-01-10 03:41:00,Visitor,1
C000588,2026-01-10 03:46:00,Product View,1
C000588,2026-01-10 03:49:00,Add to Cart,1
C000588,2026-01-10 03:51:00,Exit,1
C000589,2026-01-08 07:58:00,Visitor,1
C000589,2026-01-08 08:02:00,Product View,1
C000589,2026-01-08 08:11:00,Exit,1
C000590,2026-01-10 11:10:00,Visitor,1
C000590,2026-01-10 11:11:00,Product View,1
C000590,2026-01-10 11:13:00,Exit,1
C000591,2026-01-10 22:17:00,Visitor,1
C000591,2026-01-10 22:20:00,Exit,1
C000592,2026-01-14 05:56:00,Visitor,1
C000592,2026-01-14 06:08:00,Product View,1
C000592,2026-01-14 06:10:00,Exit,1
C000593,2026-01-13 20:57:00,Visitor,1
C000593,2026-01-13 21:02:00,Product View,1
C000593,2026-01-13 21:03:00,Exit,1
C000594,2026-01-05 14:14:00,Visitor,1
C000594,2026-01-05 14:20:00,Exit,1
C000595,2026-01-06 23:19:00,Visitor,1
C000595,2026-01-06 23:25:00,Exit,1
C000596,2026-01-01 07:00:00,Visitor,1
C000596,2026-01-01 07:02:00,Product View,1
C000596,2026-01-01 07:11:00,Exit,1
C000597,2026-01-05 23:45:00,Visitor,1
C000597,2026-01-05 23:47:00,Exit,1
C000598,2026-01-08 13:58:00,Visitor,1
C000598,2026-01-08 14:04:00,Product View,1
C000598,2026-01-08 14:09:00,Exit,1
C000599,2026-01-02 01:07:00,Visitor,1
C000599,2026-01-02 01:11:00,Product View,1
C000599,2026-01-02 01:12:00,Product View,1
C000599,2026-01-02 01:14:00,Exit,1
C000600,2026-01-11 09:02:00,Visitor,1
C000600,2026-01-11 09:04:00,Exit,1
C000601,2026-01-13 12:48:00,Visitor,1
C000601,2026-01-13 12:57:00,Exit,1
C000602,2026-01-05 18:53:00,Visitor,1
C000602,2026-01-05 18:55:00,Product View,1
C000602,2026-01-05 18:57:00,Exit,1
C000603,2026-01-06 13:23:00,Visitor,1
C000603,2026-01-06 13:29:00,Exit,1
C000604,2026-01-07 14:42:00,Visitor,1
C000604,2026-01-07 14:54:00,Product View,1
C000604,2026-01-07 14:57:00,Exit,1
C000605,2026-01-03 03:28:00,Visitor,1
C000605,2026-01-03 03:31:00,Exit,1
C000606,2026-01-10 10:24:00,Visitor,1
C000606,2026-01-10 10:28:00,Product View,1
C000606,2026-01-10 10:39:00,Exit,1
C000607,2026-01-07 04:58:00,Visitor,1
C000607,2026-01-07 05:01:00,Product View,1
C000607,2026-01-07 05:09:00,Exit,1
C000608,2026-01-10 19:37:00,Visitor,1
C000608,2026-01-10 19:38:00,Product View,1
C000608,2026-01-10 19:43:00,Exit,1
C000609,2026-01-07 21:17:00,Visitor,1
C000609,2026-01-07 21:28:00,Product View,1
C000609,2026-01-07 21:29:00,Exit,1
C000610,2026-01-11 08:53:00,Visitor,1
C000610,2026-01-11 08:54:00,Product View,1
C000610,2026-01-11 08:58:00,Exit,1
C000611,2026-01-08 11:21:00,Visitor,1
C000611,2026-01-08 11:26:00,Product View,1
C000611,2026-01-08 11:27:00,Exit,1
C000612,2026-01-04 17:47:00,Visitor,1
C000612,2026-01-04 17:48:00,Product View,1
C000612,2026-01-04 17:51:00,Exit,1
C000613,2026-01-04 05:02:00,Visitor,1
C000613,2026-01-04 05:15:00,Exit,1
C000614,2026-01-13 12:01:00,Visitor,1
C000614,2026-01-13 12:03:00,Product View,1
C000614,2026-01-13 12:07:00,Exit,1
C000615,2026-01-08 11:39:00,Visitor,1
C000615,2026-01-08 11:44:00,Product View,1
C000615,2026-01-08 11:46:00,Product View,1
C000615,2026-01-08 11:50:00,Exit,1
C000616,2026-01-07 15:45:00,Visitor,1
C000616,2026-01-07 15:46:00,Exit,1
C000617,2026-01-13 14:55:00,Visitor,1
C000617,2026-01-13 15:01:00,Product View,1
C000617,2026-01-13 15:08:00,Add to Cart,1
C000617,2026-01-13 15:09:00,Exit,1
C000618,2026-01-10 16:46:00,Visitor,1
C000618,2026-01-10 16:50:00,Exit,1
C000619,2026-01-05 13:19:00,Visitor,1
C000619,2026-01-05 13:22:00,Product View,1
C000619,2026-01-05 13:27:00,Add to Cart,1
C000619,2026-01-05 13:29:00,Exit,1
C000620,2026-01-14 10:33:00,Visitor,1
C000620,2026-01-14 10:34:00,Product View,1
C000620,2026-01-14 10:37:00,Add to Cart,1
C000620,2026-01-14 10:38:00,Purchase,1
C000620,2026-01-14 10:39:00,Repeat Purchase,1
C000620,2026-01-14 10:45:00,Exit,1
C000621,2026-01-08 07:39:00,Visitor,1
C000621,2026-01-08 07:40:00,Product View,1
C000621,2026-01-08 07:44:00,Add to Cart,1
C000621,2026-01-08 07:45:00,Purchase,1
C000621,2026-01-08 07:47:00,Exit,1
C000622,2026-01-04 12:31:00,Visitor,1
C000622,2026-01-04 12:32:00,Exit,1
C000623,2026-01-04 17:37:00,Visitor,1
C000623,2026-01-04 17:38:00,Exit,1
C000624,2026-01-07 21:01:00,Visitor,1
C000624,2026-01-07 21:06:00,Exit,1
C000625,2026-01-14 04:37:00,Visitor,1
C000625,2026-01-14 04:39:00,Exit,1
C000626,2026-01-08 02:43:00,Visitor,1
C000626,2026-01-08 02:46:00,Product View,1
C000626,2026-01-08 02:49:00,Product View,1
C000626,2026-01-08 02:56:00,Add to Cart,1
C000626,2026-01-08 02:59:00,Product View,1
C000626,2026-01-08 03:05:00,Exit,1
C000627,2026-01-02 18:11:00,Visitor,1
C000627,2026-01-02 18:19:00,Exit,1
C000628,2026-01-07 06:12:00,Visitor,1
C000628,2026-01-07 06:21:00,Exit,1
C000629,2026-01-04 20:17:00,Visitor,1
C000629,2026-01-04 20:22:00,Product View,1
C000629,2026-01-04 20:27:00,Exit,1
C000630,2026-01-12 06:56:00,Visitor,1
C000630,2026-01-12 06:59:00,Exit,1
C000631,2026-01-07 06:03:00,Visitor,1
C000631,2026-01-07 06:06:00,Product View,1
C000631,2026-01-07 06:15:00,Exit,1
C000632,2026-01-01 04:05:00,Visitor,1
C000632,2026-01-01 04:09:00,Product View,1
C000632,2026-01-01 04:14:00,Exit,1
C000633,2026-01-04 06:07:00,Visitor,1
C000633,2026-01-04 06:12:00,Product View,1
C000633,2026-01-04 06:16:00,Add to Cart,1
C000633,2026-01-04 06:18:00,Purchase,1
C000633,2026-01-04 06:19:00,Exit,1
C000634,2026-01-02 15:21:00,Visitor,1
C000634,2026-01-02 15:25:00,Exit,1
C000635,2026-01-07 07:56:00,Visitor,1
C000635,2026-01-07 07:58:00,Exit,1
C000636,2026-01-10 02:58:00,Visitor,1
C000636,2026-01-10 03:04:00,Product View,1
C000636,2026-01-10 03:06:00,Exit,1
C000637,2026-01-04 08:30:00,Visitor,1
C000637,2026-01-04 08:39:00,Product View,1
C000637,2026-01-04 08:41:00,Add to Cart,1
C000637,2026-01-04 08:50:00,Product View,1
C000637,2026-01-04 08:54:00,Exit,1
C000638,2026-01-13 16:53:00,Visitor,1
C000638,2026-01-13 16:57:00,Product View,1
C000638,2026-01-13 16:59:00,Add to Cart,1
C000638,2026-01-13 17:11:00,Purchase,1
C000638,2026-01-13 17:15:00,Exit,1
C000639,2026-01-11 14:58:00,Visitor,1
C000639,2026-01-11 14:59:00,Product View,1
C000639,2026-01-11 15:04:00,Exit,1
C000640,2026-01-07 01:53:00,Visitor,1
C000640,2026-01-07 01:57:00,Product View,1
C000640,2026-01-07 02:03:00,Exit,1
C000641,2026-01-13 13:29:00,Visitor,1
C000641,2026-01-13 13:34:00,Product View,1
C000641,2026-01-13 13:35:00,Exit,1
C000642,2026-01-01 07:18:00,Visitor,1
C000642,2026-01-01 07:28:00,Exit,1
C000643,2026-01-10 11:30:00,Visitor,1
C000643,2026-01-10 11:34:00,Product View,1
C000643,2026-01-10 11:42:00,Add to Cart,1
C000643,2026-01-10 12:05:00,Exit,1
C000644,2026-01-12 02:10:00,Visitor,1
C000644,2026-01-12 02:12:00,Product View,1
C000644,2026-01-12 02:18:00,Product View,1
C000644,2026-01-12 02:22:00,Add to Cart,1
C000644,2026-01-12 02:23:00,Purchase,1
C000644,2026-01-12 02:30:00,Exit,1
C000645,2026-01-14 18:10:00,Visitor,1
C000645,2026-01-14 18:15:00,Product View,1
C000645,2026-01-14 18:19:00,Add to Cart,1
C000645,2026-01-14 18:27:00,Exit,1
C000646,2026-01-08 05:21:00,Visitor,1
C000646,2026-01-08 05:22:00,Product View,1
C000646,2026-01-08 05:25:00,Exit,1
C000647,2026-01-09 16:34:00,Visitor,1
C000647,2026-01-09 16:36:00,Product View,1
C000647,2026-01-09 16:38:00,Add to Cart,1
C000647,2026-01-09 16:43:00,Product View,1
C000647,2026-01-09 16:48:00,Exit,1
C000648,2026-01-08 05:27:00,Visitor,1
C000648,2026-01-08 05:39:00,Exit,1
C000649,2026-01-03 19:03:00,Visitor,1
C000649,2026-01-03 19:13:00,Product View,1
C000649,2026-01-03 19:16:00,Add to Cart,1
C000649,2026-01-03 19:20:00,Exit,1
C000650,2026-01-04 22:59:00,Visitor,1
C000650,2026-01-04 23:01:00,Exit,1
C000651,2026-01-03 13:39:00,Visitor,1
C000651,2026-01-03 13:47:00,Product View,1
C000651,2026-01-03 14:07:00,Product View,1
C000651,2026-01-03 14:24:00,Exit,1
C000652,2026-01-08 15:49:00,Visitor,1
C000652,2026-01-08 15:50:00,Exit,1
C000653,2026-01-09 14:15:00,Visitor,1
C000653,2026-01-09 14:17:00,Exit,1
C000654,2026-01-07 13:44:00,Visitor,1
C000654,2026-01-07 13:47:00,Product View,1
C000654,2026-01-07 13:50:00,Add to Cart,1
C000654,2026-01-07 13:56:00,Exit,1
C000655,2026-01-08 09:18:00,Visitor,1
C000655,2026-01-08 09:25:00,Exit,1
C000656,2026-01-10 15:48:00,Visitor,1
C000656,2026-01-10 15:49:00,Product View,1
C000656,2026-01-10 15:52:00,Exit,1
C000657,2026-01-02 22:30:00,Visitor,1
C000657,2026-01-02 22:36:00,Product View,1
C000657,2026-01-02 22:38:00,Add to Cart,1
C000657,2026-01-02 22:41:00,Purchase,1
C000657,2026-01-02 22:53:00,Exit,1
C000658,2026-01-05 19:48:00,Visitor,1
C000658,2026-01-05 19:49:00,Exit,1
C000659,2026-01-13 00:51:00,Visitor,1
C000659,2026-01-13 00:54:00,Product View,1
C000659,2026-01-13 00:58:00,Add to Cart,1
C000659,2026-01-13 00:59:00,Purchase,1
C000659,2026-01-13 01:03:00,Repeat Purchase,1
C000659,2026-01-13 01:05:00,Exit,1
C000660,2026-01-07 03:26:00,Visitor,1
C000660,2026-01-07 03:33:00,Exit,1
C000661,2026-01-06 07:22:00,Visitor,1
C000661,2026-01-06 07:25:00,Exit,1
C000662,2026-01-10 19:48:00,Visitor,1
C000662,2026-01-10 19:50:00,Product View,1
C000662,2026-01-10 19:51:00,Exit,1
C000663,2026-01-05 22:36:00,Visitor,1
C000663,2026-01-05 22:52:00,Product View,1
C000663,2026-01-05 22:53:00,Add to Cart,1
C000663,2026-01-05 22:59:00,Exit,1
C000664,2026-01-12 18:29:00,Visitor,1
C000664,2026-01-12 18:31:00,Exit,1
C000665,2026-01-07 12:58:00,Visitor,1
C000665,2026-01-07 13:02:00,Exit,1
C000666,2026-01-13 21:27:00,Visitor,1
C000666,2026-01-13 21:29:00,Exit,1
C000667,2026-01-10 20:55:00,Visitor,1
C000667,2026-01-10 20:56:00,Product View,1
C000667,2026-01-10 21:01:00,Product View,1
C000667,2026-01-10 21:03:00,Exit,1
C000668,2026-01-01 00:56:00,Visitor,1
C000668,2026-01-01 00:58:00,Product View,1
C000668,2026-01-01 01:05:00,Exit,1
C000669,2026-01-06 02:44:00,Visitor,1
C000669,2026-01-06 02:45:00,Exit,1
C000670,2026-01-01 16:53:00,Visitor,1
C000670,2026-01-01 16:54:00,Product View,1
C000670,2026-01-01 16:57:00,Exit,1
C000671,2026-01-06 02:45:00,Visitor,1
C000671,2026-01-06 02:46:00,Product View,1
C000671,2026-01-06 02:52:00,Exit,1
C000672,2026-01-13 16:30:00,Visitor,1
C000672,2026-01-13 16:41:00,Product View,1
C000672,2026-01-13 16:52:00,Add to Cart,1
C000672,2026-01-13 16:56:00,Exit,1
C000673,2026-01-10 14:04:00,Visitor,1
C000673,2026-01-10 14:06:00,Product View,1
C000673,2026-01-10 14:10:00,Exit,1
C000674,2026-01-04 16:56:00,Visitor,1
C000674,2026-01-04 16:57:00,Exit,1
C000675,2026-01-12 22:14:00,Visitor,1
C000675,2026-01-12 22:26:00,Exit,1
C000676,2026-01-12 02:16:00,Visitor,1
C000676,2026-01-12 02:18:00,Exit,1
C000677,2026-01-03 15:43:00,Visitor,1
C000677,2026-01-03 15:47:00,Exit,1
C000678,2026-01-01 06:42:00,Visitor,1
C000678,2026-01-01 06:45:00,Exit,1
C000679,2026-01-04 12:05:00,Visitor,1
C000679,2026-01-04 12:10:00,Exit,1
C000680,2026-01-14 03:39:00,Visitor,1
C000680,2026-01-14 03:47:00,Product View,1
C000680,2026-01-14 03:50:00,Product View,1
C000680,2026-01-14 03:59:00,Add to Cart,1
C000680,2026-01-14 04:01:00,Exit,1
C000681,2026-01-08 14:42:00,Visitor,1
C000681,2026-01-08 14:44:00,Product View,1
C000681,2026-01-08 14:45:00,Exit,1
C000682,2026-01-12 18:38:00,Visitor,1
C000682,2026-01-12 18:42:00,Exit,1
C000683,2026-01-03 09:37:00,Visitor,1
C000683,2026-01-03 09:42:00,Product View,1
C000683,2026-01-03 09:48:00,Exit,1
C000684,2026-01-11 12:22:00,Visitor,1
C000684,2026-01-11 12:26:00,Exit,1
C000685,2026-01-10 13:43:00,Visitor,1
C000685,2026-01-10 13:53:00,Product View,1
C000685,2026-01-10 14:01:00,Add to Cart,1
C000685,2026-01-10 14:04:00,Exit,1
C000686,2026-01-05 09:19:00,Visitor,1
C000686,2026-01-05 09:28:00,Product View,1
C000686,2026-01-05 09:36:00,Exit,1
C000687,2026-01-11 16:31:00,Visitor,1
C000687,2026-01-11 16:34:00,Exit,1
C000688,2026-01-09 18:04:00,Visitor,1
C000688,2026-01-09 18:11:00,Exit,1
C000689,2026-01-03 21:00:00,Visitor,1
C000689,2026-01-03 21:07:00,Product View,1
C000689,2026-01-03 21:26:00,Add to Cart,1
C000689,2026-01-03 21:30:00,Product View,1
C000689,2026-01-03 21:35:00,Exit,1
C000690,2026-01-01 08:08:00,Visitor,1
C000690,2026-01-01 08:12:00,Product View,1
C000690,2026-01-01 08:14:00,Add to Cart,1
C000690,2026-01-01 08:17:00,Exit,1
C000691,2026-01-12 01:44:00,Visitor,1
C000691,2026-01-12 01:47:00,Product View,1
C000691,2026-01-12 01:53:00,Exit,1
C000692,2026-01-14 22:40:00,Visitor,1
C000692,2026-01-14 22:41:00,Product View,1
C000692,2026-01-14 22:42:00,Add to Cart,1
C000692,2026-01-14 22:50:00,Purchase,1
C000692,2026-01-14 22:52:00,Exit,1
C000693,2026-01-01 01:11:00,Visitor,1
C000693,2026-01-01 01:22:00,Product View,1
C000693,2026-01-01 01:25:00,Add to Cart,1
C000693,2026-01-01 01:33:00,Product View,1
C000693,2026-01-01 01:45:00,Exit,1
C000694,2026-01-09 11:42:00,Visitor,1
C000694,2026-01-09 11:43:00,Product View,1
C000694,2026-01-09 11:46:00,Exit,1
C000695,2026-01-07 21:01:00,Visitor,1
C000695,2026-01-07 21:05:00,Product View,1
C000695,2026-01-07 21:11:00,Exit,1
C000696,2026-01-07 13:39:00,Visitor,1
C000696,2026-01-07 13:42:00,Product View,1
C000696,2026-01-07 13:44:00,Add to Cart,1
C000696,2026-01-07 13:46:00,Purchase,1
C000696,2026-01-07 13:47:00,Repeat Purchase,1
C000696,2026-01-07 13:48:00,Loyal Customer,1
C000696,2026-01-07 13:50:00,Loyal Customer,1
C000696,2026-01-07 13:52:00,Loyal Customer,1
C000696,2026-01-07 14:01:00,Loyal Customer,1
C000696,2026-01-07 14:07:00,Exit,1
C000697,2026-01-04 14:45:00,Visitor,1
C000697,2026-01-04 14:46:00,Product View,1
C000697,2026-01-04 14:48:00,Add to Cart,1
C000697,2026-01-04 14:52:00,Exit,1
C000698,2026-01-09 05:35:00,Visitor,1
C000698,2026-01-09 05:36:00,Product View,1
C000698,2026-01-09 05:44:00,Add to Cart,1
C000698,2026-01-09 05:46:00,Exit,1
C000699,2026-01-02 12:42:00,Visitor,1
C000699,2026-01-02 12:44:00,Exit,1
C000700,2026-01-06 19:51:00,Visitor,1
C000700,2026-01-06 19:52:00,Product View,1
C000700,2026-01-06 19:57:00,Add to Cart,1
C000700,2026-01-06 20:04:00,Exit,1
C000701,2026-01-04 08:31:00,Visitor,1
C000701,2026-01-04 08:34:00,Exit,1
C000702,2026-01-04 22:10:00,Visitor,1
C000702,2026-01-04 22:15:00,Product View,1
C000702,2026-01-04 22:16:00,Add to Cart,1
C000702,2026-01-04 22:17:00,Exit,1
C000703,2026-01-07 03:18:00,Visitor,1
C000703,2026-01-07 03:20:00,Product View,1
C000703,2026-01-07 03:23:00,Exit,1
C000704,2026-01-03 20:31:00,Visitor,1
C000704,2026-01-03 20:34:00,Exit,1
C000705,2026-01-02 01:59:00,Visitor,1
C000705,2026-01-02 02:02:00,Exit,1
C000706,2026-01-14 06:52:00,Visitor,1
C000706,2026-01-14 06:54:00,Product View,1
C000706,2026-01-14 06:55:00,Add to Cart,1
C000706,2026-01-14 06:58:00,Exit,1
C000707,2026-01-12 16:32:00,Visitor,1
C000707,2026-01-12 16:33:00,Product View,1
C000707,2026-01-12 16:40:00,Exit,1
C000708,2026-01-07 01:41:00,Visitor,1
C000708,2026-01-07 01:42:00,Exit,1
C000709,2026-01-10 10:39:00,Visitor,1
C000709,2026-01-10 10:53:00,Product View,1
C000709,2026-01-10 10:54:00,Add to Cart,1
C000709,2026-01-10 11:06:00,Exit,1
C000710,2026-01-01 15:01:00,Visitor,1
C000710,2026-01-01 15:04:00,Product View,1
C000710,2026-01-01 15:10:00,Add to Cart,1
C000710,2026-01-01 15:15:00,Purchase,1
C000710,2026-01-01 15:19:00,Exit,1
C000711,2026-01-09 21:41:00,Visitor,1
C000711,2026-01-09 21:46:00,Product View,1
C000711,2026-01-09 21:47:00,Add to Cart,1
C000711,2026-01-09 21:48:00,Exit,1
C000712,2026-01-02 01:11:00,Visitor,1
C000712,2026-01-02 01:14:00,Product View,1
C000712,2026-01-02 01:15:00,Product View,1
C000712,2026-01-02 01:16:00,Add to Cart,1
C000712,2026-01-02 01:19:00,Exit,1
C000713,2026-01-12 03:23:00,Visitor,1
C000713,2026-01-12 03:28:00,Product View,1
C000713,2026-01-12 03:31:00,Exit,1
C000714,2026-01-12 04:27:00,Visitor,1
C000714,2026-01-12 04:28:00,Product View,1
C000714,2026-01-12 04:32:00,Add to Cart,1
C000714,2026-01-12 04:33:00,Exit,1
C000715,2026-01-02 11:21:00,Visitor,1
C000715,2026-01-02 11:27:00,Product View,1
C000715,2026-01-02 11:30:00,Add to Cart,1
C000715,2026-01-02 11:40:00,Exit,1
C000716,2026-01-09 00:44:00,Visitor,1
C000716,2026-01-09 00:56:00,Exit,1
C000717,2026-01-03 22:31:00,Visitor,1
C000717,2026-01-03 22:32:00,Exit,1
C000718,2026-01-05 03:20:00,Visitor,1
C000718,2026-01-05 03:24:00,Exit,1
C000719,2026-01-14 05:11:00,Visitor,1
C000719,2026-01-14 05:16:00,Product View,1
C000719,2026-01-14 05:18:00,Exit,1
C000720,2026-01-12 16:40:00,Visitor,1
C000720,2026-01-12 16:43:00,Product View,1
C000720,2026-01-12 16:52:00,Add to Cart,1
C000720,2026-01-12 16:54:00,Exit,1
C000721,2026-01-14 14:42:00,Visitor,1
C000721,2026-01-14 14:47:00,Product View,1
C000721,2026-01-14 14:49:00,Add to Cart,1
C000721,2026-01-14 14:53:00,Product View,1
C000721,2026-01-14 15:06:00,Exit,1
C000722,2026-01-03 04:08:00,Visitor,1
C000722,2026-01-03 04:15:00,Product View,1
C000722,2026-01-03 04:20:00,Add to Cart,1
C000722,2026-01-03 04:22:00,Exit,1
C000723,2026-01-08 22:00:00,Visitor,1
C000723,2026-01-08 22:01:00,Product View,1
C000723,2026-01-08 22:19:00,Add to Cart,1
C000723,2026-01-08 22:23:00,Purchase,1
C000723,2026-01-08 22:45:00,Exit,1
C000724,2026-01-14 02:00:00,Visitor,1
C000724,2026-01-14 02:03:00,Product View,1
C000724,2026-01-14 02:06:00,Add to Cart,1
C000724,2026-01-14 02:10:00,Exit,1
C000725,2026-01-03 00:02:00,Visitor,1
C000725,2026-01-03 00:07:00,Exit,1
C000726,2026-01-12 11:19:00,Visitor,1
C000726,2026-01-12 11:25:00,Exit,1
C000727,2026-01-04 18:53:00,Visitor,1
C000727,2026-01-04 18:54:00,Exit,1
C000728,2026-01-11 12:12:00,Visitor,1
C000728,2026-01-11 12:14:00,Product View,1
C000728,2026-01-11 12:18:00,Exit,1
C000729,2026-01-06 10:18:00,Visitor,1
C000729,2026-01-06 10:22:00,Product View,1
C000729,2026-01-06 10:24:00,Exit,1
C000730,2026-01-07 10:12:00,Visitor,1
C000730,2026-01-07 10:13:00,Product View,1
C000730,2026-01-07 10:14:00,Product View,1
C000730,2026-01-07 10:18:00,Exit,1
C000731,2026-01-14 10:25:00,Visitor,1
C000731,2026-01-14 10:36:00,Product View,1
C000731,2026-01-14 10:38:00,Exit,1
C000732,2026-01-06 13:51:00,Visitor,1
C000732,2026-01-06 13:55:00,Product View,1
C000732,2026-01-06 14:02:00,Exit,1
C000733,2026-01-11 19:53:00,Visitor,1
C000733,2026-01-11 19:54:00,Exit,1
C000734,2026-01-07 03:24:00,Visitor,1
C000734,2026-01-07 03:30:00,Exit,1
C000735,2026-01-12 10:50:00,Visitor,1
C000735,2026-01-12 10:51:00,Exit,1
C000736,2026-01-08 15:56:00,Visitor,1
C000736,2026-01-08 16:04:00,Exit,1
C000737,2026-01-06 19:53:00,Visitor,1
C000737,2026-01-06 20:04:00,Exit,1
C000738,2026-01-07 13:57:00,Visitor,1
C000738,2026-01-07 14:08:00,Product View,1
C000738,2026-01-07 14:09:00,Add to Cart,1
C000738,2026-01-07 14:23:00,Exit,1
C000739,2026-01-10 21:28:00,Visitor,1
C000739,2026-01-10 21:31:00,Product View,1
C000739,2026-01-10 21:36:00,Add to Cart,1
C000739,2026-01-10 21:39:00,Exit,1
C000740,2026-01-14 19:28:00,Visitor,1
C000740,2026-01-14 19:31:00,Exit,1
C000741,2026-01-09 18:37:00,Visitor,1
C000741,2026-01-09 18:42:00,Product View,1
C000741,2026-01-09 18:47:00,Exit,1
C000742,2026-01-06 22:24:00,Visitor,1
C000742,2026-01-06 22:29:00,Exit,1
C000743,2026-01-02 16:40:00,Visitor,1
C000743,2026-01-02 16:42:00,Product View,1
C000743,2026-01-02 16:43:00,Exit,1
C000744,2026-01-11 19:32:00,Visitor,1
C000744,2026-01-11 19:34:00,Product View,1
C000744,2026-01-11 19:40:00,Add to Cart,1
C000744,2026-01-11 19:41:00,Purchase,1
C000744,2026-01-11 19:45:00,Exit,1
C000745,2026-01-09 02:07:00,Visitor,1
C000745,2026-01-09 02:14:00,Product View,1
C000745,2026-01-09 02:15:00,Exit,1
C000746,2026-01-11 13:56:00,Visitor,1
C000746,2026-01-11 13:58:00,Product View,1
C000746,2026-01-11 13:59:00,Add to Cart,1
C000746,2026-01-11 14:03:00,Purchase,1
C000746,2026-01-11 14:15:00,Repeat Purchase,1
C000746,2026-01-11 14:19:00,Exit,1
C000747,2026-01-04 21:10:00,Visitor,1
C000747,2026-01-04 21:20:00,Exit,1
C000748,2026-01-04 17:25:00,Visitor,1
C000748,2026-01-04 17:37:00,Product View,1
C000748,2026-01-04 17:46:00,Add to Cart,1
C000748,2026-01-04 17:47:00,Exit,1
C000749,2026-01-06 11:07:00,Visitor,1
C000749,2026-01-06 11:10:00,Exit,1
C000750,2026-01-02 04:29:00,Visitor,1
C000750,2026-01-02 04:32:00,Exit,1
C000751,2026-01-05 11:53:00,Visitor,1
C000751,2026-01-05 11:55:00,Exit,1
C000752,2026-01-06 20:11:00,Visitor,1
C000752,2026-01-06 20:13:00,Exit,1
C000753,2026-01-14 20:14:00,Visitor,1
C000753,2026-01-14 20:15:00,Exit,1
C000754,2026-01-12 21:17:00,Visitor,1
C000754,2026-01-12 21:27:00,Product View,1
C000754,2026-01-12 21:28:00,Add to Cart,1
C000754,2026-01-12 21:29:00,Purchase,1
C000754,2026-01-12 21:37:00,Exit,1
C000755,2026-01-02 03:48:00,Visitor,1
C000755,2026-01-02 03:49:00,Product View,1
C000755,2026-01-02 04:00:00,Add to Cart,1
C000755,2026-01-02 04:03:00,Exit,1
C000756,2026-01-05 22:58:00,Visitor,1
C000756,2026-01-05 23:02:00,Exit,1
C000757,2026-01-12 18:54:00,Visitor,1
C000757,2026-01-12 18:55:00,Product View,1
C000757,2026-01-12 19:02:00,Exit,1
C000758,2026-01-05 09:52:00,Visitor,1
C000758,2026-01-05 09:54:00,Product View,1
C000758,2026-01-05 09:55:00,Exit,1
C000759,2026-01-13 14:02:00,Visitor,1
C000759,2026-01-13 14:03:00,Product View,1
C000759,2026-01-13 14:04:00,Add to Cart,1
C000759,2026-01-13 14:07:00,Purchase,1
C000759,2026-01-13 14:09:00,Exit,1
C000760,2026-01-07 19:46:00,Visitor,1
C000760,2026-01-07 19:47:00,Product View,1
C000760,2026-01-07 19:51:00,Product View,1
C000760,2026-01-07 20:00:00,Exit,1
C000761,2026-01-12 13:12:00,Visitor,1
C000761,2026-01-12 13:22:00,Product View,1
C000761,2026-01-12 13:29:00,Exit,1
C000762,2026-01-06 23:48:00,Visitor,1
C000762,2026-01-06 23:49:00,Exit,1
C000763,2026-01-11 15:45:00,Visitor,1
C000763,2026-01-11 15:48:00,Product View,1
C000763,2026-01-11 16:05:00,Exit,1
C000764,2026-01-12 13:47:00,Visitor,1
C000764,2026-01-12 13:48:00,Exit,1
C000765,2026-01-07 10:05:00,Visitor,1
C000765,2026-01-07 10:17:00,Exit,1
C000766,2026-01-02 12:42:00,Visitor,1
C000766,2026-01-02 12:43:00,Product View,1
C000766,2026-01-02 12:48:00,Product View,1
C000766,2026-01-02 12:51:00,Exit,1
C000767,2026-01-09 07:31:00,Visitor,1
C000767,2026-01-09 07:33:00,Product View,1
C000767,2026-01-09 07:34:00,Add to Cart,1
C000767,2026-01-09 07:38:00,Exit,1
C000768,2026-01-08 15:38:00,Visitor,1
C000768,2026-01-08 15:40:00,Product View,1
C000768,2026-01-08 15:41:00,Product View,1
C000768,2026-01-08 15:46:00,Exit,1
C000769,2026-01-07 12:49:00,Visitor,1
C000769,2026-01-07 12:56:00,Product View,1
C000769,2026-01-07 13:00:00,Exit,1
C000770,2026-01-07 10:18:00,Visitor,1
C000770,2026-01-07 10:20:00,Exit,1
C000771,2026-01-14 13:53:00,Visitor,1
C000771,2026-01-14 13:56:00,Exit,1
C000772,2026-01-01 18:42:00,Visitor,1
C000772,2026-01-01 18:43:00,Exit,1
C000773,2026-01-06 18:17:00,Visitor,1
C000773,2026-01-06 18:19:00,Exit,1
C000774,2026-01-12 00:18:00,Visitor,1
C000774,2026-01-12 00:19:00,Product View,1
C000774,2026-01-12 00:32:00,Add to Cart,1
C000774,2026-01-12 00:37:00,Exit,1
C000775,2026-01-08 15:37:00,Visitor,1
C000775,2026-01-08 15:40:00,Product View,1
C000775,2026-01-08 15:41:00,Exit,1
C000776,2026-01-03 12:45:00,Visitor,1
C000776,2026-01-03 12:51:00,Product View,1
C000776,2026-01-03 12:54:00,Exit,1
C000777,2026-01-05 08:00:00,Visitor,1
C000777,2026-01-05 08:02:00,Product View,1
C000777,2026-01-05 08:07:00,Exit,1
C000778,2026-01-14 12:42:00,Visitor,1
C000778,2026-01-14 12:44:00,Product View,1
C000778,2026-01-14 12:45:00,Exit,1
C000779,2026-01-11 12:43:00,Visitor,1
C000779,2026-01-11 12:49:00,Product View,1
C000779,2026-01-11 12:51:00,Product View,1
C000779,2026-01-11 12:55:00,Exit,1
C000780,2026-01-06 08:52:00,Visitor,1
C000780,2026-01-06 08:59:00,Product View,1
C000780,2026-01-06 09:03:00,Exit,1
C000781,2026-01-13 16:22:00,Visitor,1
C000781,2026-01-13 16:32:00,Product View,1
C000781,2026-01-13 16:37:00,Product View,1
C000781,2026-01-13 16:39:00,Add to Cart,1
C000781,2026-01-13 16:49:00,Purchase,1
C000781,2026-01-13 16:50:00,Exit,1
C000782,2026-01-11 13:01:00,Visitor,1
C000782,2026-01-11 13:02:00,Exit,1
C000783,2026-01-03 00:23:00,Visitor,1
C000783,2026-01-03 00:29:00,Product View,1
C000783,2026-01-03 00:30:00,Add to Cart,1
C000783,2026-01-03 00:35:00,Purchase,1
C000783,2026-01-03 00:38:00,Exit,1
C000784,2026-01-14 10:33:00,Visitor,1
C000784,2026-01-14 10:37:00,Exit,1
C000785,2026-01-03 22:18:00,Visitor,1
C000785,2026-01-03 22:20:00,Exit,1
C000786,2026-01-09 00:41:00,Visitor,1
C000786,2026-01-09 00:43:00,Product View,1
C000786,2026-01-09 00:45:00,Add to Cart,1
C000786,2026-01-09 00:49:00,Purchase,1
C000786,2026-01-09 00:52:00,Exit,1
C000787,2026-01-09 15:42:00,Visitor,1
C000787,2026-01-09 15:43:00,Product View,1
C000787,2026-01-09 15:44:00,Exit,1
C000788,2026-01-12 23:51:00,Visitor,1
C000788,2026-01-12 23:55:00,Product View,1
C000788,2026-01-13 00:03:00,Add to Cart,1
C000788,2026-01-13 00:05:00,Purchase,1
C000788,2026-01-13 00:07:00,Exit,1
C000789,2026-01-09 19:04:00,Visitor,1
C000789,2026-01-09 19:08:00,Product View,1
C000789,2026-01-09 19:13:00,Exit,1
C000790,2026-01-13 03:41:00,Visitor,1
C000790,2026-01-13 03:42:00,Exit,1
C000791,2026-01-09 07:02:00,Visitor,1
C000791,2026-01-09 07:04:00,Product View,1
C000791,2026-01-09 07:06:00,Exit,1
C000792,2026-01-03 04:41:00,Visitor,1
C000792,2026-01-03 04:44:00,Exit,1
C000793,2026-01-12 04:09:00,Visitor,1
C000793,2026-01-12 04:10:00,Exit,1
C000794,2026-01-07 01:53:00,Visitor,1
C000794,2026-01-07 01:54:00,Product View,1
C000794,2026-01-07 01:59:00,Exit,1
C000795,2026-01-07 13:25:00,Visitor,1
C000795,2026-01-07 13:31:00,Exit,1
C000796,2026-01-09 17:19:00,Visitor,1
C000796,2026-01-09 17:20:00,Product View,1
C000796,2026-01-09 17:26:00,Exit,1
C000797,2026-01-07 09:54:00,Visitor,1
C000797,2026-01-07 09:56:00,Product View,1
C000797,2026-01-07 10:01:00,Exit,1
C000798,2026-01-05 18:21:00,Visitor,1
C000798,2026-01-05 18:23:00,Product View,1
C000798,2026-01-05 18:30:00,Add to Cart,1
C000798,2026-01-05 18:32:00,Exit,1
C000799,2026-01-09 11:54:00,Visitor,1
C000799,2026-01-09 11:55:00,Exit,1
C000800,2026-01-03 05:35:00,Visitor,1
C000800,2026-01-03 05:37:00,Product View,1
C000800,2026-01-03 05:40:00,Product View,1
C000800,2026-01-03 05:42:00,Add to Cart,1
C000800,2026-01-03 05:49:00,Purchase,1
C000800,2026-01-03 05:51:00,Exit,1
C000801,2026-01-13 06:26:00,Visitor,1
C000801,2026-01-13 06:28:00,Exit,1
C000802,2026-01-06 23:17:00,Visitor,1
C000802,2026-01-06 23:22:00,Exit,1
C000803,2026-01-09 22:16:00,Visitor,1
C000803,2026-01-09 22:18:00,Exit,1
C000804,2026-01-03 01:27:00,Visitor,1
C000804,2026-01-03 01:35:00,Exit,1
C000805,2026-01-14 18:25:00,Visitor,1
C000805,2026-01-14 18:30:00,Product View,1
C000805,2026-01-14 18:42:00,Add to Cart,1
C000805,2026-01-14 18:44:00,Exit,1
C000806,2026-01-06 06:08:00,Visitor,1
C000806,2026-01-06 06:12:00,Exit,1
C000807,2026-01-08 23:53:00,Visitor,1
C000807,2026-01-09 00:02:00,Product View,1
C000807,2026-01-09 00:03:00,Add to Cart,1
C000807,2026-01-09 00:06:00,Exit,1
C000808,2026-01-06 06:43:00,Visitor,1
C000808,2026-01-06 06:50:00,Product View,1
C000808,2026-01-06 06:55:00,Exit,1
C000809,2026-01-04 04:40:00,Visitor,1
C000809,2026-01-04 04:43:00,Product View,1
C000809,2026-01-04 04:59:00,Exit,1
C000810,2026-01-03 19:46:00,Visitor,1
C000810,2026-01-03 19:54:00,Product View,1
C000810,2026-01-03 19:59:00,Exit,1
C000811,2026-01-01 23:51:00,Visitor,1
C000811,2026-01-01 23:54:00,Product View,1
C000811,2026-01-01 23:55:00,Exit,1
C000812,2026-01-06 14:49:00,Visitor,1
C000812,2026-01-06 14:51:00,Exit,1
C000813,2026-01-03 14:12:00,Visitor,1
C000813,2026-01-03 14:18:00,Product View,1
C000813,2026-01-03 14:19:00,Add to Cart,1
C000813,2026-01-03 14:23:00,Product View,1
C000813,2026-01-03 14:25:00,Exit,1
C000814,2026-01-12 13:56:00,Visitor,1
C000814,2026-01-12 13:57:00,Product View,1
C000814,2026-01-12 13:58:00,Exit,1
C000815,2026-01-13 05:13:00,Visitor,1
C000815,2026-01-13 05:15:00,Exit,1
C000816,2026-01-01 04:13:00,Visitor,1
C000816,2026-01-01 04:17:00,Exit,1
C000817,2026-01-04 20:52:00,Visitor,1
C000817,2026-01-04 21:02:00,Exit,1
C000818,2026-01-02 16:42:00,Visitor,1
C000818,2026-01-02 16:44:00,Product View,1
C000818,2026-01-02 16:47:00,Exit,1
C000819,2026-01-02 05:16:00,Visitor,1
C000819,2026-01-02 05:19:00,Exit,1
C000820,2026-01-04 15:50:00,Visitor,1
C000820,2026-01-04 15:51:00,Product View,1
C000820,2026-01-04 15:52:00,Exit,1
C000821,2026-01-09 10:35:00,Visitor,1
C000821,2026-01-09 10:37:00,Product View,1
C000821,2026-01-09 10:43:00,Exit,1
C000822,2026-01-11 13:32:00,Visitor,1
C000822,2026-01-11 13:43:00,Exit,1
C000823,2026-01-01 00:23:00,Visitor,1
C000823,2026-01-01 00:25:00,Product View,1
C000823,2026-01-01 00:31:00,Product View,1
C000823,2026-01-01 00:33:00,Exit,1
C000824,2026-01-07 03:59:00,Visitor,1
C000824,2026-01-07 04:01:00,Exit,1
C000825,2026-01-07 17:41:00,Visitor,1
C000825,2026-01-07 17:45:00,Product View,1
C000825,2026-01-07 17:48:00,Product View,1
C000825,2026-01-07 17:53:00,Exit,1
C000826,2026-01-13 09:16:00,Visitor,1
C000826,2026-01-13 09:25:00,Exit,1
C000827,2026-01-03 01:57:00,Visitor,1
C000827,2026-01-03 02:04:00,Product View,1
C000827,2026-01-03 02:08:00,Add to Cart,1
C000827,2026-01-03 02:15:00,Purchase,1
C000827,2026-01-03 02:18:00,Exit,1
C000828,2026-01-02 10:28:00,Visitor,1
C000828,2026-01-02 10:30:00,Exit,1
C000829,2026-01-11 14:11:00,Visitor,1
C000829,2026-01-11 14:12:00,Exit,1
C000830,2026-01-06 19:23:00,Visitor,1
C000830,2026-01-06 19:43:00,Product View,1
C000830,2026-01-06 19:44:00,Exit,1
C000831,2026-01-07 18:21:00,Visitor,1
C000831,2026-01-07 18:23:00,Product View,1
C000831,2026-01-07 18:25:00,Exit,1
C000832,2026-01-06 10:19:00,Visitor,1
C000832,2026-01-06 10:25:00,Exit,1
C000833,2026-01-10 01:00:00,Visitor,1
C000833,2026-01-10 01:01:00,Exit,1
C000834,2026-01-07 16:37:00,Visitor,1
C000834,2026-01-07 16:38:00,Product View,1
C000834,2026-01-07 16:39:00,Exit,1
C000835,2026-01-08 22:18:00,Visitor,1
C000835,2026-01-08 22:19:00,Product View,1
C000835,2026-01-08 22:20:00,Exit,1
C000836,2026-01-05 05:36:00,Visitor,1
C000836,2026-01-05 05:39:00,Product View,1
C000836,2026-01-05 05:40:00,Exit,1
C000837,2026-01-11 21:39:00,Visitor,1
C000837,2026-01-11 21:40:00,Product View,1
C000837,2026-01-11 21:43:00,Exit,1
C000838,2026-01-01 22:06:00,Visitor,1
C000838,2026-01-01 22:08:00,Product View,1
C000838,2026-01-01 22:10:00,Add to Cart,1
C000838,2026-01-01 22:14:00,Purchase,1
C000838,2026-01-01 22:19:00,Repeat Purchase,1
C000838,2026-01-01 22:21:00,Loyal Customer,1
C000838,2026-01-01 22:28:00,Loyal Customer,1
C000838,2026-01-01 22:33:00,Exit,1
C000839,2026-01-06 14:52:00,Visitor,1
C000839,2026-01-06 14:59:00,Product View,1
C000839,2026-01-06 15:00:00,Add to Cart,1
C000839,2026-01-06 15:01:00,Exit,1
C000840,2026-01-12 00:14:00,Visitor,1
C000840,2026-01-12 00:22:00,Exit,1
C000841,2026-01-11 04:01:00,Visitor,1
C000841,2026-01-11 04:02:00,Exit,1
C000842,2026-01-07 05:54:00,Visitor,1
C000842,2026-01-07 05:57:00,Product View,1
C000842,2026-01-07 06:01:00,Exit,1
C000843,2026-01-13 01:32:00,Visitor,1
C000843,2026-01-13 01:42:00,Exit,1
C000844,2026-01-03 17:42:00,Visitor,1
C000844,2026-01-03 17:44:00,Product View,1
C000844,2026-01-03 17:49:00,Add to Cart,1
C000844,2026-01-03 17:50:00,Purchase,1
C000844,2026-01-03 17:57:00,Exit,1
C000845,2026-01-14 16:32:00,Visitor,1
C000845,2026-01-14 16:34:00,Product View,1
C000845,2026-01-14 16:39:00,Add to Cart,1
C000845,2026-01-14 16:44:00,Exit,1
C000846,2026-01-14 16:45:00,Visitor,1
C000846,2026-01-14 16:48:00,Product View,1
C000846,2026-01-14 16:51:00,Add to Cart,1
C000846,2026-01-14 16:52:00,Purchase,1
C000846,2026-01-14 16:53:00,Exit,1
C000847,2026-01-10 00:10:00,Visitor,1
C000847,2026-01-10 00:14:00,Product View,1
C000847,2026-01-10 00:16:00,Add to Cart,1
C000847,2026-01-10 00:17:00,Product View,1
C000847,2026-01-10 00:18:00,Add to Cart,1
C000847,2026-01-10 00:19:00,Exit,1
C000848,2026-01-09 23:08:00,Visitor,1
C000848,2026-01-09 23:09:00,Product View,1
C000848,2026-01-09 23:13:00,Exit,1
C000849,2026-01-10 10:20:00,Visitor,1
C000849,2026-01-10 10:29:00,Product View,1
C000849,2026-01-10 10:33:00,Exit,1
C000850,2026-01-02 09:47:00,Visitor,1
C000850,2026-01-02 09:51:00,Product View,1
C000850,2026-01-02 10:00:00,Add to Cart,1
C000850,2026-01-02 10:01:00,Purchase,1
C000850,2026-01-02 10:05:00,Exit,1
C000851,2026-01-11 11:08:00,Visitor,1
C000851,2026-01-11 11:11:00,Product View,1
C000851,2026-01-11 11:20:00,Add to Cart,1
C000851,2026-01-11 11:23:00,Product View,1
C000851,2026-01-11 11:25:00,Exit,1
C000852,2026-01-01 17:31:00,Visitor,1
C000852,2026-01-01 17:33:00,Product View,1
C000852,2026-01-01 17:37:00,Exit,1
C000853,2026-01-01 11:48:00,Visitor,1
C000853,2026-01-01 11:54:00,Product View,1
C000853,2026-01-01 12:02:00,Exit,1
C000854,2026-01-08 19:35:00,Visitor,1
C000854,2026-01-08 19:39:00,Exit,1
C000855,2026-01-14 03:15:00,Visitor,1
C000855,2026-01-14 03:21:00,Product View,1
C000855,2026-01-14 03:22:00,Exit,1
C000856,2026-01-06 15:15:00,Visitor,1
C000856,2026-01-06 15:21:00,Product View,1
C000856,2026-01-06 15:26:00,Add to Cart,1
C000856,2026-01-06 15:32:00,Purchase,1
C000856,2026-01-06 15:33:00,Exit,1
C000857,2026-01-07 00:25:00,Visitor,1
C000857,2026-01-07 00:27:00,Product View,1
C000857,2026-01-07 00:31:00,Add to Cart,1
C000857,2026-01-07 00:35:00,Purchase,1
C000857,2026-01-07 00:37:00,Exit,1
C000858,2026-01-10 11:32:00,Visitor,1
C000858,2026-01-10 11:34:00,Exit,1
C000859,2026-01-02 11:25:00,Visitor,1
C000859,2026-01-02 11:28:00,Product View,1
C000859,2026-01-02 11:29:00,Product View,1
C000859,2026-01-02 11:31:00,Add to Cart,1
C000859,2026-01-02 11:32:00,Purchase,1
C000859,2026-01-02 11:40:00,Exit,1
C000860,2026-01-14 02:54:00,Visitor,1
C000860,2026-01-14 03:00:00,Exit,1
C000861,2026-01-04 13:15:00,Visitor,1
C000861,2026-01-04 13:27:00,Product View,1
C000861,2026-01-04 13:30:00,Exit,1
C000862,2026-01-04 21:17:00,Visitor,1
C000862,2026-01-04 21:24:00,Product View,1
C000862,2026-01-04 21:27:00,Exit,1
C000863,2026-01-07 15:18:00,Visitor,1
C000863,2026-01-07 15:27:00,Product View,1
C000863,2026-01-07 15:33:00,Product View,1
C000863,2026-01-07 15:34:00,Exit,1
C000864,2026-01-03 04:22:00,Visitor,1
C000864,2026-01-03 04:23:00,Exit,1
C000865,2026-01-03 05:16:00,Visitor,1
C000865,2026-01-03 05:22:00,Product View,1
C000865,2026-01-03 05:27:00,Exit,1
C000866,2026-01-10 23:34:00,Visitor,1
C000866,2026-01-10 23:36:00,Product View,1
C000866,2026-01-10 23:37:00,Exit,1
C000867,2026-01-07 13:33:00,Visitor,1
C000867,2026-01-07 13:39:00,Product View,1
C000867,2026-01-07 13:41:00,Add to Cart,1
C000867,2026-01-07 13:45:00,Exit,1
C000868,2026-01-04 09:12:00,Visitor,1
C000868,2026-01-04 09:17:00,Exit,1
C000869,2026-01-09 03:17:00,Visitor,1
C000869,2026-01-09 03:28:00,Exit,1
C000870,2026-01-01 09:33:00,Visitor,1
C000870,2026-01-01 09:35:00,Product View,1
C000870,2026-01-01 09:36:00,Exit,1
C000871,2026-01-12 08:01:00,Visitor,1
C000871,2026-01-12 08:03:00,Product View,1
C000871,2026-01-12 08:04:00,Exit,1
C000872,2026-01-04 15:07:00,Visitor,1
C000872,2026-01-04 15:09:00,Exit,1
C000873,2026-01-13 13:47:00,Visitor,1
C000873,2026-01-13 13:49:00,Product View,1
C000873,2026-01-13 13:51:00,Exit,1
C000874,2026-01-07 19:23:00,Visitor,1
C000874,2026-01-07 19:25:00,Product View,1
C000874,2026-01-07 19:33:00,Exit,1
C000875,2026-01-13 11:21:00,Visitor,1
C000875,2026-01-13 11:32:00,Product View,1
C000875,2026-01-13 11:36:00,Product View,1
C000875,2026-01-13 11:39:00,Exit,1
C000876,2026-01-10 23:07:00,Visitor,1
C000876,2026-01-10 23:08:00,Product View,1
C000876,2026-01-10 23:11:00,Add to Cart,1
C000876,2026-01-10 23:18:00,Exit,1
C000877,2026-01-12 19:31:00,Visitor,1
C000877,2026-01-12 19:32:00,Exit,1
C000878,2026-01-10 13:56:00,Visitor,1
C000878,2026-01-10 13:57:00,Exit,1
C000879,2026-01-10 10:22:00,Visitor,1
C000879,2026-01-10 10:23:00,Product View,1
C000879,2026-01-10 10:24:00,Exit,1
C000880,2026-01-07 07:32:00,Visitor,1
C000880,2026-01-07 07:34:00,Exit,1
C000881,2026-01-01 04:33:00,Visitor,1
C000881,2026-01-01 04:41:00,Exit,1
C000882,2026-01-13 21:17:00,Visitor,1
C000882,2026-01-13 21:19:00,Product View,1
C000882,2026-01-13 21:21:00,Add to Cart,1
C000882,2026-01-13 21:27:00,Product View,1
C000882,2026-01-13 21:42:00,Exit,1
C000883,2026-01-04 00:46:00,Visitor,1
C000883,2026-01-04 00:49:00,Product View,1
C000883,2026-01-04 00:54:00,Exit,1
C000884,2026-01-14 18:57:00,Visitor,1
C000884,2026-01-14 18:59:00,Exit,1
C000885,2026-01-01 11:23:00,Visitor,1
C000885,2026-01-01 11:24:00,Product View,1
C000885,2026-01-01 11:28:00,Add to Cart,1
C000885,2026-01-01 11:29:00,Purchase,1
C000885,2026-01-01 11:30:00,Exit,1
C000886,2026-01-08 11:01:00,Visitor,1
C000886,2026-01-08 11:15:00,Product View,1
C000886,2026-01-08 11:19:00,Add to Cart,1
C000886,2026-01-08 11:24:00,Product View,1
C000886,2026-01-08 11:28:00,Exit,1
C000887,2026-01-07 07:59:00,Visitor,1
C000887,2026-01-07 08:00:00,Exit,1
C000888,2026-01-13 04:10:00,Visitor,1
C000888,2026-01-13 04:14:00,Exit,1
C000889,2026-01-05 13:49:00,Visitor,1
C000889,2026-01-05 13:52:00,Exit,1
C000890,2026-01-07 07:27:00,Visitor,1
C000890,2026-01-07 07:29:00,Exit,1
C000891,2026-01-04 20:05:00,Visitor,1
C000891,2026-01-04 20:07:00,Product View,1
C000891,2026-01-04 20:08:00,Exit,1
C000892,2026-01-13 20:47:00,Visitor,1
C000892,2026-01-13 20:50:00,Product View,1
C000892,2026-01-13 20:51:00,Exit,1
C000893,2026-01-11 15:29:00,Visitor,1
C000893,2026-01-11 15:32:00,Exit,1
C000894,2026-01-05 09:24:00,Visitor,1
C000894,2026-01-05 09:26:00,Product View,1
C000894,2026-01-05 09:27:00,Add to Cart,1
C000894,2026-01-05 09:30:00,Exit,1
C000895,2026-01-04 21:27:00,Visitor,1
C000895,2026-01-04 21:28:00,Exit,1
C000896,2026-01-14 01:12:00,Visitor,1
C000896,2026-01-14 01:15:00,Product View,1
C000896,2026-01-14 01:16:00,Exit,1
C000897,2026-01-06 03:52:00,Visitor,1
C000897,2026-01-06 03:57:00,Product View,1
C000897,2026-01-06 04:08:00,Exit,1
C000898,2026-01-10 10:56:00,Visitor,1
C000898,2026-01-10 10:58:00,Product View,1
C000898,2026-01-10 11:00:00,Add to Cart,1
C000898,2026-01-10 11:13:00,Purchase,1
C000898,2026-01-10 11:14:00,Exit,1
C000899,2026-01-04 22:11:00,Visitor,1
C000899,2026-01-04 22:15:00,Product View,1
C000899,2026-01-04 22:23:00,Exit,1
C000900,2026-01-11 02:56:00,Visitor,1
C000900,2026-01-11 03:02:00,Product View,1
C000900,2026-01-11 03:06:00,Add to Cart,1
C000900,2026-01-11 03:12:00,Purchase,1
C000900,2026-01-11 03:13:00,Exit,1
C000901,2026-01-05 01:41:00,Visitor,1
C000901,2026-01-05 01:46:00,Product View,1
C000901,2026-01-05 01:59:00,Add to Cart,1
C000901,2026-01-05 02:03:00,Exit,1
C000902,2026-01-06 06:25:00,Visitor,1
C000902,2026-01-06 06:30:00,Product View,1
C000902,2026-01-06 06:35:00,Exit,1
C000903,2026-01-09 03:06:00,Visitor,1
C000903,2026-01-09 03:17:00,Product View,1
C000903,2026-01-09 03:24:00,Add to Cart,1
C000903,2026-01-09 03:30:00,Exit,1
C000904,2026-01-03 10:33:00,Visitor,1
C000904,2026-01-03 10:36:00,Exit,1
C000905,2026-01-10 15:56:00,Visitor,1
C000905,2026-01-10 16:04:00,Exit,1
C000906,2026-01-04 15:29:00,Visitor,1
C000906,2026-01-04 15:43:00,Product View,1
C000906,2026-01-04 15:44:00,Exit,1
C000907,2026-01-09 17:54:00,Visitor,1
C000907,2026-01-09 17:55:00,Product View,1
C000907,2026-01-09 18:01:00,Product View,1
C000907,2026-01-09 18:02:00,Exit,1
C000908,2026-01-06 20:19:00,Visitor,1
C000908,2026-01-06 20:34:00,Product View,1
C000908,2026-01-06 20:36:00,Exit,1
C000909,2026-01-02 04:12:00,Visitor,1
C000909,2026-01-02 04:16:00,Exit,1
C000910,2026-01-14 03:35:00,Visitor,1
C000910,2026-01-14 03:50:00,Exit,1
C000911,2026-01-12 06:56:00,Visitor,1
C000911,2026-01-12 06:58:00,Product View,1
C000911,2026-01-12 07:00:00,Exit,1
C000912,2026-01-10 09:40:00,Visitor,1
C000912,2026-01-10 09:49:00,Product View,1
C000912,2026-01-10 09:54:00,Exit,1
C000913,2026-01-12 18:20:00,Visitor,1
C000913,2026-01-12 18:26:00,Product View,1
C000913,2026-01-12 18:27:00,Add to Cart,1
C000913,2026-01-12 18:28:00,Product View,1
C000913,2026-01-12 18:29:00,Exit,1
C000914,2026-01-04 07:37:00,Visitor,1
C000914,2026-01-04 07:39:00,Product View,1
C000914,2026-01-04 07:40:00,Exit,1
C000915,2026-01-08 00:28:00,Visitor,1
C000915,2026-01-08 00:46:00,Exit,1
C000916,2026-01-12 09:30:00,Visitor,1
C000916,2026-01-12 09:39:00,Exit,1
C000917,2026-01-10 20:27:00,Visitor,1
C000917,2026-01-10 20:41:00,Exit,1
C000918,2026-01-07 19:19:00,Visitor,1
C000918,2026-01-07 19:28:00,Product View,1
C000918,2026-01-07 19:31:00,Add to Cart,1
C000918,2026-01-07 19:44:00,Purchase,1
C000918,2026-01-07 19:49:00,Exit,1
C000919,2026-01-13 02:41:00,Visitor,1
C000919,2026-01-13 02:42:00,Product View,1
C000919,2026-01-13 02:45:00,Add to Cart,1
C000919,2026-01-13 02:47:00,Exit,1
C000920,2026-01-04 11:44:00,Visitor,1
C000920,2026-01-04 11:47:00,Exit,1
C000921,2026-01-07 05:50:00,Visitor,1
C000921,2026-01-07 05:52:00,Product View,1
C000921,2026-01-07 05:56:00,Exit,1
C000922,2026-01-03 18:55:00,Visitor,1
C000922,2026-01-03 18:56:00,Product View,1
C000922,2026-01-03 19:00:00,Exit,1
C000923,2026-01-01 14:01:00,Visitor,1
C000923,2026-01-01 14:06:00,Product View,1
C000923,2026-01-01 14:28:00,Exit,1
C000924,2026-01-05 21:58:00,Visitor,1
C000924,2026-01-05 22:07:00,Product View,1
C000924,2026-01-05 22:08:00,Product View,1
C000924,2026-01-05 22:09:00,Add to Cart,1
C000924,2026-01-05 22:10:00,Exit,1
C000925,2026-01-04 18:23:00,Visitor,1
C000925,2026-01-04 18:26:00,Exit,1
C000926,2026-01-09 18:11:00,Visitor,1
C000926,2026-01-09 18:19:00,Product View,1
C000926,2026-01-09 18:20:00,Exit,1
C000927,2026-01-01 14:31:00,Visitor,1
C000927,2026-01-01 14:38:00,Product View,1
C000927,2026-01-01 14:45:00,Exit,1
C000928,2026-01-06 18:44:00,Visitor,1
C000928,2026-01-06 18:46:00,Exit,1
C000929,2026-01-01 12:00:00,Visitor,1
C000929,2026-01-01 12:01:00,Product View,1
C000929,2026-01-01 12:02:00,Add to Cart,1
C000929,2026-01-01 12:10:00,Exit,1
C000930,2026-01-11 17:58:00,Visitor,1
C000930,2026-01-11 18:02:00,Product View,1
C000930,2026-01-11 18:06:00,Exit,1
C000931,2026-01-14 01:06:00,Visitor,1
C000931,2026-01-14 01:07:00,Product View,1
C000931,2026-01-14 01:11:00,Add to Cart,1
C000931,2026-01-14 01:12:00,Exit,1
C000932,2026-01-03 02:17:00,Visitor,1
C000932,2026-01-03 02:19:00,Product View,1
C000932,2026-01-03 02:33:00,Exit,1
C000933,2026-01-09 11:01:00,Visitor,1
C000933,2026-01-09 11:06:00,Product View,1
C000933,2026-01-09 11:12:00,Add to Cart,1
C000933,2026-01-09 11:13:00,Product View,1
C000933,2026-01-09 11:15:00,Add to Cart,1
C000933,2026-01-09 11:18:00,Purchase,1
C000933,2026-01-09 11:19:00,Exit,1
C000934,2026-01-06 11:38:00,Visitor,1
C000934,2026-01-06 11:41:00,Product View,1
C000934,2026-01-06 11:58:00,Exit,1
C000935,2026-01-04 06:40:00,Visitor,1
C000935,2026-01-04 06:44:00,Exit,1
C000936,2026-01-07 06:54:00,Visitor,1
C000936,2026-01-07 06:57:00,Product View,1
C000936,2026-01-07 06:59:00,Exit,1
C000937,2026-01-02 11:14:00,Visitor,1
C000937,2026-01-02 11:22:00,Product View,1
C000937,2026-01-02 11:23:00,Exit,1
C000938,2026-01-06 21:09:00,Visitor,1
C000938,2026-01-06 21:10:00,Product View,1
C000938,2026-01-06 21:11:00,Exit,1
C000939,2026-01-13 23:01:00,Visitor,1
C000939,2026-01-13 23:03:00,Product View,1
C000939,2026-01-13 23:04:00,Add to Cart,1
C000939,2026-01-13 23:09:00,Purchase,1
C000939,2026-01-13 23:11:00,Exit,1
C000940,2026-01-08 05:03:00,Visitor,1
C000940,2026-01-08 05:06:00,Exit,1
C000941,2026-01-04 04:39:00,Visitor,1
C000941,2026-01-04 04:41:00,Exit,1
C000942,2026-01-08 11:24:00,Visitor,1
C000942,2026-01-08 11:32:00,Exit,1
C000943,2026-01-14 12:26:00,Visitor,1
C000943,2026-01-14 12:27:00,Exit,1
C000944,2026-01-01 02:16:00,Visitor,1
C000944,2026-01-01 02:17:00,Exit,1
C000945,2026-01-04 01:51:00,Visitor,1
C000945,2026-01-04 02:00:00,Product View,1
C000945,2026-01-04 02:01:00,Exit,1
C000946,2026-01-03 02:59:00,Visitor,1
C000946,2026-01-03 03:05:00,Product View,1
C000946,2026-01-03 03:23:00,Exit,1
C000947,2026-01-09 20:44:00,Visitor,1
C000947,2026-01-09 20:54:00,Exit,1
C000948,2026-01-01 07:53:00,Visitor,1
C000948,2026-01-01 07:55:00,Product View,1
C000948,2026-01-01 07:57:00,Exit,1
C000949,2026-01-11 06:52:00,Visitor,1
C000949,2026-01-11 06:56:00,Product View,1
C000949,2026-01-11 06:57:00,Exit,1
C000950,2026-01-11 12:06:00,Visitor,1
C000950,2026-01-11 12:17:00,Product View,1
C000950,2026-01-11 12:22:00,Add to Cart,1
C000950,2026-01-11 12:25:00,Product View,1
C000950,2026-01-11 12:27:00,Exit,1
C000951,2026-01-13 10:05:00,Visitor,1
C000951,2026-01-13 10:06:00,Exit,1
C000952,2026-01-06 05:01:00,Visitor,1
C000952,2026-01-06 05:05:00,Exit,1
C000953,2026-01-12 16:28:00,Visitor,1
C000953,2026-01-12 16:34:00,Product View,1
C000953,2026-01-12 16:41:00,Add to Cart,1
C000953,2026-01-12 16:48:00,Purchase,1
C000953,2026-01-12 16:57:00,Repeat Purchase,1
C000953,2026-01-12 16:59:00,Exit,1
C000954,2026-01-10 15:43:00,Visitor,1
C000954,2026-01-10 15:44:00,Exit,1
C000955,2026-01-06 05:34:00,Visitor,1
C000955,2026-01-06 05:37:00,Product View,1
C000955,2026-01-06 05:39:00,Exit,1
C000956,2026-01-05 22:27:00,Visitor,1
C000956,2026-01-05 22:35:00,Exit,1
C000957,2026-01-08 12:26:00,Visitor,1
C000957,2026-01-08 12:29:00,Product View,1
C000957,2026-01-08 12:30:00,Exit,1
C000958,2026-01-05 22:27:00,Visitor,1
C000958,2026-01-05 22:35:00,Exit,1
C000959,2026-01-10 15:30:00,Visitor,1
C000959,2026-01-10 15:41:00,Product View,1
C000959,2026-01-10 15:42:00,Exit,1
C000960,2026-01-07 03:02:00,Visitor,1
C000960,2026-01-07 03:06:00,Exit,1
C000961,2026-01-11 00:37:00,Visitor,1
C000961,2026-01-11 00:43:00,Exit,1
C000962,2026-01-05 06:30:00,Visitor,1
C000962,2026-01-05 06:31:00,Product View,1
C000962,2026-01-05 06:36:00,Product View,1
C000962,2026-01-05 06:39:00,Exit,1
C000963,2026-01-03 06:00:00,Visitor,1
C000963,2026-01-03 06:03:00,Exit,1
C000964,2026-01-03 18:01:00,Visitor,1
C000964,2026-01-03 18:06:00,Exit,1
C000965,2026-01-10 04:08:00,Visitor,1
C000965,2026-01-10 04:11:00,Product View,1
C000965,2026-01-10 04:16:00,Exit,1
C000966,2026-01-12 03:53:00,Visitor,1
C000966,2026-01-12 03:55:00,Exit,1
C000967,2026-01-01 02:09:00,Visitor,1
C000967,2026-01-01 02:16:00,Exit,1
C000968,2026-01-05 12:25:00,Visitor,1
C000968,2026-01-05 12:27:00,Exit,1
C000969,2026-01-08 04:14:00,Visitor,1
C000969,2026-01-08 04:15:00,Exit,1
C000970,2026-01-05 02:51:00,Visitor,1
C000970,2026-01-05 03:06:00,Exit,1
C000971,2026-01-07 10:20:00,Visitor,1
C000971,2026-01-07 10:26:00,Exit,1
C000972,2026-01-10 05:45:00,Visitor,1
C000972,2026-01-10 05:47:00,Exit,1
C000973,2026-01-01 20:06:00,Visitor,1
C000973,2026-01-01 20:07:00,Product View,1
C000973,2026-01-01 20:14:00,Exit,1
C000974,2026-01-08 19:07:00,Visitor,1
C000974,2026-01-08 19:10:00,Exit,1
C000975,2026-01-09 15:08:00,Visitor,1
C000975,2026-01-09 15:14:00,Product View,1
C000975,2026-01-09 15:15:00,Exit,1
C000976,2026-01-04 12:53:00,Visitor,1
C000976,2026-01-04 13:05:00,Product View,1
C000976,2026-01-04 13:06:00,Add to Cart,1
C000976,2026-01-04 13:07:00,Exit,1
C000977,2026-01-14 20:32:00,Visitor,1
C000977,2026-01-14 20:34:00,Product View,1
C000977,2026-01-14 20:48:00,Exit,1
C000978,2026-01-13 18:48:00,Visitor,1
C000978,2026-01-13 18:52:00,Exit,1
C000979,2026-01-07 04:41:00,Visitor,1
C000979,2026-01-07 04:43:00,Product View,1
C000979,2026-01-07 04:44:00,Add to Cart,1
C000979,2026-01-07 04:52:00,Exit,1
C000980,2026-01-01 22:09:00,Visitor,1
C000980,2026-01-01 22:11:00,Product View,1
C000980,2026-01-01 22:15:00,Add to Cart,1
C000980,2026-01-01 22:22:00,Purchase,1
C000980,2026-01-01 22:27:00,Repeat Purchase,1
C000980,2026-01-01 22:32:00,Exit,1
C000981,2026-01-04 06:23:00,Visitor,1
C000981,2026-01-04 06:28:00,Product View,1
C000981,2026-01-04 06:41:00,Add to Cart,1
C000981,2026-01-04 06:45:00,Product View,1
C000981,2026-01-04 06:50:00,Add to Cart,1
C000981,2026-01-04 06:52:00,Purchase,1
C000981,2026-01-04 07:02:00,Exit,1
C000982,2026-01-01 23:09:00,Visitor,1
C000982,2026-01-01 23:12:00,Exit,1
C000983,2026-01-08 15:58:00,Visitor,1
C000983,2026-01-08 16:00:00,Exit,1
C000984,2026-01-09 01:10:00,Visitor,1
C000984,2026-01-09 01:13:00,Exit,1
C000985,2026-01-04 10:04:00,Visitor,1
C000985,2026-01-04 10:21:00,Product View,1
C000985,2026-01-04 10:23:00,Add to Cart,1
C000985,2026-01-04 10:27:00,Purchase,1
C000985,2026-01-04 10:37:00,Exit,1
C000986,2026-01-07 16:25:00,Visitor,1
C000986,2026-01-07 16:37:00,Product View,1
C000986,2026-01-07 16:41:00,Add to Cart,1
C000986,2026-01-07 16:45:00,Purchase,1
C000986,2026-01-07 16:46:00,Exit,1
C000987,2026-01-13 00:59:00,Visitor,1
C000987,2026-01-13 01:01:00,Product View,1
C000987,2026-01-13 01:02:00,Product View,1
C000987,2026-01-13 01:05:00,Add to Cart,1
C000987,2026-01-13 01:06:00,Exit,1
C000988,2026-01-06 23:42:00,Visitor,1
C000988,2026-01-06 23:50:00,Exit,1
C000989,2026-01-04 03:03:00,Visitor,1
C000989,2026-01-04 03:10:00,Exit,1
C000990,2026-01-02 15:40:00,Visitor,1
C000990,2026-01-02 15:42:00,Product View,1
C000990,2026-01-02 15:43:00,Add to Cart,1
C000990,2026-01-02 15:44:00,Product View,1
C000990,2026-01-02 15:47:00,Add to Cart,1
C000990,2026-01-02 15:48:00,Exit,1
C000991,2026-01-14 16:36:00,Visitor,1
C000991,2026-01-14 16:37:00,Product View,1
C000991,2026-01-14 16:42:00,Exit,1
C000992,2026-01-10 06:57:00,Visitor,1
C000992,2026-01-10 07:04:00,Product View,1
C000992,2026-01-10 07:11:00,Add to Cart,1
C000992,2026-01-10 07:13:00,Exit,1
C000993,2026-01-12 06:13:00,Visitor,1
C000993,2026-01-12 06:15:00,Product View,1
C000993,2026-01-12 06:27:00,Exit,1
C000994,2026-01-10 10:16:00,Visitor,1
C000994,2026-01-10 10:18:00,Exit,1
C000995,2026-01-01 00:35:00,Visitor,1
C000995,2026-01-01 00:37:00,Product View,1
C000995,2026-01-01 00:42:00,Exit,1
C000996,2026-01-14 14:05:00,Visitor,1
C000996,2026-01-14 14:06:00,Exit,1
C000997,2026-01-13 03:17:00,Visitor,1
C000997,2026-01-13 03:18:00,Product View,1
C000997,2026-01-13 03:29:00,Exit,1
C000998,2026-01-03 18:49:00,Visitor,1
C000998,2026-01-03 18:50:00,Product View,1
C000998,2026-01-03 19:00:00,Product View,1
C000998,2026-01-03 19:07:00,Add to Cart,1
C000998,2026-01-03 19:08:00,Exit,1
C000999,2026-01-04 22:13:00,Visitor,1
C000999,2026-01-04 22:15:00,Exit,1
C001000,2026-01-08 11:33:00,Visitor,1
C001000,2026-01-08 11:34:00,Exit,1
C001001,2026-01-13 08:41:00,Visitor,1
C001001,2026-01-13 08:43:00,Product View,1
C001001,2026-01-13 08:45:00,Add to Cart,1
C001001,2026-01-13 08:47:00,Exit,1
C001002,2026-01-14 08:25:00,Visitor,1
C001002,2026-01-14 08:28:00,Product View,1
C001002,2026-01-14 08:33:00,Exit,1
C001003,2026-01-07 11:34:00,Visitor,1
C001003,2026-01-07 11:36:00,Exit,1
C001004,2026-01-13 21:40:00,Visitor,1
C001004,2026-01-13 21:46:00,Exit,1
C001005,2026-01-02 17:12:00,Visitor,1
C001005,2026-01-02 17:15:00,Exit,1
C001006,2026-01-12 09:55:00,Visitor,1
C001006,2026-01-12 09:57:00,Product View,1
C001006,2026-01-12 09:58:00,Exit,1
C001007,2026-01-06 21:54:00,Visitor,1
C001007,2026-01-06 21:55:00,Product View,1
C001007,2026-01-06 22:03:00,Exit,1
C001008,2026-01-06 10:59:00,Visitor,1
C001008,2026-01-06 11:08:00,Product View,1
C001008,2026-01-06 11:12:00,Exit,1
C001009,2026-01-07 01:25:00,Visitor,1
C001009,2026-01-07 01:29:00,Product View,1
C001009,2026-01-07 01:34:00,Product View,1
C001009,2026-01-07 01:37:00,Add to Cart,1
C001009,2026-01-07 01:38:00,Purchase,1
C001009,2026-01-07 01:47:00,Exit,1
C001010,2026-01-09 18:19:00,Visitor,1
C001010,2026-01-09 18:24:00,Exit,1
C001011,2026-01-11 14:07:00,Visitor,1
C001011,2026-01-11 14:19:00,Exit,1
C001012,2026-01-10 18:49:00,Visitor,1
C001012,2026-01-10 18:52:00,Product View,1
C001012,2026-01-10 18:55:00,Exit,1
C001013,2026-01-03 00:46:00,Visitor,1
C001013,2026-01-03 00:48:00,Exit,1
C001014,2026-01-12 07:04:00,Visitor,1
C001014,2026-01-12 07:05:00,Product View,1
C001014,2026-01-12 07:09:00,Exit,1
C001015,2026-01-13 00:42:00,Visitor,1
C001015,2026-01-13 00:45:00,Product View,1
C001015,2026-01-13 00:49:00,Add to Cart,1
C001015,2026-01-13 01:11:00,Purchase,1
C001015,2026-01-13 01:14:00,Exit,1
C001016,2026-01-06 01:48:00,Visitor,1
C001016,2026-01-06 01:58:00,Exit,1
C001017,2026-01-10 23:17:00,Visitor,1
C001017,2026-01-10 23:20:00,Product View,1
C001017,2026-01-10 23:23:00,Add to Cart,1
C001017,2026-01-10 23:33:00,Purchase,1
C001017,2026-01-10 23:46:00,Exit,1
C001018,2026-01-07 11:34:00,Visitor,1
C001018,2026-01-07 11:44:00,Exit,1
C001019,2026-01-07 07:49:00,Visitor,1
C001019,2026-01-07 07:52:00,Exit,1
C001020,2026-01-10 20:54:00,Visitor,1
C001020,2026-01-10 20:55:00,Product View,1
C001020,2026-01-10 21:06:00,Exit,1
C001021,2026-01-03 01:34:00,Visitor,1
C001021,2026-01-03 01:35:00,Product View,1
C001021,2026-01-03 01:40:00,Exit,1
C001022,2026-01-01 18:02:00,Visitor,1
C001022,2026-01-01 18:04:00,Product View,1
C001022,2026-01-01 18:18:00,Exit,1
C001023,2026-01-09 03:04:00,Visitor,1
C001023,2026-01-09 03:05:00,Exit,1
C001024,2026-01-13 17:11:00,Visitor,1
C001024,2026-01-13 17:13:00,Product View,1
C001024,2026-01-13 17:31:00,Add to Cart,1
C001024,2026-01-13 17:37:00,Purchase,1
C001024,2026-01-13 17:38:00,Exit,1
C001025,2026-01-03 15:53:00,Visitor,1
C001025,2026-01-03 15:54:00,Product View,1
C001025,2026-01-03 15:56:00,Exit,1
C001026,2026-01-01 18:01:00,Visitor,1
C001026,2026-01-01 18:26:00,Product View,1
C001026,2026-01-01 18:29:00,Exit,1
C001027,2026-01-13 02:57:00,Visitor,1
C001027,2026-01-13 03:01:00,Exit,1
C001028,2026-01-01 20:02:00,Visitor,1
C001028,2026-01-01 20:12:00,Exit,1
C001029,2026-01-06 22:20:00,Visitor,1
C001029,2026-01-06 22:23:00,Exit,1
C001030,2026-01-10 05:54:00,Visitor,1
C001030,2026-01-10 05:57:00,Exit,1
C001031,2026-01-13 16:58:00,Visitor,1
C001031,2026-01-13 17:10:00,Product View,1
C001031,2026-01-13 17:17:00,Exit,1
C001032,2026-01-08 13:21:00,Visitor,1
C001032,2026-01-08 13:22:00,Exit,1
C001033,2026-01-05 10:04:00,Visitor,1
C001033,2026-01-05 10:05:00,Product View,1
C001033,2026-01-05 10:09:00,Exit,1
C001034,2026-01-14 13:36:00,Visitor,1
C001034,2026-01-14 13:40:00,Exit,1
C001035,2026-01-11 22:56:00,Visitor,1
C001035,2026-01-11 23:00:00,Product View,1
C001035,2026-01-11 23:05:00,Exit,1
C001036,2026-01-05 04:51:00,Visitor,1
C001036,2026-01-05 04:54:00,Product View,1
C001036,2026-01-05 04:55:00,Exit,1
C001037,2026-01-02 01:56:00,Visitor,1
C001037,2026-01-02 01:59:00,Exit,1
C001038,2026-01-09 02:32:00,Visitor,1
C001038,2026-01-09 02:40:00,Product View,1
C001038,2026-01-09 02:44:00,Add to Cart,1
C001038,2026-01-09 02:49:00,Product View,1
C001038,2026-01-09 02:53:00,Exit,1
C001039,2026-01-07 12:56:00,Visitor,1
C001039,2026-01-07 13:03:00,Exit,1
C001040,2026-01-05 19:30:00,Visitor,1
C001040,2026-01-05 19:36:00,Product View,1
C001040,2026-01-05 19:39:00,Exit,1
C001041,2026-01-04 15:49:00,Visitor,1
C001041,2026-01-04 15:51:00,Product View,1
C001041,2026-01-04 16:05:00,Product View,1
C001041,2026-01-04 16:11:00,Exit,1
C001042,2026-01-12 08:39:00,Visitor,1
C001042,2026-01-12 08:40:00,Exit,1
C001043,2026-01-13 17:14:00,Visitor,1
C001043,2026-01-13 17:19:00,Product View,1
C001043,2026-01-13 17:25:00,Add to Cart,1
C001043,2026-01-13 17:26:00,Exit,1
C001044,2026-01-07 03:25:00,Visitor,1
C001044,2026-01-07 03:27:00,Product View,1
C001044,2026-01-07 03:28:00,Exit,1
C001045,2026-01-13 22:52:00,Visitor,1
C001045,2026-01-13 22:55:00,Product View,1
C001045,2026-01-13 23:07:00,Exit,1
C001046,2026-01-09 10:16:00,Visitor,1
C001046,2026-01-09 10:20:00,Product View,1
C001046,2026-01-09 10:27:00,Exit,1
C001047,2026-01-08 12:17:00,Visitor,1
C001047,2026-01-08 12:25:00,Product View,1
C001047,2026-01-08 12:28:00,Exit,1
C001048,2026-01-01 21:16:00,Visitor,1
C001048,2026-01-01 21:26:00,Exit,1
C001049,2026-01-08 04:33:00,Visitor,1
C001049,2026-01-08 04:34:00,Product View,1
C001049,2026-01-08 04:46:00,Add to Cart,1
C001049,2026-01-08 04:47:00,Purchase,1
C001049,2026-01-08 04:49:00,Exit,1
C001050,2026-01-07 15:34:00,Visitor,1
C001050,2026-01-07 15:38:00,Product View,1
C001050,2026-01-07 15:41:00,Add to Cart,1
C001050,2026-01-07 15:43:00,Exit,1
C001051,2026-01-01 08:05:00,Visitor,1
C001051,2026-01-01 08:11:00,Product View,1
C001051,2026-01-01 08:16:00,Add to Cart,1
C001051,2026-01-01 08:19:00,Product View,1
C001051,2026-01-01 08:21:00,Exit,1
C001052,2026-01-01 04:05:00,Visitor,1
C001052,2026-01-01 04:09:00,Exit,1
C001053,2026-01-13 13:57:00,Visitor,1
C001053,2026-01-13 13:59:00,Exit,1
C001054,2026-01-10 23:58:00,Visitor,1
C001054,2026-01-10 23:59:00,Exit,1
C001055,2026-01-01 13:39:00,Visitor,1
C001055,2026-01-01 13:40:00,Product View,1
C001055,2026-01-01 13:44:00,Add to Cart,1
C001055,2026-01-01 13:46:00,Exit,1
C001056,2026-01-04 17:45:00,Visitor,1
C001056,2026-01-04 17:50:00,Product View,1
C001056,2026-01-04 18:09:00,Exit,1
C001057,2026-01-04 21:41:00,Visitor,1
C001057,2026-01-04 21:42:00,Product View,1
C001057,2026-01-04 21:44:00,Add to Cart,1
C001057,2026-01-04 21:53:00,Exit,1
C001058,2026-01-07 03:29:00,Visitor,1
C001058,2026-01-07 03:30:00,Product View,1
C001058,2026-01-07 03:32:00,Add to Cart,1
C001058,2026-01-07 03:36:00,Exit,1
C001059,2026-01-10 11:01:00,Visitor,1
C001059,2026-01-10 11:06:00,Exit,1
C001060,2026-01-06 17:37:00,Visitor,1
C001060,2026-01-06 17:44:00,Exit,1
C001061,2026-01-11 23:01:00,Visitor,1
C001061,2026-01-11 23:10:00,Product View,1
C001061,2026-01-11 23:11:00,Exit,1
C001062,2026-01-02 13:53:00,Visitor,1
C001062,2026-01-02 14:14:00,Product View,1
C001062,2026-01-02 14:19:00,Add to Cart,1
C001062,2026-01-02 14:25:00,Purchase,1
C001062,2026-01-02 14:30:00,Exit,1
C001063,2026-01-09 20:09:00,Visitor,1
C001063,2026-01-09 20:10:00,Exit,1
C001064,2026-01-06 20:59:00,Visitor,1
C001064,2026-01-06 21:00:00,Exit,1
C001065,2026-01-07 12:04:00,Visitor,1
C001065,2026-01-07 12:07:00,Product View,1
C001065,2026-01-07 12:25:00,Exit,1
C001066,2026-01-05 20:57:00,Visitor,1
C001066,2026-01-05 21:00:00,Product View,1
C001066,2026-01-05 21:02:00,Add to Cart,1
C001066,2026-01-05 21:11:00,Purchase,1
C001066,2026-01-05 21:20:00,Repeat Purchase,1
C001066,2026-01-05 21:22:00,Exit,1
C001067,2026-01-07 16:31:00,Visitor,1
C001067,2026-01-07 16:46:00,Product View,1
C001067,2026-01-07 16:53:00,Product View,1
C001067,2026-01-07 16:55:00,Exit,1
C001068,2026-01-06 17:23:00,Visitor,1
C001068,2026-01-06 17:28:00,Exit,1
C001069,2026-01-02 07:46:00,Visitor,1
C001069,2026-01-02 07:51:00,Product View,1
C001069,2026-01-02 08:02:00,Add to Cart,1
C001069,2026-01-02 08:15:00,Product View,1
C001069,2026-01-02 08:16:00,Exit,1
C001070,2026-01-05 01:10:00,Visitor,1
C001070,2026-01-05 01:11:00,Exit,1
C001071,2026-01-13 09:27:00,Visitor,1
C001071,2026-01-13 09:29:00,Product View,1
C001071,2026-01-13 09:34:00,Exit,1
C001072,2026-01-06 12:52:00,Visitor,1
C001072,2026-01-06 12:54:00,Product View,1
C001072,2026-01-06 13:01:00,Exit,1
C001073,2026-01-14 07:38:00,Visitor,1
C001073,2026-01-14 07:39:00,Product View,1
C001073,2026-01-14 07:41:00,Exit,1
C001074,2026-01-08 06:38:00,Visitor,1
C001074,2026-01-08 06:42:00,Product View,1
C001074,2026-01-08 07:00:00,Add to Cart,1
C001074,2026-01-08 07:02:00,Exit,1
C001075,2026-01-07 05:27:00,Visitor,1
C001075,2026-01-07 05:30:00,Product View,1
C001075,2026-01-07 05:45:00,Add to Cart,1
C001075,2026-01-07 05:47:00,Purchase,1
C001075,2026-01-07 05:49:00,Exit,1
C001076,2026-01-07 06:45:00,Visitor,1
C001076,2026-01-07 06:51:00,Product View,1
C001076,2026-01-07 06:54:00,Exit,1
C001077,2026-01-09 15:44:00,Visitor,1
C001077,2026-01-09 15:50:00,Exit,1
C001078,2026-01-12 18:38:00,Visitor,1
C001078,2026-01-12 18:40:00,Product View,1
C001078,2026-01-12 18:43:00,Product View,1
C001078,2026-01-12 18:47:00,Exit,1
C001079,2026-01-05 14:13:00,Visitor,1
C001079,2026-01-05 14:14:00,Product View,1
C001079,2026-01-05 14:15:00,Exit,1
C001080,2026-01-09 17:10:00,Visitor,1
C001080,2026-01-09 17:11:00,Exit,1
C001081,2026-01-06 10:58:00,Visitor,1
C001081,2026-01-06 11:03:00,Product View,1
C001081,2026-01-06 11:14:00,Add to Cart,1
C001081,2026-01-06 11:18:00,Product View,1
C001081,2026-01-06 11:23:00,Exit,1
C001082,2026-01-05 21:59:00,Visitor,1
C001082,2026-01-05 22:07:00,Exit,1
C001083,2026-01-08 12:18:00,Visitor,1
C001083,2026-01-08 12:19:00,Product View,1
C001083,2026-01-08 12:22:00,Add to Cart,1
C001083,2026-01-08 12:23:00,Purchase,1
C001083,2026-01-08 12:24:00,Exit,1
C001084,2026-01-09 23:22:00,Visitor,1
C001084,2026-01-09 23:35:00,Product View,1
C001084,2026-01-09 23:44:00,Add to Cart,1
C001084,2026-01-09 23:46:00,Exit,1
C001085,2026-01-07 13:23:00,Visitor,1
C001085,2026-01-07 13:24:00,Product View,1
C001085,2026-01-07 13:25:00,Exit,1
C001086,2026-01-03 16:45:00,Visitor,1
C001086,2026-01-03 16:48:00,Product View,1
C001086,2026-01-03 16:50:00,Add to Cart,1
C001086,2026-01-03 16:57:00,Exit,1
C001087,2026-01-01 00:46:00,Visitor,1
C001087,2026-01-01 00:52:00,Product View,1
C001087,2026-01-01 00:54:00,Add to Cart,1
C001087,2026-01-01 00:58:00,Purchase,1
C001087,2026-01-01 00:59:00,Exit,1
C001088,2026-01-06 23:50:00,Visitor,1
C001088,2026-01-06 23:54:00,Product View,1
C001088,2026-01-06 23:55:00,Add to Cart,1
C001088,2026-01-07 00:08:00,Purchase,1
C001088,2026-01-07 00:11:00,Exit,1
C001089,2026-01-09 16:48:00,Visitor,1
C001089,2026-01-09 16:50:00,Exit,1
C001090,2026-01-04 06:52:00,Visitor,1
C001090,2026-01-04 06:58:00,Product View,1
C001090,2026-01-04 06:59:00,Add to Cart,1
C001090,2026-01-04 07:01:00,Exit,1
C001091,2026-01-08 02:12:00,Visitor,1
C001091,2026-01-08 02:17:00,Exit,1
C001092,2026-01-07 03:51:00,Visitor,1
C001092,2026-01-07 03:53:00,Product View,1
C001092,2026-01-07 03:57:00,Exit,1
C001093,2026-01-13 06:11:00,Visitor,1
C001093,2026-01-13 06:12:00,Product View,1
C001093,2026-01-13 06:15:00,Exit,1
C001094,2026-01-10 07:08:00,Visitor,1
C001094,2026-01-10 07:20:00,Product View,1
C001094,2026-01-10 07:21:00,Exit,1
C001095,2026-01-08 11:16:00,Visitor,1
C001095,2026-01-08 11:20:00,Product View,1
C001095,2026-01-08 11:27:00,Add to Cart,1
C001095,2026-01-08 11:30:00,Exit,1
C001096,2026-01-01 19:41:00,Visitor,1
C001096,2026-01-01 19:43:00,Exit,1
C001097,2026-01-08 15:13:00,Visitor,1
C001097,2026-01-08 15:14:00,Product View,1
C001097,2026-01-08 15:22:00,Exit,1
C001098,2026-01-10 10:53:00,Visitor,1
C001098,2026-01-10 10:57:00,Exit,1
C001099,2026-01-09 18:34:00,Visitor,1
C001099,2026-01-09 18:40:00,Exit,1
C001100,2026-01-03 12:38:00,Visitor,1
C001100,2026-01-03 12:42:00,Product View,1
C001100,2026-01-03 12:45:00,Product View,1
C001100,2026-01-03 12:50:00,Exit,1
C001101,2026-01-10 11:47:00,Visitor,1
C001101,2026-01-10 11:55:00,Product View,1
C001101,2026-01-10 12:06:00,Exit,1
C001102,2026-01-13 16:58:00,Visitor,1
C001102,2026-01-13 17:02:00,Exit,1
C001103,2026-01-01 15:18:00,Visitor,1
C001103,2026-01-01 15:19:00,Product View,1
C001103,2026-01-01 15:21:00,Exit,1
C001104,2026-01-04 11:59:00,Visitor,1
C001104,2026-01-04 12:02:00,Exit,1
C001105,2026-01-09 06:41:00,Visitor,1
C001105,2026-01-09 06:47:00,Exit,1
C001106,2026-01-07 17:14:00,Visitor,1
C001106,2026-01-07 17:32:00,Product View,1
C001106,2026-01-07 17:33:00,Exit,1
C001107,2026-01-06 23:53:00,Visitor,1
C001107,2026-01-06 23:59:00,Product View,1
C001107,2026-01-07 00:06:00,Add to Cart,1
C001107,2026-01-07 00:07:00,Exit,1
C001108,2026-01-11 09:55:00,Visitor,1
C001108,2026-01-11 09:56:00,Product View,1
C001108,2026-01-11 10:01:00,Exit,1
C001109,2026-01-07 08:57:00,Visitor,1
C001109,2026-01-07 09:01:00,Product View,1
C001109,2026-01-07 09:02:00,Add to Cart,1
C001109,2026-01-07 09:03:00,Exit,1
C001110,2026-01-07 04:49:00,Visitor,1
C001110,2026-01-07 04:53:00,Exit,1
C001111,2026-01-01 21:43:00,Visitor,1
C001111,2026-01-01 22:07:00,Exit,1
C001112,2026-01-01 21:22:00,Visitor,1
C001112,2026-01-01 21:23:00,Exit,1
C001113,2026-01-09 02:58:00,Visitor,1
C001113,2026-01-09 03:00:00,Product View,1
C001113,2026-01-09 03:05:00,Add to Cart,1
C001113,2026-01-09 03:07:00,Exit,1
C001114,2026-01-04 17:44:00,Visitor,1
C001114,2026-01-04 17:45:00,Product View,1
C001114,2026-01-04 17:51:00,Exit,1
C001115,2026-01-07 09:10:00,Visitor,1
C001115,2026-01-07 09:24:00,Exit,1
C001116,2026-01-14 14:33:00,Visitor,1
C001116,2026-01-14 14:37:00,Exit,1
C001117,2026-01-08 21:11:00,Visitor,1
C001117,2026-01-08 21:15:00,Product View,1
C001117,2026-01-08 21:19:00,Exit,1
C001118,2026-01-03 14:05:00,Visitor,1
C001118,2026-01-03 14:07:00,Product View,1
C001118,2026-01-03 14:15:00,Exit,1
C001119,2026-01-01 16:11:00,Visitor,1
C001119,2026-01-01 16:16:00,Product View,1
C001119,2026-01-01 16:18:00,Add to Cart,1
C001119,2026-01-01 16:27:00,Purchase,1
C001119,2026-01-01 16:28:00,Exit,1
C001120,2026-01-10 16:28:00,Visitor,1
C001120,2026-01-10 16:29:00,Product View,1
C001120,2026-01-10 16:30:00,Exit,1
C001121,2026-01-12 02:03:00,Visitor,1
C001121,2026-01-12 02:13:00,Exit,1
C001122,2026-01-07 18:41:00,Visitor,1
C001122,2026-01-07 18:42:00,Exit,1
C001123,2026-01-01 11:33:00,Visitor,1
C001123,2026-01-01 11:36:00,Exit,1
C001124,2026-01-14 12:30:00,Visitor,1
C001124,2026-01-14 12:46:00,Exit,1
C001125,2026-01-11 01:38:00,Visitor,1
C001125,2026-01-11 01:41:00,Exit,1
C001126,2026-01-13 15:38:00,Visitor,1
C001126,2026-01-13 16:05:00,Product View,1
C001126,2026-01-13 16:13:00,Product View,1
C001126,2026-01-13 16:21:00,Add to Cart,1
C001126,2026-01-13 16:31:00,Exit,1
C001127,2026-01-08 05:25:00,Visitor,1
C001127,2026-01-08 05:27:00,Product View,1
C001127,2026-01-08 05:36:00,Exit,1
C001128,2026-01-07 01:18:00,Visitor,1
C001128,2026-01-07 01:33:00,Exit,1
C001129,2026-01-09 04:27:00,Visitor,1
C001129,2026-01-09 04:43:00,Product View,1
C001129,2026-01-09 04:48:00,Exit,1
C001130,2026-01-06 17:09:00,Visitor,1
C001130,2026-01-06 17:11:00,Product View,1
C001130,2026-01-06 17:15:00,Exit,1
C001131,2026-01-04 02:17:00,Visitor,1
C001131,2026-01-04 02:19:00,Product View,1
C001131,2026-01-04 02:20:00,Exit,1
C001132,2026-01-04 04:25:00,Visitor,1
C001132,2026-01-04 04:27:00,Product View,1
C001132,2026-01-04 04:31:00,Add to Cart,1
C001132,2026-01-04 04:33:00,Purchase,1
C001132,2026-01-04 04:37:00,Exit,1
C001133,2026-01-05 22:24:00,Visitor,1
C001133,2026-01-05 22:28:00,Exit,1
C001134,2026-01-01 13:55:00,Visitor,1
C001134,2026-01-01 13:56:00,Exit,1
C001135,2026-01-14 15:55:00,Visitor,1
C001135,2026-01-14 15:57:00,Product View,1
C001135,2026-01-14 16:06:00,Exit,1
C001136,2026-01-01 01:14:00,Visitor,1
C001136,2026-01-01 01:17:00,Exit,1
C001137,2026-01-06 13:48:00,Visitor,1
C001137,2026-01-06 13:49:00,Product View,1
C001137,2026-01-06 13:56:00,Add to Cart,1
C001137,2026-01-06 13:58:00,Exit,1
C001138,2026-01-03 16:29:00,Visitor,1
C001138,2026-01-03 16:39:00,Product View,1
C001138,2026-01-03 16:45:00,Product View,1
C001138,2026-01-03 16:48:00,Exit,1
C001139,2026-01-05 22:19:00,Visitor,1
C001139,2026-01-05 22:22:00,Product View,1
C001139,2026-01-05 22:24:00,Exit,1
C001140,2026-01-12 05:35:00,Visitor,1
C001140,2026-01-12 05:37:00,Exit,1
C001141,2026-01-07 12:36:00,Visitor,1
C001141,2026-01-07 12:37:00,Product View,1
C001141,2026-01-07 12:38:00,Exit,1
C001142,2026-01-13 14:25:00,Visitor,1
C001142,2026-01-13 14:27:00,Product View,1
C001142,2026-01-13 14:32:00,Exit,1
C001143,2026-01-03 09:00:00,Visitor,1
C001143,2026-01-03 09:01:00,Exit,1
C001144,2026-01-12 05:10:00,Visitor,1
C001144,2026-01-12 05:16:00,Product View,1
C001144,2026-01-12 05:23:00,Exit,1
C001145,2026-01-01 12:17:00,Visitor,1
C001145,2026-01-01 12:18:00,Exit,1
C001146,2026-01-09 22:40:00,Visitor,1
C001146,2026-01-09 22:45:00,Product View,1
C001146,2026-01-09 22:49:00,Add to Cart,1
C001146,2026-01-09 22:50:00,Exit,1
C001147,2026-01-11 14:44:00,Visitor,1
C001147,2026-01-11 14:54:00,Exit,1
C001148,2026-01-09 17:49:00,Visitor,1
C001148,2026-01-09 17:58:00,Product View,1
C001148,2026-01-09 17:59:00,Add to Cart,1
C001148,2026-01-09 18:02:00,Purchase,1
C001148,2026-01-09 18:04:00,Exit,1
C001149,2026-01-10 04:10:00,Visitor,1
C001149,2026-01-10 04:12:00,Product View,1
C001149,2026-01-10 04:14:00,Exit,1
C001150,2026-01-13 22:20:00,Visitor,1
C001150,2026-01-13 22:22:00,Exit,1
C001151,2026-01-06 19:17:00,Visitor,1
C001151,2026-01-06 19:19:00,Exit,1
C001152,2026-01-08 13:35:00,Visitor,1
C001152,2026-01-08 13:36:00,Product View,1
C001152,2026-01-08 13:44:00,Add to Cart,1
C001152,2026-01-08 13:46:00,Exit,1
C001153,2026-01-10 01:15:00,Visitor,1
C001153,2026-01-10 01:24:00,Product View,1
C001153,2026-01-10 01:25:00,Exit,1
C001154,2026-01-13 04:16:00,Visitor,1
C001154,2026-01-13 04:18:00,Product View,1
C001154,2026-01-13 04:22:00,Add to Cart,1
C001154,2026-01-13 04:29:00,Product View,1
C001154,2026-01-13 04:34:00,Add to Cart,1
C001154,2026-01-13 04:38:00,Exit,1
C001155,2026-01-10 18:00:00,Visitor,1
C001155,2026-01-10 18:07:00,Product View,1
C001155,2026-01-10 18:11:00,Add to Cart,1
C001155,2026-01-10 18:13:00,Exit,1
C001156,2026-01-09 21:33:00,Visitor,1
C001156,2026-01-09 21:40:00,Exit,1
C001157,2026-01-04 20:18:00,Visitor,1
C001157,2026-01-04 20:28:00,Exit,1
C001158,2026-01-04 08:40:00,Visitor,1
C001158,2026-01-04 08:41:00,Product View,1
C001158,2026-01-04 08:42:00,Add to Cart,1
C001158,2026-01-04 08:47:00,Purchase,1
C001158,2026-01-04 08:50:00,Exit,1
C001159,2026-01-01 18:36:00,Visitor,1
C001159,2026-01-01 18:42:00,Exit,1
C001160,2026-01-13 16:25:00,Visitor,1
C001160,2026-01-13 16:26:00,Exit,1
C001161,2026-01-13 00:01:00,Visitor,1
C001161,2026-01-13 00:04:00,Exit,1
C001162,2026-01-02 10:56:00,Visitor,1
C001162,2026-01-02 10:57:00,Product View,1
C001162,2026-01-02 11:02:00,Exit,1
C001163,2026-01-13 17:58:00,Visitor,1
C001163,2026-01-13 17:59:00,Product View,1
C001163,2026-01-13 18:06:00,Exit,1
C001164,2026-01-03 06:09:00,Visitor,1
C001164,2026-01-03 06:14:00,Exit,1
C001165,2026-01-12 14:14:00,Visitor,1
C001165,2026-01-12 14:20:00,Exit,1
C001166,2026-01-10 21:40:00,Visitor,1
C001166,2026-01-10 21:41:00,Product View,1
C001166,2026-01-10 21:42:00,Exit,1
C001167,2026-01-06 22:33:00,Visitor,1
C001167,2026-01-06 22:35:00,Exit,1
C001168,2026-01-01 00:50:00,Visitor,1
C001168,2026-01-01 00:51:00,Exit,1
C001169,2026-01-02 08:28:00,Visitor,1
C001169,2026-01-02 08:31:00,Product View,1
C001169,2026-01-02 08:33:00,Exit,1
C001170,2026-01-04 15:20:00,Visitor,1
C001170,2026-01-04 15:25:00,Exit,1
C001171,2026-01-06 11:15:00,Visitor,1
C001171,2026-01-06 11:16:00,Exit,1
C001172,2026-01-05 17:09:00,Visitor,1
C001172,2026-01-05 17:11:00,Product View,1
C001172,2026-01-05 17:14:00,Exit,1
C001173,2026-01-04 19:09:00,Visitor,1
C001173,2026-01-04 19:21:00,Exit,1
C001174,2026-01-14 15:32:00,Visitor,1
C001174,2026-01-14 15:39:00,Product View,1
C001174,2026-01-14 15:42:00,Add to Cart,1
C001174,2026-01-14 15:45:00,Purchase,1
C001174,2026-01-14 15:59:00,Exit,1
C001175,2026-01-13 10:16:00,Visitor,1
C001175,2026-01-13 10:17:00,Product View,1
C001175,2026-01-13 10:18:00,Add to Cart,1
C001175,2026-01-13 10:21:00,Exit,1
C001176,2026-01-01 14:08:00,Visitor,1
C001176,2026-01-01 14:10:00,Product View,1
C001176,2026-01-01 14:16:00,Add to Cart,1
C001176,2026-01-01 14:17:00,Product View,1
C001176,2026-01-01 14:20:00,Exit,1
C001177,2026-01-05 00:03:00,Visitor,1
C001177,2026-01-05 00:14:00,Product View,1
C001177,2026-01-05 00:21:00,Exit,1
C001178,2026-01-12 09:33:00,Visitor,1
C001178,2026-01-12 09:47:00,Exit,1
C001179,2026-01-06 17:01:00,Visitor,1
C001179,2026-01-06 17:04:00,Product View,1
C001179,2026-01-06 17:18:00,Add to Cart,1
C001179,2026-01-06 17:26:00,Purchase,1
C001179,2026-01-06 17:28:00,Exit,1
C001180,2026-01-10 13:04:00,Visitor,1
C001180,2026-01-10 13:06:00,Product View,1
C001180,2026-01-10 13:07:00,Exit,1
C001181,2026-01-04 19:20:00,Visitor,1
C001181,2026-01-04 19:26:00,Product View,1
C001181,2026-01-04 19:29:00,Exit,1
C001182,2026-01-14 18:30:00,Visitor,1
C001182,2026-01-14 18:33:00,Product View,1
C001182,2026-01-14 18:34:00,Exit,1
C001183,2026-01-10 14:47:00,Visitor,1
C001183,2026-01-10 14:52:00,Product View,1
C001183,2026-01-10 14:53:00,Exit,1
C001184,2026-01-13 10:15:00,Visitor,1
C001184,2026-01-13 10:25:00,Product View,1
C001184,2026-01-13 10:26:00,Exit,1
C001185,2026-01-06 18:30:00,Visitor,1
C001185,2026-01-06 18:34:00,Product View,1
C001185,2026-01-06 18:36:00,Add to Cart,1
C001185,2026-01-06 18:40:00,Purchase,1
C001185,2026-01-06 18:43:00,Exit,1
C001186,2026-01-13 20:31:00,Visitor,1
C001186,2026-01-13 20:39:00,Product View,1
C001186,2026-01-13 20:40:00,Exit,1
C001187,2026-01-06 07:57:00,Visitor,1
C001187,2026-01-06 08:03:00,Product View,1
C001187,2026-01-06 08:05:00,Add to Cart,1
C001187,2026-01-06 08:17:00,Exit,1
C001188,2026-01-11 13:37:00,Visitor,1
C001188,2026-01-11 13:45:00,Product View,1
C001188,2026-01-11 13:50:00,Exit,1
C001189,2026-01-09 02:28:00,Visitor,1
C001189,2026-01-09 02:30:00,Exit,1
C001190,2026-01-02 16:53:00,Visitor,1
C001190,2026-01-02 16:54:00,Product View,1
C001190,2026-01-02 16:58:00,Exit,1
C001191,2026-01-09 18:07:00,Visitor,1
C001191,2026-01-09 18:12:00,Product View,1
C001191,2026-01-09 18:13:00,Add to Cart,1
C001191,2026-01-09 18:20:00,Purchase,1
C001191,2026-01-09 18:23:00,Exit,1
C001192,2026-01-05 11:36:00,Visitor,1
C001192,2026-01-05 11:47:00,Product View,1
C001192,2026-01-05 11:49:00,Exit,1
C001193,2026-01-04 07:03:00,Visitor,1
C001193,2026-01-04 07:07:00,Exit,1
C001194,2026-01-14 11:47:00,Visitor,1
C001194,2026-01-14 11:48:00,Product View,1
C001194,2026-01-14 11:52:00,Exit,1
C001195,2026-01-13 08:03:00,Visitor,1
C001195,2026-01-13 08:08:00,Exit,1
C001196,2026-01-10 05:41:00,Visitor,1
C001196,2026-01-10 05:44:00,Product View,1
C001196,2026-01-10 05:56:00,Add to Cart,1
C001196,2026-01-10 05:58:00,Exit,1
C001197,2026-01-05 01:09:00,Visitor,1
C001197,2026-01-05 01:11:00,Exit,1
C001198,2026-01-09 00:13:00,Visitor,1
C001198,2026-01-09 00:14:00,Exit,1
C001199,2026-01-01 16:23:00,Visitor,1
C001199,2026-01-01 16:25:00,Product View,1
C001199,2026-01-01 16:26:00,Exit,1
C001200,2026-01-02 16:31:00,Visitor,1
C001200,2026-01-02 16:32:00,Exit,1
C001201,2026-01-13 11:19:00,Visitor,1
C001201,2026-01-13 11:23:00,Product View,1
C001201,2026-01-13 11:28:00,Exit,1
C001202,2026-01-11 16:50:00,Visitor,1
C001202,2026-01-11 17:04:00,Product View,1
C001202,2026-01-11 17:13:00,Exit,1
C001203,2026-01-12 22:13:00,Visitor,1
C001203,2026-01-12 22:21:00,Exit,1
C001204,2026-01-07 14:51:00,Visitor,1
C001204,2026-01-07 14:55:00,Product View,1
C001204,2026-01-07 15:03:00,Exit,1
C001205,2026-01-12 10:28:00,Visitor,1
C001205,2026-01-12 10:36:00,Exit,1
C001206,2026-01-06 23:56:00,Visitor,1
C001206,2026-01-06 23:59:00,Exit,1
C001207,2026-01-01 07:24:00,Visitor,1
C001207,2026-01-01 07:32:00,Exit,1
C001208,2026-01-07 04:54:00,Visitor,1
C001208,2026-01-07 05:01:00,Product View,1
C001208,2026-01-07 05:09:00,Add to Cart,1
C001208,2026-01-07 05:11:00,Exit,1
C001209,2026-01-03 05:53:00,Visitor,1
C001209,2026-01-03 05:57:00,Exit,1
C001210,2026-01-09 17:02:00,Visitor,1
C001210,2026-01-09 17:09:00,Exit,1
C001211,2026-01-01 10:48:00,Visitor,1
C001211,2026-01-01 10:53:00,Product View,1
C001211,2026-01-01 10:55:00,Add to Cart,1
C001211,2026-01-01 10:56:00,Exit,1
C001212,2026-01-14 19:36:00,Visitor,1
C001212,2026-01-14 19:43:00,Product View,1
C001212,2026-01-14 19:44:00,Add to Cart,1
C001212,2026-01-14 19:53:00,Exit,1
C001213,2026-01-09 12:27:00,Visitor,1
C001213,2026-01-09 12:36:00,Product View,1
C001213,2026-01-09 12:42:00,Add to Cart,1
C001213,2026-01-09 12:50:00,Purchase,1
C001213,2026-01-09 12:53:00,Exit,1
C001214,2026-01-11 11:45:00,Visitor,1
C001214,2026-01-11 11:46:00,Exit,1
C001215,2026-01-03 08:09:00,Visitor,1
C001215,2026-01-03 08:14:00,Product View,1
C001215,2026-01-03 08:22:00,Exit,1
C001216,2026-01-14 17:29:00,Visitor,1
C001216,2026-01-14 17:33:00,Product View,1
C001216,2026-01-14 17:40:00,Exit,1
C001217,2026-01-09 10:08:00,Visitor,1
C001217,2026-01-09 10:19:00,Product View,1
C001217,2026-01-09 10:25:00,Add to Cart,1
C001217,2026-01-09 10:26:00,Product View,1
C001217,2026-01-09 10:35:00,Exit,1
C001218,2026-01-05 08:34:00,Visitor,1
C001218,2026-01-05 08:36:00,Product View,1
C001218,2026-01-05 08:45:00,Exit,1
C001219,2026-01-02 13:45:00,Visitor,1
C001219,2026-01-02 13:55:00,Exit,1
C001220,2026-01-10 14:43:00,Visitor,1
C001220,2026-01-10 14:48:00,Product View,1
C001220,2026-01-10 14:50:00,Exit,1
C001221,2026-01-08 01:01:00,Visitor,1
C001221,2026-01-08 01:02:00,Product View,1
C001221,2026-01-08 01:05:00,Add to Cart,1
C001221,2026-01-08 01:06:00,Exit,1
C001222,2026-01-10 00:03:00,Visitor,1
C001222,2026-01-10 00:08:00,Product View,1
C001222,2026-01-10 00:14:00,Exit,1
C001223,2026-01-07 19:14:00,Visitor,1
C001223,2026-01-07 19:16:00,Product View,1
C001223,2026-01-07 19:20:00,Product View,1
C001223,2026-01-07 19:22:00,Exit,1
C001224,2026-01-10 08:26:00,Visitor,1
C001224,2026-01-10 08:37:00,Product View,1
C001224,2026-01-10 08:38:00,Exit,1
C001225,2026-01-12 09:36:00,Visitor,1
C001225,2026-01-12 09:37:00,Exit,1
C001226,2026-01-06 06:48:00,Visitor,1
C001226,2026-01-06 06:50:00,Exit,1
C001227,2026-01-14 11:54:00,Visitor,1
C001227,2026-01-14 11:56:00,Exit,1
C001228,2026-01-07 08:09:00,Visitor,1
C001228,2026-01-07 08:23:00,Product View,1
C001228,2026-01-07 08:24:00,Exit,1
C001229,2026-01-03 17:42:00,Visitor,1
C001229,2026-01-03 17:45:00,Product View,1
C001229,2026-01-03 17:52:00,Exit,1
C001230,2026-01-09 06:41:00,Visitor,1
C001230,2026-01-09 06:42:00,Exit,1
C001231,2026-01-13 07:43:00,Visitor,1
C001231,2026-01-13 07:47:00,Exit,1
C001232,2026-01-10 00:15:00,Visitor,1
C001232,2026-01-10 00:18:00,Product View,1
C001232,2026-01-10 00:24:00,Add to Cart,1
C001232,2026-01-10 00:28:00,Exit,1
C001233,2026-01-14 06:22:00,Visitor,1
C001233,2026-01-14 06:28:00,Product View,1
C001233,2026-01-14 06:32:00,Exit,1
C001234,2026-01-07 08:12:00,Visitor,1
C001234,2026-01-07 08:17:00,Exit,1
C001235,2026-01-05 19:33:00,Visitor,1
C001235,2026-01-05 19:39:00,Exit,1
C001236,2026-01-08 05:44:00,Visitor,1
C001236,2026-01-08 05:46:00,Product View,1
C001236,2026-01-08 05:48:00,Exit,1
C001237,2026-01-05 21:33:00,Visitor,1
C001237,2026-01-05 21:40:00,Product View,1
C001237,2026-01-05 21:43:00,Exit,1
C001238,2026-01-04 08:36:00,Visitor,1
C001238,2026-01-04 08:37:00,Exit,1
C001239,2026-01-02 22:50:00,Visitor,1
C001239,2026-01-02 22:51:00,Exit,1
C001240,2026-01-08 05:13:00,Visitor,1
C001240,2026-01-08 05:15:00,Product View,1
C001240,2026-01-08 05:24:00,Exit,1
C001241,2026-01-03 20:26:00,Visitor,1
C001241,2026-01-03 20:27:00,Product View,1
C001241,2026-01-03 20:32:00,Exit,1
C001242,2026-01-02 11:35:00,Visitor,1
C001242,2026-01-02 11:37:00,Product View,1
C001242,2026-01-02 11:44:00,Exit,1
C001243,2026-01-13 03:09:00,Visitor,1
C001243,2026-01-13 03:12:00,Product View,1
C001243,2026-01-13 03:13:00,Add to Cart,1
C001243,2026-01-13 03:23:00,Purchase,1
C001243,2026-01-13 03:29:00,Repeat Purchase,1
C001243,2026-01-13 03:36:00,Exit,1
C001244,2026-01-03 22:03:00,Visitor,1
C001244,2026-01-03 22:09:00,Product View,1
C001244,2026-01-03 22:21:00,Exit,1
C001245,2026-01-08 14:25:00,Visitor,1
C001245,2026-01-08 14:26:00,Exit,1
C001246,2026-01-01 08:18:00,Visitor,1
C001246,2026-01-01 08:20:00,Product View,1
C001246,2026-01-01 08:22:00,Exit,1
C001247,2026-01-10 06:23:00,Visitor,1
C001247,2026-01-10 06:32:00,Exit,1
C001248,2026-01-13 07:05:00,Visitor,1
C001248,2026-01-13 07:09:00,Product View,1
C001248,2026-01-13 07:15:00,Exit,1
C001249,2026-01-04 06:26:00,Visitor,1
C001249,2026-01-04 06:41:00,Product View,1
C001249,2026-01-04 06:45:00,Exit,1
C001250,2026-01-10 21:27:00,Visitor,1
C001250,2026-01-10 21:35:00,Exit,1
C001251,2026-01-04 16:45:00,Visitor,1
C001251,2026-01-04 16:49:00,Product View,1
C001251,2026-01-04 16:55:00,Product View,1
C001251,2026-01-04 17:04:00,Add to Cart,1
C001251,2026-01-04 17:05:00,Purchase,1
C001251,2026-01-04 17:06:00,Exit,1
C001252,2026-01-09 14:01:00,Visitor,1
C001252,2026-01-09 14:11:00,Exit,1
C001253,2026-01-07 03:49:00,Visitor,1
C001253,2026-01-07 03:56:00,Exit,1
C001254,2026-01-14 06:14:00,Visitor,1
C001254,2026-01-14 06:21:00,Product View,1
C001254,2026-01-14 06:31:00,Exit,1
C001255,2026-01-02 13:21:00,Visitor,1
C001255,2026-01-02 13:24:00,Exit,1
C001256,2026-01-01 03:55:00,Visitor,1
C001256,2026-01-01 04:01:00,Product View,1
C001256,2026-01-01 04:03:00,Exit,1
C001257,2026-01-06 00:53:00,Visitor,1
C001257,2026-01-06 00:55:00,Product View,1
C001257,2026-01-06 00:56:00,Exit,1
C001258,2026-01-11 17:51:00,Visitor,1
C001258,2026-01-11 17:53:00,Product View,1
C001258,2026-01-11 18:07:00,Add to Cart,1
C001258,2026-01-11 18:08:00,Exit,1
C001259,2026-01-10 17:16:00,Visitor,1
C001259,2026-01-10 17:17:00,Product View,1
C001259,2026-01-10 17:21:00,Exit,1
C001260,2026-01-06 12:58:00,Visitor,1
C001260,2026-01-06 13:01:00,Exit,1
C001261,2026-01-09 16:47:00,Visitor,1
C001261,2026-01-09 16:59:00,Product View,1
C001261,2026-01-09 17:05:00,Exit,1
C001262,2026-01-06 00:24:00,Visitor,1
C001262,2026-01-06 00:28:00,Exit,1
C001263,2026-01-03 16:18:00,Visitor,1
C001263,2026-01-03 16:20:00,Product View,1
C001263,2026-01-03 16:21:00,Exit,1
C001264,2026-01-12 13:35:00,Visitor,1
C001264,2026-01-12 13:40:00,Product View,1
C001264,2026-01-12 13:42:00,Product View,1
C001264,2026-01-12 13:45:00,Exit,1
C001265,2026-01-01 17:36:00,Visitor,1
C001265,2026-01-01 17:39:00,Exit,1
C001266,2026-01-11 22:19:00,Visitor,1
C001266,2026-01-11 22:38:00,Product View,1
C001266,2026-01-11 22:43:00,Product View,1
C001266,2026-01-11 22:55:00,Exit,1
C001267,2026-01-06 11:16:00,Visitor,1
C001267,2026-01-06 11:19:00,Exit,1
C001268,2026-01-14 18:26:00,Visitor,1
C001268,2026-01-14 18:31:00,Exit,1
C001269,2026-01-11 11:45:00,Visitor,1
C001269,2026-01-11 11:49:00,Product View,1
C001269,2026-01-11 11:50:00,Add to Cart,1
C001269,2026-01-11 12:10:00,Product View,1
C001269,2026-01-11 12:21:00,Exit,1
C001270,2026-01-04 22:24:00,Visitor,1
C001270,2026-01-04 22:36:00,Product View,1
C001270,2026-01-04 22:41:00,Add to Cart,1
C001270,2026-01-04 22:44:00,Exit,1
C001271,2026-01-14 02:40:00,Visitor,1
C001271,2026-01-14 02:45:00,Exit,1
C001272,2026-01-03 04:45:00,Visitor,1
C001272,2026-01-03 04:48:00,Product View,1
C001272,2026-01-03 04:49:00,Exit,1
C001273,2026-01-04 18:57:00,Visitor,1
C001273,2026-01-04 19:03:00,Product View,1
C001273,2026-01-04 19:05:00,Exit,1
C001274,2026-01-12 00:43:00,Visitor,1
C001274,2026-01-12 00:51:00,Product View,1
C001274,2026-01-12 00:53:00,Exit,1
C001275,2026-01-13 08:12:00,Visitor,1
C001275,2026-01-13 08:13:00,Product View,1
C001275,2026-01-13 08:16:00,Exit,1
C001276,2026-01-08 10:41:00,Visitor,1
C001276,2026-01-08 10:43:00,Product View,1
C001276,2026-01-08 10:45:00,Add to Cart,1
C001276,2026-01-08 10:50:00,Purchase,1
C001276,2026-01-08 10:53:00,Exit,1
C001277,2026-01-06 17:22:00,Visitor,1
C001277,2026-01-06 17:26:00,Product View,1
C001277,2026-01-06 17:36:00,Add to Cart,1
C001277,2026-01-06 17:38:00,Product View,1
C001277,2026-01-06 17:39:00,Exit,1
C001278,2026-01-14 13:46:00,Visitor,1
C001278,2026-01-14 13:52:00,Product View,1
C001278,2026-01-14 13:53:00,Exit,1
C001279,2026-01-10 05:42:00,Visitor,1
C001279,2026-01-10 05:43:00,Product View,1
C001279,2026-01-10 05:47:00,Exit,1
C001280,2026-01-06 04:42:00,Visitor,1
C001280,2026-01-06 04:47:00,Product View,1
C001280,2026-01-06 04:48:00,Exit,1
C001281,2026-01-01 06:25:00,Visitor,1
C001281,2026-01-01 06:27:00,Product View,1
C001281,2026-01-01 06:29:00,Exit,1
C001282,2026-01-04 17:42:00,Visitor,1
C001282,2026-01-04 17:43:00,Product View,1
C001282,2026-01-04 17:49:00,Product View,1
C001282,2026-01-04 17:54:00,Add to Cart,1
C001282,2026-01-04 17:57:00,Purchase,1
C001282,2026-01-04 17:59:00,Exit,1
C001283,2026-01-01 11:02:00,Visitor,1
C001283,2026-01-01 11:11:00,Product View,1
C001283,2026-01-01 11:12:00,Exit,1
C001284,2026-01-05 11:00:00,Visitor,1
C001284,2026-01-05 11:01:00,Exit,1
C001285,2026-01-13 00:35:00,Visitor,1
C001285,2026-01-13 00:40:00,Product View,1
C001285,2026-01-13 00:41:00,Product View,1
C001285,2026-01-13 00:43:00,Exit,1
C001286,2026-01-03 22:20:00,Visitor,1
C001286,2026-01-03 22:21:00,Exit,1
C001287,2026-01-05 10:30:00,Visitor,1
C001287,2026-01-05 10:33:00,Product View,1
C001287,2026-01-05 10:37:00,Add to Cart,1
C001287,2026-01-05 11:05:00,Exit,1
C001288,2026-01-12 02:00:00,Visitor,1
C001288,2026-01-12 02:02:00,Exit,1
C001289,2026-01-14 16:21:00,Visitor,1
C001289,2026-01-14 16:31:00,Product View,1
C001289,2026-01-14 16:33:00,Add to Cart,1
C001289,2026-01-14 16:41:00,Purchase,1
C001289,2026-01-14 16:45:00,Exit,1
C001290,2026-01-01 00:28:00,Visitor,1
C001290,2026-01-01 00:30:00,Product View,1
C001290,2026-01-01 00:34:00,Product View,1
C001290,2026-01-01 00:42:00,Exit,1
C001291,2026-01-08 09:40:00,Visitor,1
C001291,2026-01-08 09:43:00,Exit,1
C001292,2026-01-02 19:33:00,Visitor,1
C001292,2026-01-02 19:34:00,Exit,1
C001293,2026-01-13 12:32:00,Visitor,1
C001293,2026-01-13 12:39:00,Exit,1
C001294,2026-01-08 02:59:00,Visitor,1
C001294,2026-01-08 03:07:00,Exit,1
C001295,2026-01-13 22:29:00,Visitor,1
C001295,2026-01-13 22:30:00,Product View,1
C001295,2026-01-13 22:33:00,Exit,1
C001296,2026-01-01 07:14:00,Visitor,1
C001296,2026-01-01 07:22:00,Product View,1
C001296,2026-01-01 07:23:00,Add to Cart,1
C001296,2026-01-01 07:35:00,Exit,1
C001297,2026-01-04 06:53:00,Visitor,1
C001297,2026-01-04 06:57:00,Exit,1
C001298,2026-01-08 19:15:00,Visitor,1
C001298,2026-01-08 19:16:00,Exit,1
C001299,2026-01-10 22:17:00,Visitor,1
C001299,2026-01-10 22:19:00,Exit,1
C001300,2026-01-12 00:41:00,Visitor,1
C001300,2026-01-12 00:43:00,Exit,1
C001301,2026-01-10 08:41:00,Visitor,1
C001301,2026-01-10 08:47:00,Product View,1
C001301,2026-01-10 08:51:00,Add to Cart,1
C001301,2026-01-10 08:55:00,Exit,1
C001302,2026-01-13 01:06:00,Visitor,1
C001302,2026-01-13 01:08:00,Product View,1
C001302,2026-01-13 01:09:00,Exit,1
C001303,2026-01-01 20:38:00,Visitor,1
C001303,2026-01-01 20:46:00,Product View,1
C001303,2026-01-01 20:48:00,Exit,1
C001304,2026-01-01 01:18:00,Visitor,1
C001304,2026-01-01 01:37:00,Product View,1
C001304,2026-01-01 01:38:00,Add to Cart,1
C001304,2026-01-01 01:40:00,Exit,1
C001305,2026-01-14 19:02:00,Visitor,1
C001305,2026-01-14 19:06:00,Product View,1
C001305,2026-01-14 19:14:00,Exit,1
C001306,2026-01-01 04:44:00,Visitor,1
C001306,2026-01-01 04:48:00,Exit,1
C001307,2026-01-04 21:25:00,Visitor,1
C001307,2026-01-04 21:26:00,Exit,1
C001308,2026-01-05 06:32:00,Visitor,1
C001308,2026-01-05 06:34:00,Product View,1
C001308,2026-01-05 06:42:00,Add to Cart,1
C001308,2026-01-05 06:48:00,Purchase,1
C001308,2026-01-05 07:01:00,Repeat Purchase,1
C001308,2026-01-05 07:06:00,Exit,1
C001309,2026-01-14 03:26:00,Visitor,1
C001309,2026-01-14 03:29:00,Exit,1
C001310,2026-01-11 19:32:00,Visitor,1
C001310,2026-01-11 19:35:00,Exit,1
C001311,2026-01-09 08:08:00,Visitor,1
C001311,2026-01-09 08:11:00,Exit,1
C001312,2026-01-13 07:15:00,Visitor,1
C001312,2026-01-13 07:18:00,Exit,1
C001313,2026-01-01 11:05:00,Visitor,1
C001313,2026-01-01 11:06:00,Exit,1
C001314,2026-01-02 16:17:00,Visitor,1
C001314,2026-01-02 16:24:00,Exit,1
C001315,2026-01-08 02:57:00,Visitor,1
C001315,2026-01-08 02:59:00,Exit,1
C001316,2026-01-08 18:17:00,Visitor,1
C001316,2026-01-08 18:19:00,Exit,1
C001317,2026-01-02 06:15:00,Visitor,1
C001317,2026-01-02 06:24:00,Exit,1
C001318,2026-01-09 06:13:00,Visitor,1
C001318,2026-01-09 06:14:00,Product View,1
C001318,2026-01-09 06:17:00,Exit,1
C001319,2026-01-11 15:51:00,Visitor,1
C001319,2026-01-11 15:52:00,Exit,1
C001320,2026-01-05 12:07:00,Visitor,1
C001320,2026-01-05 12:08:00,Exit,1
C001321,2026-01-03 02:32:00,Visitor,1
C001321,2026-01-03 02:37:00,Product View,1
C001321,2026-01-03 02:40:00,Exit,1
C001322,2026-01-02 06:26:00,Visitor,1
C001322,2026-01-02 06:30:00,Product View,1
C001322,2026-01-02 06:47:00,Add to Cart,1
C001322,2026-01-02 06:48:00,Exit,1
C001323,2026-01-14 17:44:00,Visitor,1
C001323,2026-01-14 17:48:00,Product View,1
C001323,2026-01-14 18:03:00,Exit,1
C001324,2026-01-09 01:54:00,Visitor,1
C001324,2026-01-09 01:55:00,Product View,1
C001324,2026-01-09 01:58:00,Exit,1
C001325,2026-01-04 16:08:00,Visitor,1
C001325,2026-01-04 16:15:00,Exit,1
C001326,2026-01-02 20:58:00,Visitor,1
C001326,2026-01-02 21:05:00,Product View,1
C001326,2026-01-02 21:11:00,Exit,1
C001327,2026-01-04 20:12:00,Visitor,1
C001327,2026-01-04 20:13:00,Exit,1
C001328,2026-01-14 06:22:00,Visitor,1
C001328,2026-01-14 06:29:00,Exit,1
C001329,2026-01-01 08:05:00,Visitor,1
C001329,2026-01-01 08:10:00,Product View,1
C001329,2026-01-01 08:19:00,Exit,1
C001330,2026-01-13 12:31:00,Visitor,1
C001330,2026-01-13 12:40:00,Product View,1
C001330,2026-01-13 12:43:00,Exit,1
C001331,2026-01-10 09:30:00,Visitor,1
C001331,2026-01-10 09:32:00,Product View,1
C001331,2026-01-10 09:43:00,Add to Cart,1
C001331,2026-01-10 09:47:00,Purchase,1
C001331,2026-01-10 09:53:00,Exit,1
C001332,2026-01-14 06:17:00,Visitor,1
C001332,2026-01-14 06:19:00,Exit,1
C001333,2026-01-06 07:00:00,Visitor,1
C001333,2026-01-06 07:06:00,Product View,1
C001333,2026-01-06 07:15:00,Add to Cart,1
C001333,2026-01-06 07:16:00,Exit,1
C001334,2026-01-11 18:44:00,Visitor,1
C001334,2026-01-11 18:46:00,Exit,1
C001335,2026-01-04 12:32:00,Visitor,1
C001335,2026-01-04 12:33:00,Product View,1
C001335,2026-01-04 12:38:00,Exit,1
C001336,2026-01-07 19:18:00,Visitor,1
C001336,2026-01-07 19:24:00,Product View,1
C001336,2026-01-07 19:32:00,Exit,1
C001337,2026-01-05 12:13:00,Visitor,1
C001337,2026-01-05 12:15:00,Product View,1
C001337,2026-01-05 12:16:00,Exit,1
C001338,2026-01-07 05:25:00,Visitor,1
C001338,2026-01-07 05:30:00,Product View,1
C001338,2026-01-07 05:33:00,Product View,1
C001338,2026-01-07 05:34:00,Add to Cart,1
C001338,2026-01-07 05:45:00,Exit,1
C001339,2026-01-06 15:54:00,Visitor,1
C001339,2026-01-06 16:05:00,Product View,1
C001339,2026-01-06 16:08:00,Exit,1
C001340,2026-01-04 10:07:00,Visitor,1
C001340,2026-01-04 10:09:00,Product View,1
C001340,2026-01-04 10:13:00,Exit,1
C001341,2026-01-10 18:27:00,Visitor,1
C001341,2026-01-10 18:28:00,Product View,1
C001341,2026-01-10 18:29:00,Exit,1
C001342,2026-01-08 18:31:00,Visitor,1
C001342,2026-01-08 18:34:00,Product View,1
C001342,2026-01-08 18:35:00,Product View,1
C001342,2026-01-08 18:36:00,Exit,1
C001343,2026-01-12 08:35:00,Visitor,1
C001343,2026-01-12 08:38:00,Product View,1
C001343,2026-01-12 08:44:00,Add to Cart,1
C001343,2026-01-12 08:53:00,Purchase,1
C001343,2026-01-12 08:54:00,Exit,1
C001344,2026-01-08 12:54:00,Visitor,1
C001344,2026-01-08 13:03:00,Exit,1
C001345,2026-01-07 16:49:00,Visitor,1
C001345,2026-01-07 16:51:00,Product View,1
C001345,2026-01-07 16:57:00,Add to Cart,1
C001345,2026-01-07 17:02:00,Exit,1
C001346,2026-01-01 15:04:00,Visitor,1
C001346,2026-01-01 15:05:00,Product View,1
C001346,2026-01-01 15:12:00,Add to Cart,1
C001346,2026-01-01 15:15:00,Exit,1
C001347,2026-01-02 05:07:00,Visitor,1
C001347,2026-01-02 05:12:00,Product View,1
C001347,2026-01-02 05:14:00,Add to Cart,1
C001347,2026-01-02 05:22:00,Purchase,1
C001347,2026-01-02 05:27:00,Exit,1
C001348,2026-01-11 18:59:00,Visitor,1
C001348,2026-01-11 19:03:00,Exit,1
C001349,2026-01-11 19:40:00,Visitor,1
C001349,2026-01-11 19:52:00,Product View,1
C001349,2026-01-11 19:54:00,Add to Cart,1
C001349,2026-01-11 19:55:00,Purchase,1
C001349,2026-01-11 20:13:00,Repeat Purchase,1
C001349,2026-01-11 20:14:00,Loyal Customer,1
C001349,2026-01-11 20:20:00,Loyal Customer,1
C001349,2026-01-11 20:22:00,Exit,1
C001350,2026-01-03 06:48:00,Visitor,1
C001350,2026-01-03 06:51:00,Exit,1
C001351,2026-01-09 23:30:00,Visitor,1
C001351,2026-01-09 23:32:00,Product View,1
C001351,2026-01-09 23:42:00,Exit,1
C001352,2026-01-11 17:16:00,Visitor,1
C001352,2026-01-11 17:22:00,Product View,1
C001352,2026-01-11 17:30:00,Exit,1
C001353,2026-01-12 02:10:00,Visitor,1
C001353,2026-01-12 02:14:00,Product View,1
C001353,2026-01-12 02:15:00,Product View,1
C001353,2026-01-12 02:16:00,Exit,1
C001354,2026-01-06 20:46:00,Visitor,1
C001354,2026-01-06 20:50:00,Product View,1
C001354,2026-01-06 20:52:00,Exit,1
C001355,2026-01-14 08:34:00,Visitor,1
C001355,2026-01-14 08:35:00,Product View,1
C001355,2026-01-14 08:42:00,Exit,1
C001356,2026-01-03 21:15:00,Visitor,1
C001356,2026-01-03 21:25:00,Product View,1
C001356,2026-01-03 21:30:00,Add to Cart,1
C001356,2026-01-03 21:38:00,Purchase,1
C001356,2026-01-03 21:39:00,Exit,1
C001357,2026-01-10 15:54:00,Visitor,1
C001357,2026-01-10 15:55:00,Product View,1
C001357,2026-01-10 15:56:00,Add to Cart,1
C001357,2026-01-10 15:57:00,Purchase,1
C001357,2026-01-10 15:59:00,Exit,1
C001358,2026-01-12 09:49:00,Visitor,1
C001358,2026-01-12 09:51:00,Product View,1
C001358,2026-01-12 09:59:00,Product View,1
C001358,2026-01-12 10:11:00,Product View,1
C001358,2026-01-12 10:15:00,Exit,1
C001359,2026-01-14 17:47:00,Visitor,1
C001359,2026-01-14 17:52:00,Product View,1
C001359,2026-01-14 17:53:00,Product View,1
C001359,2026-01-14 17:57:00,Exit,1
C001360,2026-01-12 02:30:00,Visitor,1
C001360,2026-01-12 02:36:00,Product View,1
C001360,2026-01-12 02:48:00,Add to Cart,1
C001360,2026-01-12 02:52:00,Exit,1
C001361,2026-01-01 08:26:00,Visitor,1
C001361,2026-01-01 08:29:00,Exit,1
C001362,2026-01-06 02:27:00,Visitor,1
C001362,2026-01-06 02:44:00,Exit,1
C001363,2026-01-12 14:20:00,Visitor,1
C001363,2026-01-12 14:24:00,Exit,1
C001364,2026-01-03 18:54:00,Visitor,1
C001364,2026-01-03 18:57:00,Exit,1
C001365,2026-01-01 18:28:00,Visitor,1
C001365,2026-01-01 18:35:00,Product View,1
C001365,2026-01-01 18:38:00,Add to Cart,1
C001365,2026-01-01 18:41:00,Exit,1
C001366,2026-01-03 14:00:00,Visitor,1
C001366,2026-01-03 14:04:00,Exit,1
C001367,2026-01-09 22:44:00,Visitor,1
C001367,2026-01-09 22:47:00,Product View,1
C001367,2026-01-09 22:52:00,Exit,1
C001368,2026-01-06 19:54:00,Visitor,1
C001368,2026-01-06 19:56:00,Exit,1
C001369,2026-01-01 17:26:00,Visitor,1
C001369,2026-01-01 17:27:00,Exit,1
C001370,2026-01-04 13:35:00,Visitor,1
C001370,2026-01-04 13:39:00,Exit,1
C001371,2026-01-08 14:05:00,Visitor,1
C001371,2026-01-08 14:06:00,Product View,1
C001371,2026-01-08 14:32:00,Add to Cart,1
C001371,2026-01-08 14:33:00,Exit,1
C001372,2026-01-10 21:40:00,Visitor,1
C001372,2026-01-10 21:41:00,Product View,1
C001372,2026-01-10 21:55:00,Exit,1
C001373,2026-01-12 13:09:00,Visitor,1
C001373,2026-01-12 13:11:00,Exit,1
C001374,2026-01-04 18:06:00,Visitor,1
C001374,2026-01-04 18:11:00,Product View,1
C001374,2026-01-04 18:19:00,Exit,1
C001375,2026-01-02 06:29:00,Visitor,1
C001375,2026-01-02 06:35:00,Product View,1
C001375,2026-01-02 06:37:00,Exit,1
C001376,2026-01-07 03:28:00,Visitor,1
C001376,2026-01-07 03:29:00,Product View,1
C001376,2026-01-07 03:33:00,Exit,1
C001377,2026-01-03 04:26:00,Visitor,1
C001377,2026-01-03 04:28:00,Product View,1
C001377,2026-01-03 04:29:00,Product View,1
C001377,2026-01-03 04:31:00,Exit,1
C001378,2026-01-09 20:40:00,Visitor,1
C001378,2026-01-09 20:45:00,Exit,1
C001379,2026-01-05 02:26:00,Visitor,1
C001379,2026-01-05 02:28:00,Product View,1
C001379,2026-01-05 02:30:00,Exit,1
C001380,2026-01-13 02:53:00,Visitor,1
C001380,2026-01-13 02:54:00,Exit,1
C001381,2026-01-14 21:20:00,Visitor,1
C001381,2026-01-14 21:22:00,Product View,1
C001381,2026-01-14 21:24:00,Add to Cart,1
C001381,2026-01-14 21:27:00,Purchase,1
C001381,2026-01-14 21:28:00,Exit,1
C001382,2026-01-14 17:41:00,Visitor,1
C001382,2026-01-14 18:00:00,Product View,1
C001382,2026-01-14 18:03:00,Add to Cart,1
C001382,2026-01-14 18:10:00,Product View,1
C001382,2026-01-14 18:15:00,Product View,1
C001382,2026-01-14 18:20:00,Product View,1
C001382,2026-01-14 18:23:00,Exit,1
C001383,2026-01-12 21:54:00,Visitor,1
C001383,2026-01-12 22:01:00,Product View,1
C001383,2026-01-12 22:07:00,Add to Cart,1
C001383,2026-01-12 22:09:00,Purchase,1
C001383,2026-01-12 22:13:00,Exit,1
C001384,2026-01-09 19:50:00,Visitor,1
C001384,2026-01-09 19:57:00,Product View,1
C001384,2026-01-09 20:00:00,Add to Cart,1
C001384,2026-01-09 20:02:00,Exit,1
C001385,2026-01-02 18:41:00,Visitor,1
C001385,2026-01-02 18:50:00,Exit,1
C001386,2026-01-05 13:02:00,Visitor,1
C001386,2026-01-05 13:10:00,Product View,1
C001386,2026-01-05 13:25:00,Add to Cart,1
C001386,2026-01-05 13:27:00,Exit,1
C001387,2026-01-02 14:50:00,Visitor,1
C001387,2026-01-02 14:51:00,Product View,1
C001387,2026-01-02 14:52:00,Exit,1
C001388,2026-01-08 11:58:00,Visitor,1
C001388,2026-01-08 11:59:00,Product View,1
C001388,2026-01-08 12:09:00,Exit,1
C001389,2026-01-13 00:50:00,Visitor,1
C001389,2026-01-13 00:52:00,Product View,1
C001389,2026-01-13 00:56:00,Exit,1
C001390,2026-01-07 03:51:00,Visitor,1
C001390,2026-01-07 03:54:00,Product View,1
C001390,2026-01-07 03:55:00,Exit,1
C001391,2026-01-02 06:48:00,Visitor,1
C001391,2026-01-02 06:49:00,Exit,1
C001392,2026-01-07 01:10:00,Visitor,1
C001392,2026-01-07 01:16:00,Product View,1
C001392,2026-01-07 01:24:00,Exit,1
C001393,2026-01-06 01:59:00,Visitor,1
C001393,2026-01-06 02:01:00,Product View,1
C001393,2026-01-06 02:03:00,Exit,1
C001394,2026-01-01 08:49:00,Visitor,1
C001394,2026-01-01 08:54:00,Product View,1
C001394,2026-01-01 09:07:00,Exit,1
C001395,2026-01-06 09:15:00,Visitor,1
C001395,2026-01-06 09:23:00,Exit,1
C001396,2026-01-04 05:25:00,Visitor,1
C001396,2026-01-04 05:35:00,Product View,1
C001396,2026-01-04 05:36:00,Product View,1
C001396,2026-01-04 05:40:00,Exit,1
C001397,2026-01-11 11:13:00,Visitor,1
C001397,2026-01-11 11:26:00,Product View,1
C001397,2026-01-11 11:40:00,Exit,1
C001398,2026-01-09 03:01:00,Visitor,1
C001398,2026-01-09 03:06:00,Exit,1
C001399,2026-01-10 15:53:00,Visitor,1
C001399,2026-01-10 15:58:00,Exit,1
C001400,2026-01-06 03:18:00,Visitor,1
C001400,2026-01-06 03:20:00,Exit,1
C001401,2026-01-03 15:53:00,Visitor,1
C001401,2026-01-03 15:55:00,Product View,1
C001401,2026-01-03 15:56:00,Exit,1
C001402,2026-01-09 03:24:00,Visitor,1
C001402,2026-01-09 03:25:00,Product View,1
C001402,2026-01-09 03:33:00,Add to Cart,1
C001402,2026-01-09 03:36:00,Product View,1
C001402,2026-01-09 03:40:00,Exit,1
C001403,2026-01-14 04:51:00,Visitor,1
C001403,2026-01-14 04:52:00,Exit,1
C001404,2026-01-04 08:28:00,Visitor,1
C001404,2026-01-04 08:30:00,Product View,1
C001404,2026-01-04 08:35:00,Add to Cart,1
C001404,2026-01-04 08:37:00,Exit,1
C001405,2026-01-01 04:57:00,Visitor,1
C001405,2026-01-01 04:59:00,Product View,1
C001405,2026-01-01 05:01:00,Exit,1
C001406,2026-01-11 18:49:00,Visitor,1
C001406,2026-01-11 18:50:00,Exit,1
C001407,2026-01-08 18:51:00,Visitor,1
C001407,2026-01-08 19:00:00,Product View,1
C001407,2026-01-08 19:05:00,Add to Cart,1
C001407,2026-01-08 19:08:00,Exit,1
C001408,2026-01-09 16:40:00,Visitor,1
C001408,2026-01-09 16:41:00,Exit,1
C001409,2026-01-06 22:30:00,Visitor,1
C001409,2026-01-06 22:33:00,Exit,1
C001410,2026-01-11 00:03:00,Visitor,1
C001410,2026-01-11 00:04:00,Exit,1
C001411,2026-01-03 22:54:00,Visitor,1
C001411,2026-01-03 22:56:00,Exit,1
C001412,2026-01-08 00:50:00,Visitor,1
C001412,2026-01-08 00:51:00,Product View,1
C001412,2026-01-08 00:53:00,Exit,1
C001413,2026-01-11 18:28:00,Visitor,1
C001413,2026-01-11 18:30:00,Exit,1
C001414,2026-01-01 23:06:00,Visitor,1
C001414,2026-01-01 23:08:00,Product View,1
C001414,2026-01-01 23:09:00,Add to Cart,1
C001414,2026-01-01 23:14:00,Purchase,1
C001414,2026-01-01 23:16:00,Repeat Purchase,1
C001414,2026-01-01 23:22:00,Loyal Customer,1
C001414,2026-01-01 23:27:00,Loyal Customer,1
C001414,2026-01-01 23:32:00,Loyal Customer,1
C001414,2026-01-01 23:43:00,Loyal Customer,1
C001414,2026-01-01 23:46:00,Loyal Customer,1
C001414,2026-01-01 23:49:00,Exit,1
C001415,2026-01-01 01:38:00,Visitor,1
C001415,2026-01-01 01:39:00,Product View,1
C001415,2026-01-01 01:40:00,Exit,1
C001416,2026-01-12 11:16:00,Visitor,1
C001416,2026-01-12 11:17:00,Product View,1
C001416,2026-01-12 11:33:00,Exit,1
C001417,2026-01-05 09:57:00,Visitor,1
C001417,2026-01-05 09:58:00,Exit,1
C001418,2026-01-13 02:14:00,Visitor,1
C001418,2026-01-13 02:18:00,Product View,1
C001418,2026-01-13 02:19:00,Add to Cart,1
C001418,2026-01-13 02:22:00,Exit,1
C001419,2026-01-08 20:06:00,Visitor,1
C001419,2026-01-08 20:10:00,Exit,1
C001420,2026-01-14 20:58:00,Visitor,1
C001420,2026-01-14 20:59:00,Exit,1
C001421,2026-01-06 17:34:00,Visitor,1
C001421,2026-01-06 17:39:00,Exit,1
C001422,2026-01-08 01:12:00,Visitor,1
C001422,2026-01-08 01:17:00,Product View,1
C001422,2026-01-08 01:22:00,Add to Cart,1
C001422,2026-01-08 01:24:00,Product View,1
C001422,2026-01-08 01:31:00,Exit,1
C001423,2026-01-14 17:57:00,Visitor,1
C001423,2026-01-14 18:00:00,Exit,1
C001424,2026-01-10 15:39:00,Visitor,1
C001424,2026-01-10 15:40:00,Product View,1
C001424,2026-01-10 15:41:00,Add to Cart,1
C001424,2026-01-10 15:44:00,Exit,1
C001425,2026-01-12 15:30:00,Visitor,1
C001425,2026-01-12 15:31:00,Exit,1
C001426,2026-01-07 11:19:00,Visitor,1
C001426,2026-01-07 11:26:00,Product View,1
C001426,2026-01-07 11:33:00,Product View,1
C001426,2026-01-07 11:34:00,Exit,1
C001427,2026-01-13 08:35:00,Visitor,1
C001427,2026-01-13 08:38:00,Exit,1
C001428,2026-01-01 08:44:00,Visitor,1
C001428,2026-01-01 08:46:00,Product View,1
C001428,2026-01-01 08:55:00,Exit,1
C001429,2026-01-07 05:49:00,Visitor,1
C001429,2026-01-07 05:50:00,Exit,1
C001430,2026-01-13 09:12:00,Visitor,1
C001430,2026-01-13 09:15:00,Exit,1
C001431,2026-01-04 17:35:00,Visitor,1
C001431,2026-01-04 17:36:00,Product View,1
C001431,2026-01-04 17:44:00,Exit,1
C001432,2026-01-03 07:53:00,Visitor,1
C001432,2026-01-03 08:01:00,Product View,1
C001432,2026-01-03 08:03:00,Exit,1
C001433,2026-01-06 14:04:00,Visitor,1
C001433,2026-01-06 14:05:00,Product View,1
C001433,2026-01-06 14:07:00,Add to Cart,1
C001433,2026-01-06 14:10:00,Purchase,1
C001433,2026-01-06 14:12:00,Exit,1
C001434,2026-01-13 17:02:00,Visitor,1
C001434,2026-01-13 17:04:00,Product View,1
C001434,2026-01-13 17:10:00,Exit,1
C001435,2026-01-12 19:38:00,Visitor,1
C001435,2026-01-12 19:40:00,Product View,1
C001435,2026-01-12 19:45:00,Exit,1
C001436,2026-01-05 18:52:00,Visitor,1
C001436,2026-01-05 19:02:00,Product View,1
C001436,2026-01-05 19:05:00,Exit,1
C001437,2026-01-14 05:04:00,Visitor,1
C001437,2026-01-14 05:07:00,Exit,1
C001438,2026-01-02 03:07:00,Visitor,1
C001438,2026-01-02 03:09:00,Product View,1
C001438,2026-01-02 03:13:00,Exit,1
C001439,2026-01-12 12:26:00,Visitor,1
C001439,2026-01-12 12:27:00,Product View,1
C001439,2026-01-12 12:28:00,Exit,1
C001440,2026-01-06 11:07:00,Visitor,1
C001440,2026-01-06 11:12:00,Product View,1
C001440,2026-01-06 11:13:00,Exit,1
C001441,2026-01-09 09:16:00,Visitor,1
C001441,2026-01-09 09:18:00,Product View,1
C001441,2026-01-09 09:22:00,Add to Cart,1
C001441,2026-01-09 09:23:00,Product View,1
C001441,2026-01-09 09:24:00,Exit,1
C001442,2026-01-04 15:05:00,Visitor,1
C001442,2026-01-04 15:10:00,Exit,1
C001443,2026-01-12 05:40:00,Visitor,1
C001443,2026-01-12 05:44:00,Exit,1
C001444,2026-01-06 18:00:00,Visitor,1
C001444,2026-01-06 18:05:00,Product View,1
C001444,2026-01-06 18:09:00,Exit,1
C001445,2026-01-02 01:41:00,Visitor,1
C001445,2026-01-02 01:44:00,Product View,1
C001445,2026-01-02 01:46:00,Add to Cart,1
C001445,2026-01-02 01:50:00,Purchase,1
C001445,2026-01-02 01:58:00,Repeat Purchase,1
C001445,2026-01-02 02:03:00,Exit,1
C001446,2026-01-12 12:24:00,Visitor,1
C001446,2026-01-12 12:37:00,Product View,1
C001446,2026-01-12 12:51:00,Exit,1
C001447,2026-01-03 03:50:00,Visitor,1
C001447,2026-01-03 03:55:00,Exit,1
C001448,2026-01-06 07:58:00,Visitor,1
C001448,2026-01-06 08:05:00,Product View,1
C001448,2026-01-06 08:07:00,Add to Cart,1
C001448,2026-01-06 08:15:00,Exit,1
C001449,2026-01-14 06:28:00,Visitor,1
C001449,2026-01-14 06:29:00,Product View,1
C001449,2026-01-14 06:32:00,Add to Cart,1
C001449,2026-01-14 06:35:00,Purchase,1
C001449,2026-01-14 06:37:00,Exit,1
C001450,2026-01-07 19:59:00,Visitor,1
C001450,2026-01-07 20:00:00,Product View,1
C001450,2026-01-07 20:02:00,Exit,1
C001451,2026-01-04 13:59:00,Visitor,1
C001451,2026-01-04 14:00:00,Product View,1
C001451,2026-01-04 14:02:00,Add to Cart,1
C001451,2026-01-04 14:20:00,Purchase,1
C001451,2026-01-04 14:21:00,Exit,1
C001452,2026-01-06 10:52:00,Visitor,1
C001452,2026-01-06 11:00:00,Product View,1
C001452,2026-01-06 11:02:00,Exit,1
C001453,2026-01-03 03:26:00,Visitor,1
C001453,2026-01-03 03:27:00,Exit,1
C001454,2026-01-11 20:44:00,Visitor,1
C001454,2026-01-11 20:47:00,Exit,1
C001455,2026-01-13 11:45:00,Visitor,1
C001455,2026-01-13 12:02:00,Product View,1
C001455,2026-01-13 12:04:00,Add to Cart,1
C001455,2026-01-13 12:14:00,Purchase,1
C001455,2026-01-13 12:20:00,Exit,1
C001456,2026-01-13 08:55:00,Visitor,1
C001456,2026-01-13 09:00:00,Product View,1
C001456,2026-01-13 09:13:00,Add to Cart,1
C001456,2026-01-13 09:27:00,Purchase,1
C001456,2026-01-13 09:29:00,Exit,1
C001457,2026-01-07 13:58:00,Visitor,1
C001457,2026-01-07 13:59:00,Exit,1
C001458,2026-01-11 14:15:00,Visitor,1
C001458,2026-01-11 14:16:00,Exit,1
C001459,2026-01-12 17:15:00,Visitor,1
C001459,2026-01-12 17:16:00,Product View,1
C001459,2026-01-12 17:21:00,Exit,1
C001460,2026-01-10 21:32:00,Visitor,1
C001460,2026-01-10 21:33:00,Exit,1
C001461,2026-01-13 21:44:00,Visitor,1
C001461,2026-01-13 21:55:00,Product View,1
C001461,2026-01-13 22:01:00,Exit,1
C001462,2026-01-12 04:06:00,Visitor,1
C001462,2026-01-12 04:07:00,Exit,1
C001463,2026-01-10 11:35:00,Visitor,1
C001463,2026-01-10 11:36:00,Exit,1
C001464,2026-01-08 20:28:00,Visitor,1
C001464,2026-01-08 20:30:00,Exit,1
C001465,2026-01-02 03:23:00,Visitor,1
C001465,2026-01-02 03:24:00,Product View,1
C001465,2026-01-02 03:27:00,Add to Cart,1
C001465,2026-01-02 03:29:00,Purchase,1
C001465,2026-01-02 03:30:00,Exit,1
C001466,2026-01-11 05:28:00,Visitor,1
C001466,2026-01-11 05:30:00,Product View,1
C001466,2026-01-11 05:41:00,Exit,1
C001467,2026-01-03 17:10:00,Visitor,1
C001467,2026-01-03 17:15:00,Exit,1
C001468,2026-01-05 11:47:00,Visitor,1
C001468,2026-01-05 11:50:00,Product View,1
C001468,2026-01-05 11:52:00,Add to Cart,1
C001468,2026-01-05 11:55:00,Purchase,1
C001468,2026-01-05 12:00:00,Exit,1
C001469,2026-01-07 09:47:00,Visitor,1
C001469,2026-01-07 09:51:00,Exit,1
C001470,2026-01-05 20:39:00,Visitor,1
C001470,2026-01-05 20:40:00,Exit,1
C001471,2026-01-03 16:42:00,Visitor,1
C001471,2026-01-03 16:46:00,Exit,1
C001472,2026-01-12 13:03:00,Visitor,1
C001472,2026-01-12 13:09:00,Exit,1
C001473,2026-01-01 23:19:00,Visitor,1
C001473,2026-01-01 23:26:00,Exit,1
C001474,2026-01-11 07:06:00,Visitor,1
C001474,2026-01-11 07:13:00,Product View,1
C001474,2026-01-11 07:21:00,Exit,1
C001475,2026-01-13 11:47:00,Visitor,1
C001475,2026-01-13 11:48:00,Exit,1
C001476,2026-01-14 16:20:00,Visitor,1
C001476,2026-01-14 16:40:00,Product View,1
C001476,2026-01-14 16:42:00,Exit,1
C001477,2026-01-04 22:28:00,Visitor,1
C001477,2026-01-04 22:31:00,Exit,1
C001478,2026-01-09 20:56:00,Visitor,1
C001478,2026-01-09 20:59:00,Exit,1
C001479,2026-01-07 20:41:00,Visitor,1
C001479,2026-01-07 20:43:00,Product View,1
C001479,2026-01-07 20:56:00,Add to Cart,1
C001479,2026-01-07 20:57:00,Purchase,1
C001479,2026-01-07 20:59:00,Repeat Purchase,1
C001479,2026-01-07 21:01:00,Exit,1
C001480,2026-01-05 17:43:00,Visitor,1
C001480,2026-01-05 17:44:00,Product View,1
C001480,2026-01-05 17:50:00,Add to Cart,1
C001480,2026-01-05 17:52:00,Exit,1
C001481,2026-01-01 16:54:00,Visitor,1
C001481,2026-01-01 17:00:00,Exit,1
C001482,2026-01-05 14:46:00,Visitor,1
C001482,2026-01-05 14:47:00,Product View,1
C001482,2026-01-05 14:51:00,Exit,1
C001483,2026-01-13 12:58:00,Visitor,1
C001483,2026-01-13 12:59:00,Exit,1
C001484,2026-01-01 21:00:00,Visitor,1
C001484,2026-01-01 21:03:00,Exit,1
C001485,2026-01-10 22:29:00,Visitor,1
C001485,2026-01-10 22:32:00,Product View,1
C001485,2026-01-10 22:37:00,Exit,1
C001486,2026-01-09 23:56:00,Visitor,1
C001486,2026-01-09 23:58:00,Product View,1
C001486,2026-01-10 00:01:00,Add to Cart,1
C001486,2026-01-10 00:11:00,Exit,1
C001487,2026-01-14 07:37:00,Visitor,1
C001487,2026-01-14 07:38:00,Exit,1
C001488,2026-01-14 20:00:00,Visitor,1
C001488,2026-01-14 20:04:00,Exit,1
C001489,2026-01-03 18:17:00,Visitor,1
C001489,2026-01-03 18:21:00,Product View,1
C001489,2026-01-03 18:29:00,Add to Cart,1
C001489,2026-01-03 18:34:00,Purchase,1
C001489,2026-01-03 18:36:00,Exit,1
C001490,2026-01-01 05:44:00,Visitor,1
C001490,2026-01-01 05:51:00,Product View,1
C001490,2026-01-01 05:54:00,Exit,1
C001491,2026-01-11 14:25:00,Visitor,1
C001491,2026-01-11 14:28:00,Exit,1
C001492,2026-01-05 03:12:00,Visitor,1
C001492,2026-01-05 03:15:00,Product View,1
C001492,2026-01-05 03:26:00,Add to Cart,1
C001492,2026-01-05 03:29:00,Exit,1
C001493,2026-01-05 10:43:00,Visitor,1
C001493,2026-01-05 10:45:00,Product View,1
C001493,2026-01-05 10:47:00,Exit,1
C001494,2026-01-13 03:51:00,Visitor,1
C001494,2026-01-13 03:52:00,Product View,1
C001494,2026-01-13 03:55:00,Exit,1
C001495,2026-01-06 18:58:00,Visitor,1
C001495,2026-01-06 19:09:00,Exit,1
C001496,2026-01-14 09:02:00,Visitor,1
C001496,2026-01-14 09:03:00,Exit,1
C001497,2026-01-07 17:45:00,Visitor,1
C001497,2026-01-07 17:46:00,Product View,1
C001497,2026-01-07 17:50:00,Exit,1
C001498,2026-01-03 06:54:00,Visitor,1
C001498,2026-01-03 06:55:00,Product View,1
C001498,2026-01-03 06:59:00,Exit,1
C001499,2026-01-05 22:19:00,Visitor,1
C001499,2026-01-05 22:37:00,Exit,1
C001500,2026-01-01 21:49:00,Visitor,1
C001500,2026-01-01 21:51:00,Product View,1
C001500,2026-01-01 21:53:00,Product View,1
C001500,2026-01-01 21:56:00,Add to Cart,1
C001500,2026-01-01 21:58:00,Exit,1
C001501,2026-01-11 09:21:00,Visitor,1
C001501,2026-01-11 09:35:00,Exit,1
C001502,2026-01-12 07:19:00,Visitor,1
C001502,2026-01-12 07:22:00,Product View,1
C001502,2026-01-12 07:26:00,Add to Cart,1
C001502,2026-01-12 07:31:00,Exit,1
C001503,2026-01-12 04:12:00,Visitor,1
C001503,2026-01-12 04:15:00,Exit,1
C001504,2026-01-14 10:39:00,Visitor,1
C001504,2026-01-14 10:42:00,Exit,1
C001505,2026-01-02 15:52:00,Visitor,1
C001505,2026-01-02 16:00:00,Exit,1
C001506,2026-01-07 00:43:00,Visitor,1
C001506,2026-01-07 00:52:00,Exit,1
C001507,2026-01-09 03:16:00,Visitor,1
C001507,2026-01-09 03:21:00,Exit,1
C001508,2026-01-12 00:29:00,Visitor,1
C001508,2026-01-12 00:35:00,Exit,1
C001509,2026-01-09 16:51:00,Visitor,1
C001509,2026-01-09 16:56:00,Product View,1
C001509,2026-01-09 16:57:00,Exit,1
C001510,2026-01-10 07:19:00,Visitor,1
C001510,2026-01-10 07:36:00,Product View,1
C001510,2026-01-10 07:37:00,Add to Cart,1
C001510,2026-01-10 07:41:00,Product View,1
C001510,2026-01-10 07:44:00,Exit,1
C001511,2026-01-14 14:01:00,Visitor,1
C001511,2026-01-14 14:02:00,Exit,1
C001512,2026-01-09 19:35:00,Visitor,1
C001512,2026-01-09 19:36:00,Product View,1
C001512,2026-01-09 19:40:00,Add to Cart,1
C001512,2026-01-09 19:42:00,Purchase,1
C001512,2026-01-09 19:55:00,Repeat Purchase,1
C001512,2026-01-09 19:57:00,Exit,1
C001513,2026-01-08 21:47:00,Visitor,1
C001513,2026-01-08 21:48:00,Exit,1
C001514,2026-01-14 19:25:00,Visitor,1
C001514,2026-01-14 19:26:00,Product View,1
C001514,2026-01-14 19:28:00,Product View,1
C001514,2026-01-14 19:38:00,Exit,1
C001515,2026-01-07 21:21:00,Visitor,1
C001515,2026-01-07 21:33:00,Product View,1
C001515,2026-01-07 21:48:00,Add to Cart,1
C001515,2026-01-07 21:54:00,Purchase,1
C001515,2026-01-07 21:55:00,Exit,1
C001516,2026-01-04 19:25:00,Visitor,1
C001516,2026-01-04 19:28:00,Product View,1
C001516,2026-01-04 19:29:00,Exit,1
C001517,2026-01-10 02:30:00,Visitor,1
C001517,2026-01-10 02:35:00,Product View,1
C001517,2026-01-10 02:36:00,Exit,1
C001518,2026-01-06 19:19:00,Visitor,1
C001518,2026-01-06 19:20:00,Product View,1
C001518,2026-01-06 19:21:00,Exit,1
C001519,2026-01-13 18:43:00,Visitor,1
C001519,2026-01-13 18:46:00,Product View,1
C001519,2026-01-13 18:51:00,Exit,1
C001520,2026-01-08 19:53:00,Visitor,1
C001520,2026-01-08 19:56:00,Product View,1
C001520,2026-01-08 20:01:00,Add to Cart,1
C001520,2026-01-08 20:02:00,Exit,1
C001521,2026-01-14 13:43:00,Visitor,1
C001521,2026-01-14 13:48:00,Exit,1
C001522,2026-01-05 14:35:00,Visitor,1
C001522,2026-01-05 14:38:00,Product View,1
C001522,2026-01-05 14:42:00,Add to Cart,1
C001522,2026-01-05 14:56:00,Purchase,1
C001522,2026-01-05 14:57:00,Exit,1
C001523,2026-01-11 12:05:00,Visitor,1
C001523,2026-01-11 12:09:00,Exit,1
C001524,2026-01-03 11:55:00,Visitor,1
C001524,2026-01-03 11:58:00,Exit,1
C001525,2026-01-13 06:54:00,Visitor,1
C001525,2026-01-13 07:01:00,Product View,1
C001525,2026-01-13 07:03:00,Exit,1
C001526,2026-01-13 01:35:00,Visitor,1
C001526,2026-01-13 01:44:00,Product View,1
C001526,2026-01-13 01:50:00,Product View,1
C001526,2026-01-13 01:55:00,Exit,1
C001527,2026-01-09 20:09:00,Visitor,1
C001527,2026-01-09 20:12:00,Exit,1
C001528,2026-01-07 16:08:00,Visitor,1
C001528,2026-01-07 16:11:00,Exit,1
C001529,2026-01-08 22:36:00,Visitor,1
C001529,2026-01-08 22:40:00,Product View,1
C001529,2026-01-08 22:43:00,Exit,1
C001530,2026-01-10 07:45:00,Visitor,1
C001530,2026-01-10 07:46:00,Exit,1
C001531,2026-01-14 20:07:00,Visitor,1
C001531,2026-01-14 20:12:00,Product View,1
C001531,2026-01-14 20:22:00,Add to Cart,1
C001531,2026-01-14 20:27:00,Purchase,1
C001531,2026-01-14 20:38:00,Repeat Purchase,1
C001531,2026-01-14 20:39:00,Loyal Customer,1
C001531,2026-01-14 20:41:00,Loyal Customer,1
C001531,2026-01-14 20:45:00,Loyal Customer,1
C001531,2026-01-14 20:46:00,Loyal Customer,1
C001531,2026-01-14 20:53:00,Loyal Customer,1
C001531,2026-01-14 20:59:00,Loyal Customer,1
C001531,2026-01-14 21:01:00,Loyal Customer,1
C001531,2026-01-14 21:03:00,Loyal Customer,1
C001531,2026-01-14 21:05:00,Exit,1
C001532,2026-01-02 23:31:00,Visitor,1
C001532,2026-01-02 23:35:00,Product View,1
C001532,2026-01-02 23:36:00,Exit,1
C001533,2026-01-01 22:20:00,Visitor,1
C001533,2026-01-01 22:22:00,Exit,1
C001534,2026-01-13 03:19:00,Visitor,1
C001534,2026-01-13 03:23:00,Product View,1
C001534,2026-01-13 03:28:00,Exit,1
C001535,2026-01-12 08:37:00,Visitor,1
C001535,2026-01-12 08:43:00,Exit,1
C001536,2026-01-08 23:13:00,Visitor,1
C001536,2026-01-08 23:14:00,Exit,1
C001537,2026-01-14 16:24:00,Visitor,1
C001537,2026-01-14 16:28:00,Exit,1
C001538,2026-01-13 18:43:00,Visitor,1
C001538,2026-01-13 18:44:00,Product View,1
C001538,2026-01-13 18:52:00,Exit,1
C001539,2026-01-06 10:48:00,Visitor,1
C001539,2026-01-06 10:52:00,Product View,1
C001539,2026-01-06 10:54:00,Exit,1
C001540,2026-01-11 11:12:00,Visitor,1
C001540,2026-01-11 11:13:00,Product View,1
C001540,2026-01-11 11:17:00,Exit,1
C001541,2026-01-14 19:39:00,Visitor,1
C001541,2026-01-14 19:44:00,Product View,1
C001541,2026-01-14 19:50:00,Add to Cart,1
C001541,2026-01-14 19:51:00,Exit,1
C001542,2026-01-14 21:22:00,Visitor,1
C001542,2026-01-14 21:30:00,Product View,1
C001542,2026-01-14 21:41:00,Exit,1
C001543,2026-01-12 19:32:00,Visitor,1
C001543,2026-01-12 19:39:00,Product View,1
C001543,2026-01-12 19:43:00,Product View,1
C001543,2026-01-12 19:45:00,Add to Cart,1
C001543,2026-01-12 19:53:00,Exit,1
C001544,2026-01-02 09:22:00,Visitor,1
C001544,2026-01-02 09:23:00,Exit,1
C001545,2026-01-11 08:42:00,Visitor,1
C001545,2026-01-11 08:46:00,Product View,1
C001545,2026-01-11 08:50:00,Exit,1
C001546,2026-01-07 15:37:00,Visitor,1
C001546,2026-01-07 15:41:00,Product View,1
C001546,2026-01-07 15:45:00,Exit,1
C001547,2026-01-06 19:32:00,Visitor,1
C001547,2026-01-06 19:34:00,Product View,1
C001547,2026-01-06 19:39:00,Exit,1
C001548,2026-01-12 12:42:00,Visitor,1
C001548,2026-01-12 12:48:00,Exit,1
C001549,2026-01-10 10:30:00,Visitor,1
C001549,2026-01-10 10:35:00,Product View,1
C001549,2026-01-10 10:47:00,Add to Cart,1
C001549,2026-01-10 10:51:00,Exit,1
C001550,2026-01-01 18:03:00,Visitor,1
C001550,2026-01-01 18:05:00,Product View,1
C001550,2026-01-01 18:06:00,Exit,1
C001551,2026-01-01 07:12:00,Visitor,1
C001551,2026-01-01 07:13:00,Product View,1
C001551,2026-01-01 07:15:00,Product View,1
C001551,2026-01-01 07:23:00,Exit,1
C001552,2026-01-06 16:47:00,Visitor,1
C001552,2026-01-06 16:51:00,Product View,1
C001552,2026-01-06 16:55:00,Exit,1
C001553,2026-01-06 23:13:00,Visitor,1
C001553,2026-01-06 23:18:00,Product View,1
C001553,2026-01-06 23:19:00,Exit,1
C001554,2026-01-06 05:32:00,Visitor,1
C001554,2026-01-06 05:34:00,Product View,1
C001554,2026-01-06 05:41:00,Exit,1
C001555,2026-01-12 22:03:00,Visitor,1
C001555,2026-01-12 22:06:00,Product View,1
C001555,2026-01-12 22:10:00,Add to Cart,1
C001555,2026-01-12 22:34:00,Purchase,1
C001555,2026-01-12 22:36:00,Exit,1
C001556,2026-01-10 21:18:00,Visitor,1
C001556,2026-01-10 21:21:00,Exit,1
C001557,2026-01-13 17:15:00,Visitor,1
C001557,2026-01-13 17:20:00,Product View,1
C001557,2026-01-13 17:37:00,Exit,1
C001558,2026-01-14 07:20:00,Visitor,1
C001558,2026-01-14 07:22:00,Exit,1
C001559,2026-01-12 08:02:00,Visitor,1
C001559,2026-01-12 08:05:00,Product View,1
C001559,2026-01-12 08:25:00,Exit,1
C001560,2026-01-08 09:47:00,Visitor,1
C001560,2026-01-08 09:48:00,Product View,1
C001560,2026-01-08 09:52:00,Add to Cart,1
C001560,2026-01-08 10:00:00,Exit,1
C001561,2026-01-06 22:45:00,Visitor,1
C001561,2026-01-06 22:56:00,Product View,1
C001561,2026-01-06 23:02:00,Exit,1
C001562,2026-01-12 15:15:00,Visitor,1
C001562,2026-01-12 15:22:00,Product View,1
C001562,2026-01-12 15:33:00,Add to Cart,1
C001562,2026-01-12 15:41:00,Purchase,1
C001562,2026-01-12 15:44:00,Exit,1
C001563,2026-01-11 21:50:00,Visitor,1
C001563,2026-01-11 21:56:00,Product View,1
C001563,2026-01-11 22:02:00,Exit,1
C001564,2026-01-01 12:22:00,Visitor,1
C001564,2026-01-01 12:29:00,Exit,1
C001565,2026-01-03 00:46:00,Visitor,1
C001565,2026-01-03 00:47:00,Product View,1
C001565,2026-01-03 01:03:00,Add to Cart,1
C001565,2026-01-03 01:07:00,Purchase,1
C001565,2026-01-03 01:08:00,Exit,1
C001566,2026-01-06 09:23:00,Visitor,1
C001566,2026-01-06 09:24:00,Exit,1
C001567,2026-01-04 22:21:00,Visitor,1
C001567,2026-01-04 22:25:00,Product View,1
C001567,2026-01-04 22:27:00,Exit,1
C001568,2026-01-10 22:05:00,Visitor,1
C001568,2026-01-10 22:16:00,Product View,1
C001568,2026-01-10 22:19:00,Exit,1
C001569,2026-01-09 12:59:00,Visitor,1
C001569,2026-01-09 13:03:00,Exit,1
C001570,2026-01-07 14:02:00,Visitor,1
C001570,2026-01-07 14:06:00,Product View,1
C001570,2026-01-07 14:09:00,Exit,1
C001571,2026-01-11 07:54:00,Visitor,1
C001571,2026-01-11 08:03:00,Exit,1
C001572,2026-01-14 16:38:00,Visitor,1
C001572,2026-01-14 16:40:00,Exit,1
C001573,2026-01-13 10:09:00,Visitor,1
C001573,2026-01-13 10:14:00,Product View,1
C001573,2026-01-13 10:16:00,Exit,1
C001574,2026-01-04 04:59:00,Visitor,1
C001574,2026-01-04 05:01:00,Product View,1
C001574,2026-01-04 05:05:00,Exit,1
C001575,2026-01-10 22:49:00,Visitor,1
C001575,2026-01-10 22:51:00,Exit,1
C001576,2026-01-08 09:57:00,Visitor,1
C001576,2026-01-08 09:58:00,Product View,1
C001576,2026-01-08 10:03:00,Add to Cart,1
C001576,2026-01-08 10:06:00,Purchase,1
C001576,2026-01-08 10:14:00,Repeat Purchase,1
C001576,2026-01-08 10:15:00,Exit,1
C001577,2026-01-02 09:19:00,Visitor,1
C001577,2026-01-02 09:20:00,Product View,1
C001577,2026-01-02 09:31:00,Add to Cart,1
C001577,2026-01-02 09:36:00,Exit,1
C001578,2026-01-05 01:08:00,Visitor,1
C001578,2026-01-05 01:19:00,Product View,1
C001578,2026-01-05 01:20:00,Add to Cart,1
C001578,2026-01-05 01:22:00,Exit,1
C001579,2026-01-11 10:07:00,Visitor,1
C001579,2026-01-11 10:09:00,Product View,1
C001579,2026-01-11 10:17:00,Add to Cart,1
C001579,2026-01-11 10:18:00,Product View,1
C001579,2026-01-11 10:19:00,Add to Cart,1
C001579,2026-01-11 10:26:00,Purchase,1
C001579,2026-01-11 10:27:00,Exit,1
C001580,2026-01-01 08:30:00,Visitor,1
C001580,2026-01-01 08:31:00,Product View,1
C001580,2026-01-01 08:34:00,Exit,1
C001581,2026-01-08 18:12:00,Visitor,1
C001581,2026-01-08 18:25:00,Product View,1
C001581,2026-01-08 18:35:00,Exit,1
C001582,2026-01-04 19:09:00,Visitor,1
C001582,2026-01-04 19:17:00,Exit,1
C001583,2026-01-11 23:11:00,Visitor,1
C001583,2026-01-11 23:12:00,Product View,1
C001583,2026-01-11 23:15:00,Exit,1
C001584,2026-01-07 03:13:00,Visitor,1
C001584,2026-01-07 03:16:00,Exit,1
C001585,2026-01-01 20:45:00,Visitor,1
C001585,2026-01-01 20:50:00,Product View,1
C001585,2026-01-01 20:54:00,Exit,1
C001586,2026-01-05 09:40:00,Visitor,1
C001586,2026-01-05 09:41:00,Exit,1
C001587,2026-01-03 10:47:00,Visitor,1
C001587,2026-01-03 10:50:00,Product View,1
C001587,2026-01-03 10:57:00,Add to Cart,1
C001587,2026-01-03 11:01:00,Exit,1
C001588,2026-01-04 00:12:00,Visitor,1
C001588,2026-01-04 00:22:00,Product View,1
C001588,2026-01-04 00:25:00,Exit,1
C001589,2026-01-06 11:26:00,Visitor,1
C001589,2026-01-06 11:29:00,Exit,1
C001590,2026-01-03 19:27:00,Visitor,1
C001590,2026-01-03 19:28:00,Product View,1
C001590,2026-01-03 19:29:00,Exit,1
C001591,2026-01-04 10:31:00,Visitor,1
C001591,2026-01-04 10:36:00,Product View,1
C001591,2026-01-04 10:41:00,Add to Cart,1
C001591,2026-01-04 10:46:00,Exit,1
C001592,2026-01-05 13:17:00,Visitor,1
C001592,2026-01-05 13:18:00,Product View,1
C001592,2026-01-05 13:22:00,Add to Cart,1
C001592,2026-01-05 13:25:00,Exit,1
C001593,2026-01-07 14:59:00,Visitor,1
C001593,2026-01-07 15:06:00,Product View,1
C001593,2026-01-07 15:08:00,Exit,1
C001594,2026-01-11 07:37:00,Visitor,1
C001594,2026-01-11 07:43:00,Product View,1
C001594,2026-01-11 07:45:00,Exit,1
C001595,2026-01-08 15:16:00,Visitor,1
C001595,2026-01-08 15:18:00,Product View,1
C001595,2026-01-08 15:19:00,Add to Cart,1
C001595,2026-01-08 15:21:00,Purchase,1
C001595,2026-01-08 15:26:00,Exit,1
C001596,2026-01-07 13:36:00,Visitor,1
C001596,2026-01-07 13:52:00,Exit,1
C001597,2026-01-08 16:46:00,Visitor,1
C001597,2026-01-08 16:55:00,Exit,1
C001598,2026-01-04 05:36:00,Visitor,1
C001598,2026-01-04 05:37:00,Exit,1
C001599,2026-01-10 08:35:00,Visitor,1
C001599,2026-01-10 08:39:00,Exit,1
C001600,2026-01-08 09:35:00,Visitor,1
C001600,2026-01-08 09:49:00,Exit,1
C001601,2026-01-02 00:20:00,Visitor,1
C001601,2026-01-02 00:25:00,Product View,1
C001601,2026-01-02 00:26:00,Exit,1
C001602,2026-01-03 15:11:00,Visitor,1
C001602,2026-01-03 15:13:00,Product View,1
C001602,2026-01-03 15:21:00,Exit,1
C001603,2026-01-08 23:36:00,Visitor,1
C001603,2026-01-08 23:42:00,Product View,1
C001603,2026-01-08 23:51:00,Exit,1
C001604,2026-01-07 10:03:00,Visitor,1
C001604,2026-01-07 10:05:00,Product View,1
C001604,2026-01-07 10:07:00,Exit,1
C001605,2026-01-04 23:52:00,Visitor,1
C001605,2026-01-04 23:59:00,Product View,1
C001605,2026-01-05 00:01:00,Exit,1
C001606,2026-01-04 17:26:00,Visitor,1
C001606,2026-01-04 17:30:00,Exit,1
C001607,2026-01-02 02:26:00,Visitor,1
C001607,2026-01-02 02:42:00,Product View,1
C001607,2026-01-02 02:43:00,Exit,1
C001608,2026-01-06 07:14:00,Visitor,1
C001608,2026-01-06 07:20:00,Exit,1
C001609,2026-01-11 04:04:00,Visitor,1
C001609,2026-01-11 04:05:00,Exit,1
C001610,2026-01-06 01:05:00,Visitor,1
C001610,2026-01-06 01:10:00,Product View,1
C001610,2026-01-06 01:18:00,Exit,1
C001611,2026-01-08 02:25:00,Visitor,1
C001611,2026-01-08 02:29:00,Product View,1
C001611,2026-01-08 02:31:00,Exit,1
C001612,2026-01-06 15:50:00,Visitor,1
C001612,2026-01-06 15:52:00,Product View,1
C001612,2026-01-06 15:53:00,Exit,1
C001613,2026-01-12 20:57:00,Visitor,1
C001613,2026-01-12 21:01:00,Product View,1
C001613,2026-01-12 21:07:00,Add to Cart,1
C001613,2026-01-12 21:08:00,Purchase,1
C001613,2026-01-12 21:13:00,Exit,1
C001614,2026-01-08 18:49:00,Visitor,1
C001614,2026-01-08 18:56:00,Product View,1
C001614,2026-01-08 19:00:00,Exit,1
C001615,2026-01-07 07:41:00,Visitor,1
C001615,2026-01-07 07:50:00,Product View,1
C001615,2026-01-07 07:52:00,Product View,1
C001615,2026-01-07 07:55:00,Exit,1
C001616,2026-01-02 12:35:00,Visitor,1
C001616,2026-01-02 12:36:00,Product View,1
C001616,2026-01-02 12:42:00,Exit,1
C001617,2026-01-07 06:51:00,Visitor,1
C001617,2026-01-07 06:58:00,Exit,1
C001618,2026-01-13 09:49:00,Visitor,1
C001618,2026-01-13 10:01:00,Product View,1
C001618,2026-01-13 10:03:00,Exit,1
C001619,2026-01-11 23:21:00,Visitor,1
C001619,2026-01-11 23:27:00,Product View,1
C001619,2026-01-11 23:28:00,Exit,1
C001620,2026-01-07 15:18:00,Visitor,1
C001620,2026-01-07 15:20:00,Exit,1
C001621,2026-01-12 16:30:00,Visitor,1
C001621,2026-01-12 16:33:00,Product View,1
C001621,2026-01-12 16:37:00,Add to Cart,1
C001621,2026-01-12 16:40:00,Purchase,1
C001621,2026-01-12 16:45:00,Repeat Purchase,1
C001621,2026-01-12 16:46:00,Exit,1
C001622,2026-01-13 15:28:00,Visitor,1
C001622,2026-01-13 15:34:00,Exit,1
C001623,2026-01-14 05:05:00,Visitor,1
C001623,2026-01-14 05:16:00,Product View,1
C001623,2026-01-14 05:20:00,Exit,1
C001624,2026-01-01 12:29:00,Visitor,1
C001624,2026-01-01 12:56:00,Product View,1
C001624,2026-01-01 13:00:00,Exit,1
C001625,2026-01-04 01:04:00,Visitor,1
C001625,2026-01-04 01:05:00,Exit,1
C001626,2026-01-09 10:53:00,Visitor,1
C001626,2026-01-09 10:55:00,Product View,1
C001626,2026-01-09 10:57:00,Exit,1
C001627,2026-01-06 21:47:00,Visitor,1
C001627,2026-01-06 21:49:00,Product View,1
C001627,2026-01-06 21:50:00,Exit,1
C001628,2026-01-14 19:12:00,Visitor,1
C001628,2026-01-14 19:27:00,Product View,1
C001628,2026-01-14 19:29:00,Exit,1
C001629,2026-01-04 03:07:00,Visitor,1
C001629,2026-01-04 03:08:00,Exit,1
C001630,2026-01-11 23:59:00,Visitor,1
C001630,2026-01-12 00:04:00,Product View,1
C001630,2026-01-12 00:06:00,Exit,1
C001631,2026-01-01 17:41:00,Visitor,1
C001631,2026-01-01 17:44:00,Exit,1
C001632,2026-01-04 03:25:00,Visitor,1
C001632,2026-01-04 03:38:00,Exit,1
C001633,2026-01-03 12:03:00,Visitor,1
C001633,2026-01-03 12:11:00,Product View,1
C001633,2026-01-03 12:17:00,Add to Cart,1
C001633,2026-01-03 12:18:00,Purchase,1
C001633,2026-01-03 12:22:00,Exit,1
C001634,2026-01-05 15:06:00,Visitor,1
C001634,2026-01-05 15:08:00,Exit,1
C001635,2026-01-13 14:02:00,Visitor,1
C001635,2026-01-13 14:06:00,Product View,1
C001635,2026-01-13 14:16:00,Exit,1
C001636,2026-01-07 14:16:00,Visitor,1
C001636,2026-01-07 14:19:00,Product View,1
C001636,2026-01-07 14:24:00,Exit,1
C001637,2026-01-04 23:46:00,Visitor,1
C001637,2026-01-04 23:47:00,Product View,1
C001637,2026-01-04 23:50:00,Exit,1
C001638,2026-01-07 05:01:00,Visitor,1
C001638,2026-01-07 05:04:00,Product View,1
C001638,2026-01-07 05:05:00,Exit,1
C001639,2026-01-06 15:45:00,Visitor,1
C001639,2026-01-06 15:47:00,Exit,1
C001640,2026-01-06 14:06:00,Visitor,1
C001640,2026-01-06 14:07:00,Product View,1
C001640,2026-01-06 14:08:00,Exit,1
C001641,2026-01-11 12:47:00,Visitor,1
C001641,2026-01-11 12:52:00,Product View,1
C001641,2026-01-11 12:53:00,Exit,1
C001642,2026-01-10 15:33:00,Visitor,1
C001642,2026-01-10 15:36:00,Product View,1
C001642,2026-01-10 15:40:00,Add to Cart,1
C001642,2026-01-10 15:45:00,Exit,1
C001643,2026-01-05 12:11:00,Visitor,1
C001643,2026-01-05 12:12:00,Exit,1
C001644,2026-01-09 01:22:00,Visitor,1
C001644,2026-01-09 01:23:00,Exit,1
C001645,2026-01-13 02:10:00,Visitor,1
C001645,2026-01-13 02:13:00,Product View,1
C001645,2026-01-13 02:19:00,Exit,1
C001646,2026-01-07 15:02:00,Visitor,1
C001646,2026-01-07 15:03:00,Product View,1
C001646,2026-01-07 15:10:00,Add to Cart,1
C001646,2026-01-07 15:11:00,Purchase,1
C001646,2026-01-07 15:14:00,Exit,1
C001647,2026-01-10 09:11:00,Visitor,1
C001647,2026-01-10 09:12:00,Exit,1
C001648,2026-01-03 17:49:00,Visitor,1
C001648,2026-01-03 17:54:00,Exit,1
C001649,2026-01-13 00:41:00,Visitor,1
C001649,2026-01-13 00:44:00,Product View,1
C001649,2026-01-13 00:53:00,Exit,1
C001650,2026-01-04 07:48:00,Visitor,1
C001650,2026-01-04 07:52:00,Exit,1
C001651,2026-01-14 11:25:00,Visitor,1
C001651,2026-01-14 11:34:00,Exit,1
C001652,2026-01-08 00:58:00,Visitor,1
C001652,2026-01-08 01:07:00,Product View,1
C001652,2026-01-08 01:08:00,Add to Cart,1
C001652,2026-01-08 01:10:00,Exit,1
C001653,2026-01-10 17:46:00,Visitor,1
C001653,2026-01-10 17:47:00,Exit,1
C001654,2026-01-10 20:15:00,Visitor,1
C001654,2026-01-10 20:16:00,Product View,1
C001654,2026-01-10 20:28:00,Add to Cart,1
C001654,2026-01-10 20:29:00,Exit,1
C001655,2026-01-06 03:21:00,Visitor,1
C001655,2026-01-06 03:26:00,Exit,1
C001656,2026-01-02 07:05:00,Visitor,1
C001656,2026-01-02 07:08:00,Exit,1
C001657,2026-01-13 22:45:00,Visitor,1
C001657,2026-01-13 22:46:00,Exit,1
C001658,2026-01-10 23:42:00,Visitor,1
C001658,2026-01-10 23:43:00,Product View,1
C001658,2026-01-10 23:44:00,Exit,1
C001659,2026-01-02 06:40:00,Visitor,1
C001659,2026-01-02 06:47:00,Exit,1
C001660,2026-01-03 19:57:00,Visitor,1
C001660,2026-01-03 20:05:00,Product View,1
C001660,2026-01-03 20:08:00,Exit,1
C001661,2026-01-07 10:26:00,Visitor,1
C001661,2026-01-07 10:34:00,Exit,1
C001662,2026-01-14 05:25:00,Visitor,1
C001662,2026-01-14 05:26:00,Exit,1
C001663,2026-01-05 14:50:00,Visitor,1
C001663,2026-01-05 14:56:00,Product View,1
C001663,2026-01-05 14:58:00,Add to Cart,1
C001663,2026-01-05 15:07:00,Exit,1
C001664,2026-01-11 03:44:00,Visitor,1
C001664,2026-01-11 03:52:00,Exit,1
C001665,2026-01-02 14:01:00,Visitor,1
C001665,2026-01-02 14:03:00,Exit,1
C001666,2026-01-03 04:02:00,Visitor,1
C001666,2026-01-03 04:06:00,Exit,1
C001667,2026-01-08 17:34:00,Visitor,1
C001667,2026-01-08 17:37:00,Product View,1
C001667,2026-01-08 17:38:00,Add to Cart,1
C001667,2026-01-08 17:43:00,Purchase,1
C001667,2026-01-08 17:47:00,Exit,1
C001668,2026-01-07 20:36:00,Visitor,1
C001668,2026-01-07 20:37:00,Product View,1
C001668,2026-01-07 20:39:00,Add to Cart,1
C001668,2026-01-07 20:43:00,Exit,1
C001669,2026-01-10 20:59:00,Visitor,1
C001669,2026-01-10 21:10:00,Exit,1
C001670,2026-01-06 20:08:00,Visitor,1
C001670,2026-01-06 20:10:00,Product View,1
C001670,2026-01-06 20:12:00,Product View,1
C001670,2026-01-06 20:13:00,Exit,1
C001671,2026-01-11 00:59:00,Visitor,1
C001671,2026-01-11 01:03:00,Product View,1
C001671,2026-01-11 01:08:00,Exit,1
C001672,2026-01-11 21:20:00,Visitor,1
C001672,2026-01-11 21:21:00,Product View,1
C001672,2026-01-11 21:25:00,Exit,1
C001673,2026-01-04 17:30:00,Visitor,1
C001673,2026-01-04 17:31:00,Product View,1
C001673,2026-01-04 17:38:00,Add to Cart,1
C001673,2026-01-04 17:41:00,Exit,1
C001674,2026-01-02 13:46:00,Visitor,1
C001674,2026-01-02 13:54:00,Product View,1
C001674,2026-01-02 13:57:00,Exit,1
C001675,2026-01-13 14:49:00,Visitor,1
C001675,2026-01-13 14:50:00,Exit,1
C001676,2026-01-03 07:03:00,Visitor,1
C001676,2026-01-03 07:07:00,Exit,1
C001677,2026-01-08 14:32:00,Visitor,1
C001677,2026-01-08 14:35:00,Product View,1
C001677,2026-01-08 14:45:00,Exit,1
C001678,2026-01-14 21:15:00,Visitor,1
C001678,2026-01-14 21:18:00,Product View,1
C001678,2026-01-14 21:22:00,Add to Cart,1
C001678,2026-01-14 21:30:00,Purchase,1
C001678,2026-01-14 21:32:00,Exit,1
C001679,2026-01-13 17:36:00,Visitor,1
C001679,2026-01-13 17:42:00,Product View,1
C001679,2026-01-13 17:46:00,Product View,1
C001679,2026-01-13 17:47:00,Exit,1
C001680,2026-01-10 17:47:00,Visitor,1
C001680,2026-01-10 17:48:00,Exit,1
C001681,2026-01-10 23:39:00,Visitor,1
C001681,2026-01-10 23:40:00,Product View,1
C001681,2026-01-10 23:41:00,Add to Cart,1
C001681,2026-01-10 23:44:00,Exit,1
C001682,2026-01-14 04:05:00,Visitor,1
C001682,2026-01-14 04:11:00,Product View,1
C001682,2026-01-14 04:15:00,Exit,1
C001683,2026-01-03 07:37:00,Visitor,1
C001683,2026-01-03 07:45:00,Product View,1
C001683,2026-01-03 07:47:00,Exit,1
C001684,2026-01-10 21:13:00,Visitor,1
C001684,2026-01-10 21:14:00,Product View,1
C001684,2026-01-10 21:16:00,Exit,1
C001685,2026-01-04 01:34:00,Visitor,1
C001685,2026-01-04 01:38:00,Exit,1
C001686,2026-01-06 11:18:00,Visitor,1
C001686,2026-01-06 11:38:00,Product View,1
C001686,2026-01-06 11:42:00,Add to Cart,1
C001686,2026-01-06 11:43:00,Exit,1
C001687,2026-01-12 22:40:00,Visitor,1
C001687,2026-01-12 22:42:00,Exit,1
C001688,2026-01-08 22:31:00,Visitor,1
C001688,2026-01-08 22:49:00,Exit,1
C001689,2026-01-03 07:49:00,Visitor,1
C001689,2026-01-03 07:51:00,Exit,1
C001690,2026-01-05 23:18:00,Visitor,1
C001690,2026-01-05 23:21:00,Product View,1
C001690,2026-01-05 23:22:00,Add to Cart,1
C001690,2026-01-05 23:23:00,Purchase,1
C001690,2026-01-05 23:24:00,Exit,1
C001691,2026-01-04 12:56:00,Visitor,1
C001691,2026-01-04 13:02:00,Product View,1
C001691,2026-01-04 13:03:00,Product View,1
C001691,2026-01-04 13:04:00,Exit,1
C001692,2026-01-09 19:44:00,Visitor,1
C001692,2026-01-09 19:45:00,Product View,1
C001692,2026-01-09 19:50:00,Exit,1
C001693,2026-01-12 00:59:00,Visitor,1
C001693,2026-01-12 01:02:00,Exit,1
C001694,2026-01-04 00:13:00,Visitor,1
C001694,2026-01-04 00:28:00,Exit,1
C001695,2026-01-02 13:24:00,Visitor,1
C001695,2026-01-02 13:31:00,Product View,1
C001695,2026-01-02 13:35:00,Exit,1
C001696,2026-01-04 17:42:00,Visitor,1
C001696,2026-01-04 17:47:00,Product View,1
C001696,2026-01-04 17:48:00,Product View,1
C001696,2026-01-04 17:57:00,Add to Cart,1
C001696,2026-01-04 17:58:00,Exit,1
C001697,2026-01-10 03:41:00,Visitor,1
C001697,2026-01-10 03:46:00,Product View,1
C001697,2026-01-10 03:51:00,Exit,1
C001698,2026-01-03 19:50:00,Visitor,1
C001698,2026-01-03 19:54:00,Product View,1
C001698,2026-01-03 19:59:00,Exit,1
C001699,2026-01-08 14:38:00,Visitor,1
C001699,2026-01-08 14:42:00,Exit,1
C001700,2026-01-06 20:35:00,Visitor,1
C001700,2026-01-06 20:44:00,Product View,1
C001700,2026-01-06 20:50:00,Add to Cart,1
C001700,2026-01-06 20:58:00,Exit,1
C001701,2026-01-10 13:51:00,Visitor,1
C001701,2026-01-10 13:56:00,Exit,1
C001702,2026-01-12 00:52:00,Visitor,1
C001702,2026-01-12 00:54:00,Exit,1
C001703,2026-01-03 17:27:00,Visitor,1
C001703,2026-01-03 17:42:00,Exit,1
C001704,2026-01-05 11:06:00,Visitor,1
C001704,2026-01-05 11:18:00,Exit,1
C001705,2026-01-05 13:01:00,Visitor,1
C001705,2026-01-05 13:03:00,Product View,1
C001705,2026-01-05 13:11:00,Add to Cart,1
C001705,2026-01-05 13:22:00,Exit,1
C001706,2026-01-04 06:40:00,Visitor,1
C001706,2026-01-04 06:42:00,Exit,1
C001707,2026-01-07 12:12:00,Visitor,1
C001707,2026-01-07 12:14:00,Product View,1
C001707,2026-01-07 12:16:00,Exit,1
C001708,2026-01-06 01:59:00,Visitor,1
C001708,2026-01-06 02:00:00,Product View,1
C001708,2026-01-06 02:06:00,Add to Cart,1
C001708,2026-01-06 02:09:00,Exit,1
C001709,2026-01-02 05:21:00,Visitor,1
C001709,2026-01-02 05:22:00,Exit,1
C001710,2026-01-13 19:38:00,Visitor,1
C001710,2026-01-13 19:40:00,Product View,1
C001710,2026-01-13 19:41:00,Exit,1
C001711,2026-01-02 17:15:00,Visitor,1
C001711,2026-01-02 17:29:00,Exit,1
C001712,2026-01-13 08:25:00,Visitor,1
C001712,2026-01-13 08:26:00,Exit,1
C001713,2026-01-04 08:46:00,Visitor,1
C001713,2026-01-04 08:49:00,Product View,1
C001713,2026-01-04 08:51:00,Exit,1
C001714,2026-01-03 21:51:00,Visitor,1
C001714,2026-01-03 21:52:00,Product View,1
C001714,2026-01-03 22:02:00,Add to Cart,1
C001714,2026-01-03 22:06:00,Product View,1
C001714,2026-01-03 22:18:00,Exit,1
C001715,2026-01-06 11:16:00,Visitor,1
C001715,2026-01-06 11:26:00,Product View,1
C001715,2026-01-06 11:30:00,Add to Cart,1
C001715,2026-01-06 11:33:00,Product View,1
C001715,2026-01-06 11:35:00,Exit,1
C001716,2026-01-12 01:46:00,Visitor,1
C001716,2026-01-12 01:52:00,Exit,1
C001717,2026-01-04 11:32:00,Visitor,1
C001717,2026-01-04 11:34:00,Product View,1
C001717,2026-01-04 11:36:00,Product View,1
C001717,2026-01-04 11:39:00,Add to Cart,1
C001717,2026-01-04 11:48:00,Exit,1
C001718,2026-01-13 13:16:00,Visitor,1
C001718,2026-01-13 13:17:00,Product View,1
C001718,2026-01-13 13:18:00,Exit,1
C001719,2026-01-04 14:55:00,Visitor,1
C001719,2026-01-04 14:57:00,Product View,1
C001719,2026-01-04 15:00:00,Exit,1
C001720,2026-01-14 18:46:00,Visitor,1
C001720,2026-01-14 18:53:00,Product View,1
C001720,2026-01-14 18:55:00,Exit,1
C001721,2026-01-10 22:36:00,Visitor,1
C001721,2026-01-10 22:52:00,Exit,1
C001722,2026-01-02 16:26:00,Visitor,1
C001722,2026-01-02 16:30:00,Product View,1
C001722,2026-01-02 16:34:00,Exit,1
C001723,2026-01-13 17:38:00,Visitor,1
C001723,2026-01-13 17:40:00,Product View,1
C001723,2026-01-13 17:44:00,Add to Cart,1
C001723,2026-01-13 17:55:00,Exit,1
C001724,2026-01-09 04:06:00,Visitor,1
C001724,2026-01-09 04:09:00,Product View,1
C001724,2026-01-09 04:22:00,Exit,1
C001725,2026-01-07 18:03:00,Visitor,1
C001725,2026-01-07 18:08:00,Product View,1
C001725,2026-01-07 18:21:00,Exit,1
C001726,2026-01-06 15:34:00,Visitor,1
C001726,2026-01-06 15:36:00,Product View,1
C001726,2026-01-06 15:43:00,Product View,1
C001726,2026-01-06 15:45:00,Exit,1
C001727,2026-01-10 14:28:00,Visitor,1
C001727,2026-01-10 14:36:00,Exit,1
C001728,2026-01-14 23:56:00,Visitor,1
C001728,2026-01-14 23:59:00,Exit,1
C001729,2026-01-08 06:54:00,Visitor,1
C001729,2026-01-08 06:55:00,Exit,1
C001730,2026-01-14 18:30:00,Visitor,1
C001730,2026-01-14 18:42:00,Product View,1
C001730,2026-01-14 18:43:00,Add to Cart,1
C001730,2026-01-14 18:48:00,Exit,1
C001731,2026-01-01 07:45:00,Visitor,1
C001731,2026-01-01 07:48:00,Product View,1
C001731,2026-01-01 07:49:00,Product View,1
C001731,2026-01-01 07:50:00,Add to Cart,1
C001731,2026-01-01 07:51:00,Purchase,1
C001731,2026-01-01 08:01:00,Repeat Purchase,1
C001731,2026-01-01 08:07:00,Loyal Customer,1
C001731,2026-01-01 08:17:00,Loyal Customer,1
C001731,2026-01-01 08:22:00,Exit,1
C001732,2026-01-06 16:26:00,Visitor,1
C001732,2026-01-06 16:36:00,Exit,1
C001733,2026-01-01 18:42:00,Visitor,1
C001733,2026-01-01 18:48:00,Product View,1
C001733,2026-01-01 18:51:00,Exit,1
C001734,2026-01-01 11:00:00,Visitor,1
C001734,2026-01-01 11:04:00,Product View,1
C001734,2026-01-01 11:08:00,Exit,1
C001735,2026-01-08 02:38:00,Visitor,1
C001735,2026-01-08 02:55:00,Exit,1
C001736,2026-01-13 19:50:00,Visitor,1
C001736,2026-01-13 19:53:00,Exit,1
C001737,2026-01-08 03:33:00,Visitor,1
C001737,2026-01-08 03:34:00,Product View,1
C001737,2026-01-08 03:44:00,Exit,1
C001738,2026-01-05 17:59:00,Visitor,1
C001738,2026-01-05 18:03:00,Product View,1
C001738,2026-01-05 18:06:00,Exit,1
C001739,2026-01-06 19:12:00,Visitor,1
C001739,2026-01-06 19:22:00,Exit,1
C001740,2026-01-07 18:44:00,Visitor,1
C001740,2026-01-07 18:49:00,Exit,1
C001741,2026-01-14 03:21:00,Visitor,1
C001741,2026-01-14 03:24:00,Product View,1
C001741,2026-01-14 03:28:00,Exit,1
C001742,2026-01-01 01:41:00,Visitor,1
C001742,2026-01-01 01:43:00,Product View,1
C001742,2026-01-01 01:49:00,Exit,1
C001743,2026-01-06 13:05:00,Visitor,1
C001743,2026-01-06 13:08:00,Exit,1
C001744,2026-01-03 16:15:00,Visitor,1
C001744,2026-01-03 16:16:00,Product View,1
C001744,2026-01-03 16:24:00,Add to Cart,1
C001744,2026-01-03 16:26:00,Exit,1
C001745,2026-01-10 16:48:00,Visitor,1
C001745,2026-01-10 16:49:00,Product View,1
C001745,2026-01-10 16:53:00,Exit,1
C001746,2026-01-13 22:56:00,Visitor,1
C001746,2026-01-13 22:59:00,Product View,1
C001746,2026-01-13 23:03:00,Add to Cart,1
C001746,2026-01-13 23:08:00,Exit,1
C001747,2026-01-14 16:44:00,Visitor,1
C001747,2026-01-14 16:49:00,Product View,1
C001747,2026-01-14 16:50:00,Exit,1
C001748,2026-01-07 16:17:00,Visitor,1
C001748,2026-01-07 16:27:00,Exit,1
C001749,2026-01-05 07:27:00,Visitor,1
C001749,2026-01-05 07:29:00,Product View,1
C001749,2026-01-05 07:35:00,Exit,1
C001750,2026-01-13 23:01:00,Visitor,1
C001750,2026-01-13 23:05:00,Exit,1
C001751,2026-01-12 06:17:00,Visitor,1
C001751,2026-01-12 06:21:00,Product View,1
C001751,2026-01-12 06:22:00,Exit,1
C001752,2026-01-04 23:19:00,Visitor,1
C001752,2026-01-04 23:20:00,Exit,1
C001753,2026-01-07 12:53:00,Visitor,1
C001753,2026-01-07 13:02:00,Exit,1
C001754,2026-01-13 19:13:00,Visitor,1
C001754,2026-01-13 19:22:00,Exit,1
C001755,2026-01-08 19:03:00,Visitor,1
C001755,2026-01-08 19:04:00,Product View,1
C001755,2026-01-08 19:07:00,Exit,1
C001756,2026-01-08 07:27:00,Visitor,1
C001756,2026-01-08 07:29:00,Product View,1
C001756,2026-01-08 07:39:00,Add to Cart,1
C001756,2026-01-08 07:43:00,Exit,1
C001757,2026-01-07 17:11:00,Visitor,1
C001757,2026-01-07 17:14:00,Product View,1
C001757,2026-01-07 17:19:00,Product View,1
C001757,2026-01-07 17:22:00,Exit,1
C001758,2026-01-08 21:24:00,Visitor,1
C001758,2026-01-08 21:25:00,Product View,1
C001758,2026-01-08 21:27:00,Exit,1
C001759,2026-01-03 20:14:00,Visitor,1
C001759,2026-01-03 20:17:00,Exit,1
C001760,2026-01-08 05:39:00,Visitor,1
C001760,2026-01-08 05:42:00,Product View,1
C001760,2026-01-08 05:44:00,Exit,1
C001761,2026-01-06 07:38:00,Visitor,1
C001761,2026-01-06 07:46:00,Product View,1
C001761,2026-01-06 07:47:00,Exit,1
C001762,2026-01-09 12:17:00,Visitor,1
C001762,2026-01-09 12:20:00,Product View,1
C001762,2026-01-09 12:21:00,Exit,1
C001763,2026-01-05 10:51:00,Visitor,1
C001763,2026-01-05 10:57:00,Exit,1
C001764,2026-01-03 22:50:00,Visitor,1
C001764,2026-01-03 22:54:00,Exit,1
C001765,2026-01-08 19:50:00,Visitor,1
C001765,2026-01-08 19:51:00,Product View,1
C001765,2026-01-08 19:58:00,Add to Cart,1
C001765,2026-01-08 19:59:00,Purchase,1
C001765,2026-01-08 20:14:00,Exit,1
C001766,2026-01-06 14:07:00,Visitor,1
C001766,2026-01-06 14:16:00,Exit,1
C001767,2026-01-14 22:28:00,Visitor,1
C001767,2026-01-14 22:30:00,Exit,1
C001768,2026-01-01 17:14:00,Visitor,1
C001768,2026-01-01 17:20:00,Exit,1
C001769,2026-01-08 12:07:00,Visitor,1
C001769,2026-01-08 12:11:00,Product View,1
C001769,2026-01-08 12:18:00,Exit,1
C001770,2026-01-13 00:43:00,Visitor,1
C001770,2026-01-13 00:45:00,Product View,1
C001770,2026-01-13 00:50:00,Exit,1
C001771,2026-01-03 05:59:00,Visitor,1
C001771,2026-01-03 06:05:00,Product View,1
C001771,2026-01-03 06:13:00,Add to Cart,1
C001771,2026-01-03 06:17:00,Purchase,1
C001771,2026-01-03 06:20:00,Exit,1
C001772,2026-01-04 18:05:00,Visitor,1
C001772,2026-01-04 18:06:00,Product View,1
C001772,2026-01-04 18:07:00,Exit,1
C001773,2026-01-09 01:49:00,Visitor,1
C001773,2026-01-09 02:00:00,Product View,1
C001773,2026-01-09 02:11:00,Exit,1
C001774,2026-01-09 01:54:00,Visitor,1
C001774,2026-01-09 01:57:00,Product View,1
C001774,2026-01-09 01:58:00,Exit,1
C001775,2026-01-04 12:06:00,Visitor,1
C001775,2026-01-04 12:11:00,Product View,1
C001775,2026-01-04 12:12:00,Exit,1
C001776,2026-01-12 04:40:00,Visitor,1
C001776,2026-01-12 04:42:00,Product View,1
C001776,2026-01-12 04:46:00,Exit,1
C001777,2026-01-03 04:57:00,Visitor,1
C001777,2026-01-03 05:08:00,Product View,1
C001777,2026-01-03 05:12:00,Exit,1
C001778,2026-01-10 20:00:00,Visitor,1
C001778,2026-01-10 20:04:00,Exit,1
C001779,2026-01-10 14:54:00,Visitor,1
C001779,2026-01-10 15:02:00,Exit,1
C001780,2026-01-13 00:24:00,Visitor,1
C001780,2026-01-13 00:25:00,Exit,1
C001781,2026-01-04 13:53:00,Visitor,1
C001781,2026-01-04 13:58:00,Product View,1
C001781,2026-01-04 14:02:00,Exit,1
C001782,2026-01-06 01:52:00,Visitor,1
C001782,2026-01-06 02:01:00,Exit,1
C001783,2026-01-12 21:37:00,Visitor,1
C001783,2026-01-12 21:47:00,Exit,1
C001784,2026-01-08 02:29:00,Visitor,1
C001784,2026-01-08 02:31:00,Exit,1
C001785,2026-01-14 08:17:00,Visitor,1
C001785,2026-01-14 08:18:00,Product View,1
C001785,2026-01-14 08:21:00,Exit,1
C001786,2026-01-02 08:48:00,Visitor,1
C001786,2026-01-02 08:49:00,Exit,1
C001787,2026-01-08 07:42:00,Visitor,1
C001787,2026-01-08 07:46:00,Product View,1
C001787,2026-01-08 07:53:00,Product View,1
C001787,2026-01-08 08:00:00,Exit,1
C001788,2026-01-14 13:15:00,Visitor,1
C001788,2026-01-14 13:16:00,Product View,1
C001788,2026-01-14 13:19:00,Add to Cart,1
C001788,2026-01-14 13:22:00,Purchase,1
C001788,2026-01-14 13:27:00,Exit,1
C001789,2026-01-10 12:23:00,Visitor,1
C001789,2026-01-10 12:24:00,Product View,1
C001789,2026-01-10 12:34:00,Add to Cart,1
C001789,2026-01-10 12:41:00,Exit,1
C001790,2026-01-07 05:57:00,Visitor,1
C001790,2026-01-07 05:58:00,Product View,1
C001790,2026-01-07 06:08:00,Exit,1
C001791,2026-01-02 15:23:00,Visitor,1
C001791,2026-01-02 15:24:00,Product View,1
C001791,2026-01-02 15:28:00,Exit,1
C001792,2026-01-01 22:19:00,Visitor,1
C001792,2026-01-01 22:26:00,Product View,1
C001792,2026-01-01 22:27:00,Exit,1
C001793,2026-01-06 21:25:00,Visitor,1
C001793,2026-01-06 21:26:00,Exit,1
C001794,2026-01-07 23:18:00,Visitor,1
C001794,2026-01-07 23:27:00,Exit,1
C001795,2026-01-01 13:37:00,Visitor,1
C001795,2026-01-01 13:39:00,Product View,1
C001795,2026-01-01 13:46:00,Add to Cart,1
C001795,2026-01-01 14:01:00,Purchase,1
C001795,2026-01-01 14:02:00,Exit,1
C001796,2026-01-12 02:42:00,Visitor,1
C001796,2026-01-12 02:43:00,Product View,1
C001796,2026-01-12 02:50:00,Exit,1
C001797,2026-01-12 01:16:00,Visitor,1
C001797,2026-01-12 01:21:00,Exit,1
C001798,2026-01-06 08:42:00,Visitor,1
C001798,2026-01-06 08:43:00,Exit,1
C001799,2026-01-14 20:20:00,Visitor,1
C001799,2026-01-14 20:24:00,Product View,1
C001799,2026-01-14 20:27:00,Add to Cart,1
C001799,2026-01-14 20:30:00,Exit,1
C001800,2026-01-12 19:33:00,Visitor,1
C001800,2026-01-12 19:36:00,Exit,1
C001801,2026-01-08 07:23:00,Visitor,1
C001801,2026-01-08 07:25:00,Exit,1
C001802,2026-01-06 11:56:00,Visitor,1
C001802,2026-01-06 11:57:00,Product View,1
C001802,2026-01-06 11:58:00,Exit,1
C001803,2026-01-07 21:42:00,Visitor,1
C001803,2026-01-07 21:43:00,Exit,1
C001804,2026-01-07 19:12:00,Visitor,1
C001804,2026-01-07 19:14:00,Product View,1
C001804,2026-01-07 19:21:00,Exit,1
C001805,2026-01-02 22:14:00,Visitor,1
C001805,2026-01-02 22:18:00,Exit,1
C001806,2026-01-07 05:34:00,Visitor,1
C001806,2026-01-07 05:36:00,Exit,1
C001807,2026-01-09 05:28:00,Visitor,1
C001807,2026-01-09 05:36:00,Product View,1
C001807,2026-01-09 05:44:00,Add to Cart,1
C001807,2026-01-09 05:45:00,Purchase,1
C001807,2026-01-09 05:48:00,Exit,1
C001808,2026-01-02 21:13:00,Visitor,1
C001808,2026-01-02 21:15:00,Exit,1
C001809,2026-01-10 10:35:00,Visitor,1
C001809,2026-01-10 10:40:00,Product View,1
C001809,2026-01-10 10:48:00,Exit,1
C001810,2026-01-02 23:07:00,Visitor,1
C001810,2026-01-02 23:09:00,Product View,1
C001810,2026-01-02 23:21:00,Exit,1
C001811,2026-01-09 21:17:00,Visitor,1
C001811,2026-01-09 21:19:00,Exit,1
C001812,2026-01-07 09:29:00,Visitor,1
C001812,2026-01-07 09:31:00,Product View,1
C001812,2026-01-07 09:35:00,Add to Cart,1
C001812,2026-01-07 09:38:00,Purchase,1
C001812,2026-01-07 09:39:00,Exit,1
C001813,2026-01-08 06:39:00,Visitor,1
C001813,2026-01-08 06:41:00,Product View,1
C001813,2026-01-08 06:43:00,Exit,1
C001814,2026-01-07 18:33:00,Visitor,1
C001814,2026-01-07 18:37:00,Product View,1
C001814,2026-01-07 18:42:00,Exit,1
C001815,2026-01-14 18:53:00,Visitor,1
C001815,2026-01-14 18:55:00,Product View,1
C001815,2026-01-14 18:58:00,Product View,1
C001815,2026-01-14 19:00:00,Add to Cart,1
C001815,2026-01-14 19:06:00,Exit,1
C001816,2026-01-11 04:29:00,Visitor,1
C001816,2026-01-11 04:30:00,Exit,1
C001817,2026-01-08 09:11:00,Visitor,1
C001817,2026-01-08 09:13:00,Exit,1
C001818,2026-01-10 18:51:00,Visitor,1
C001818,2026-01-10 18:55:00,Exit,1
C001819,2026-01-03 14:57:00,Visitor,1
C001819,2026-01-03 15:01:00,Product View,1
C001819,2026-01-03 15:02:00,Add to Cart,1
C001819,2026-01-03 15:03:00,Product View,1
C001819,2026-01-03 15:05:00,Exit,1
C001820,2026-01-12 08:23:00,Visitor,1
C001820,2026-01-12 08:32:00,Exit,1
C001821,2026-01-05 15:55:00,Visitor,1
C001821,2026-01-05 16:02:00,Product View,1
C001821,2026-01-05 16:07:00,Add to Cart,1
C001821,2026-01-05 16:09:00,Exit,1
C001822,2026-01-05 23:08:00,Visitor,1
C001822,2026-01-05 23:14:00,Product View,1
C001822,2026-01-05 23:18:00,Exit,1
C001823,2026-01-06 05:03:00,Visitor,1
C001823,2026-01-06 05:06:00,Product View,1
C001823,2026-01-06 05:10:00,Exit,1
C001824,2026-01-12 20:29:00,Visitor,1
C001824,2026-01-12 20:35:00,Product View,1
C001824,2026-01-12 20:48:00,Exit,1
C001825,2026-01-04 15:37:00,Visitor,1
C001825,2026-01-04 15:39:00,Product View,1
C001825,2026-01-04 15:43:00,Product View,1
C001825,2026-01-04 15:44:00,Exit,1
C001826,2026-01-11 15:51:00,Visitor,1
C001826,2026-01-11 15:53:00,Product View,1
C001826,2026-01-11 15:58:00,Add to Cart,1
C001826,2026-01-11 16:01:00,Exit,1
C001827,2026-01-03 12:54:00,Visitor,1
C001827,2026-01-03 12:57:00,Product View,1
C001827,2026-01-03 13:01:00,Exit,1
C001828,2026-01-07 03:11:00,Visitor,1
C001828,2026-01-07 03:16:00,Product View,1
C001828,2026-01-07 03:20:00,Product View,1
C001828,2026-01-07 03:21:00,Add to Cart,1
C001828,2026-01-07 03:33:00,Purchase,1
C001828,2026-01-07 03:57:00,Exit,1
C001829,2026-01-04 08:14:00,Visitor,1
C001829,2026-01-04 08:16:00,Product View,1
C001829,2026-01-04 08:18:00,Add to Cart,1
C001829,2026-01-04 08:19:00,Exit,1
C001830,2026-01-04 20:55:00,Visitor,1
C001830,2026-01-04 21:11:00,Exit,1
C001831,2026-01-14 11:47:00,Visitor,1
C001831,2026-01-14 11:48:00,Product View,1
C001831,2026-01-14 11:57:00,Add to Cart,1
C001831,2026-01-14 12:02:00,Product View,1
C001831,2026-01-14 12:03:00,Exit,1
C001832,2026-01-05 05:34:00,Visitor,1
C001832,2026-01-05 05:35:00,Exit,1
C001833,2026-01-06 03:50:00,Visitor,1
C001833,2026-01-06 03:55:00,Product View,1
C001833,2026-01-06 03:56:00,Exit,1
C001834,2026-01-06 19:35:00,Visitor,1
C001834,2026-01-06 19:38:00,Product View,1
C001834,2026-01-06 19:39:00,Add to Cart,1
C001834,2026-01-06 19:49:00,Exit,1
C001835,2026-01-02 10:30:00,Visitor,1
C001835,2026-01-02 10:36:00,Exit,1
C001836,2026-01-07 14:18:00,Visitor,1
C001836,2026-01-07 14:20:00,Product View,1
C001836,2026-01-07 14:23:00,Add to Cart,1
C001836,2026-01-07 14:32:00,Exit,1
C001837,2026-01-02 02:03:00,Visitor,1
C001837,2026-01-02 02:04:00,Product View,1
C001837,2026-01-02 02:05:00,Exit,1
C001838,2026-01-07 16:21:00,Visitor,1
C001838,2026-01-07 16:22:00,Product View,1
C001838,2026-01-07 16:26:00,Exit,1
C001839,2026-01-05 15:04:00,Visitor,1
C001839,2026-01-05 15:12:00,Exit,1
C001840,2026-01-09 08:53:00,Visitor,1
C001840,2026-01-09 08:59:00,Exit,1
C001841,2026-01-11 00:49:00,Visitor,1
C001841,2026-01-11 00:52:00,Exit,1
C001842,2026-01-10 21:17:00,Visitor,1
C001842,2026-01-10 21:20:00,Exit,1
C001843,2026-01-09 17:58:00,Visitor,1
C001843,2026-01-09 18:10:00,Exit,1
C001844,2026-01-11 09:46:00,Visitor,1
C001844,2026-01-11 09:49:00,Exit,1
C001845,2026-01-04 19:14:00,Visitor,1
C001845,2026-01-04 19:17:00,Product View,1
C001845,2026-01-04 19:20:00,Exit,1
C001846,2026-01-10 16:52:00,Visitor,1
C001846,2026-01-10 16:57:00,Product View,1
C001846,2026-01-10 17:02:00,Exit,1
C001847,2026-01-10 23:53:00,Visitor,1
C001847,2026-01-10 23:54:00,Exit,1
C001848,2026-01-09 23:28:00,Visitor,1
C001848,2026-01-09 23:30:00,Product View,1
C001848,2026-01-09 23:33:00,Exit,1
C001849,2026-01-04 11:38:00,Visitor,1
C001849,2026-01-04 11:42:00,Exit,1
C001850,2026-01-09 12:38:00,Visitor,1
C001850,2026-01-09 12:49:00,Product View,1
C001850,2026-01-09 12:51:00,Add to Cart,1
C001850,2026-01-09 12:59:00,Purchase,1
C001850,2026-01-09 13:19:00,Exit,1
C001851,2026-01-12 09:01:00,Visitor,1
C001851,2026-01-12 09:02:00,Exit,1
C001852,2026-01-07 20:52:00,Visitor,1
C001852,2026-01-07 20:53:00,Product View,1
C001852,2026-01-07 20:54:00,Exit,1
C001853,2026-01-04 03:49:00,Visitor,1
C001853,2026-01-04 03:51:00,Product View,1
C001853,2026-01-04 03:53:00,Product View,1
C001853,2026-01-04 03:55:00,Exit,1
C001854,2026-01-03 16:15:00,Visitor,1
C001854,2026-01-03 16:19:00,Product View,1
C001854,2026-01-03 16:31:00,Add to Cart,1
C001854,2026-01-03 16:46:00,Exit,1
C001855,2026-01-14 13:13:00,Visitor,1
C001855,2026-01-14 13:17:00,Exit,1
C001856,2026-01-02 13:57:00,Visitor,1
C001856,2026-01-02 14:00:00,Product View,1
C001856,2026-01-02 14:05:00,Exit,1
C001857,2026-01-02 07:00:00,Visitor,1
C001857,2026-01-02 07:05:00,Product View,1
C001857,2026-01-02 07:13:00,Add to Cart,1
C001857,2026-01-02 07:17:00,Exit,1
C001858,2026-01-09 18:12:00,Visitor,1
C001858,2026-01-09 18:15:00,Exit,1
C001859,2026-01-03 16:36:00,Visitor,1
C001859,2026-01-03 16:40:00,Product View,1
C001859,2026-01-03 16:46:00,Product View,1
C001859,2026-01-03 16:51:00,Product View,1
C001859,2026-01-03 16:59:00,Product View,1
C001859,2026-01-03 17:02:00,Add to Cart,1
C001859,2026-01-03 17:08:00,Purchase,1
C001859,2026-01-03 17:14:00,Exit,1
C001860,2026-01-01 16:29:00,Visitor,1
C001860,2026-01-01 16:31:00,Product View,1
C001860,2026-01-01 16:32:00,Exit,1
C001861,2026-01-14 07:20:00,Visitor,1
C001861,2026-01-14 07:25:00,Product View,1
C001861,2026-01-14 07:32:00,Add to Cart,1
C001861,2026-01-14 07:36:00,Exit,1
C001862,2026-01-09 05:25:00,Visitor,1
C001862,2026-01-09 05:57:00,Product View,1
C001862,2026-01-09 06:03:00,Exit,1
C001863,2026-01-12 02:29:00,Visitor,1
C001863,2026-01-12 02:34:00,Product View,1
C001863,2026-01-12 02:35:00,Exit,1
C001864,2026-01-12 09:45:00,Visitor,1
C001864,2026-01-12 09:48:00,Exit,1
C001865,2026-01-03 08:10:00,Visitor,1
C001865,2026-01-03 08:15:00,Product View,1
C001865,2026-01-03 08:17:00,Exit,1
C001866,2026-01-11 20:09:00,Visitor,1
C001866,2026-01-11 20:16:00,Product View,1
C001866,2026-01-11 20:23:00,Add to Cart,1
C001866,2026-01-11 20:24:00,Purchase,1
C001866,2026-01-11 20:27:00,Exit,1
C001867,2026-01-07 13:04:00,Visitor,1
C001867,2026-01-07 13:06:00,Product View,1
C001867,2026-01-07 13:07:00,Exit,1
C001868,2026-01-10 14:38:00,Visitor,1
C001868,2026-01-10 14:39:00,Exit,1
C001869,2026-01-03 11:15:00,Visitor,1
C001869,2026-01-03 11:19:00,Exit,1
C001870,2026-01-05 10:57:00,Visitor,1
C001870,2026-01-05 10:59:00,Product View,1
C001870,2026-01-05 11:11:00,Add to Cart,1
C001870,2026-01-05 11:12:00,Exit,1
C001871,2026-01-05 07:19:00,Visitor,1
C001871,2026-01-05 07:20:00,Exit,1
C001872,2026-01-03 03:19:00,Visitor,1
C001872,2026-01-03 03:24:00,Product View,1
C001872,2026-01-03 03:25:00,Exit,1
C001873,2026-01-11 12:40:00,Visitor,1
C001873,2026-01-11 12:54:00,Product View,1
C001873,2026-01-11 12:55:00,Add to Cart,1
C001873,2026-01-11 12:59:00,Exit,1
C001874,2026-01-14 08:46:00,Visitor,1
C001874,2026-01-14 08:49:00,Product View,1
C001874,2026-01-14 08:50:00,Exit,1
C001875,2026-01-08 00:31:00,Visitor,1
C001875,2026-01-08 00:33:00,Exit,1
C001876,2026-01-14 21:19:00,Visitor,1
C001876,2026-01-14 21:24:00,Product View,1
C001876,2026-01-14 21:40:00,Exit,1
C001877,2026-01-02 08:13:00,Visitor,1
C001877,2026-01-02 08:20:00,Exit,1
C001878,2026-01-13 10:04:00,Visitor,1
C001878,2026-01-13 10:05:00,Exit,1
C001879,2026-01-03 21:33:00,Visitor,1
C001879,2026-01-03 21:34:00,Product View,1
C001879,2026-01-03 21:37:00,Exit,1
C001880,2026-01-09 17:50:00,Visitor,1
C001880,2026-01-09 17:55:00,Product View,1
C001880,2026-01-09 17:58:00,Exit,1
C001881,2026-01-02 15:16:00,Visitor,1
C001881,2026-01-02 15:22:00,Exit,1
C001882,2026-01-05 20:02:00,Visitor,1
C001882,2026-01-05 20:06:00,Product View,1
C001882,2026-01-05 20:17:00,Add to Cart,1
C001882,2026-01-05 20:18:00,Purchase,1
C001882,2026-01-05 20:22:00,Exit,1
C001883,2026-01-08 02:43:00,Visitor,1
C001883,2026-01-08 02:48:00,Exit,1
C001884,2026-01-01 01:12:00,Visitor,1
C001884,2026-01-01 01:20:00,Product View,1
C001884,2026-01-01 01:28:00,Product View,1
C001884,2026-01-01 01:32:00,Add to Cart,1
C001884,2026-01-01 01:33:00,Purchase,1
C001884,2026-01-01 01:34:00,Exit,1
C001885,2026-01-09 18:23:00,Visitor,1
C001885,2026-01-09 18:27:00,Exit,1
C001886,2026-01-04 19:03:00,Visitor,1
C001886,2026-01-04 19:06:00,Exit,1
C001887,2026-01-12 22:39:00,Visitor,1
C001887,2026-01-12 22:40:00,Exit,1
C001888,2026-01-07 10:12:00,Visitor,1
C001888,2026-01-07 10:13:00,Exit,1
C001889,2026-01-14 17:50:00,Visitor,1
C001889,2026-01-14 17:51:00,Product View,1
C001889,2026-01-14 17:55:00,Exit,1
C001890,2026-01-14 14:15:00,Visitor,1
C001890,2026-01-14 14:20:00,Exit,1
C001891,2026-01-12 15:12:00,Visitor,1
C001891,2026-01-12 15:13:00,Product View,1
C001891,2026-01-12 15:20:00,Exit,1
C001892,2026-01-03 18:35:00,Visitor,1
C001892,2026-01-03 18:37:00,Exit,1
C001893,2026-01-08 07:58:00,Visitor,1
C001893,2026-01-08 08:12:00,Product View,1
C001893,2026-01-08 08:16:00,Product View,1
C001893,2026-01-08 08:19:00,Exit,1
C001894,2026-01-13 09:52:00,Visitor,1
C001894,2026-01-13 09:54:00,Exit,1
C001895,2026-01-02 10:48:00,Visitor,1
C001895,2026-01-02 10:55:00,Exit,1
C001896,2026-01-11 02:57:00,Visitor,1
C001896,2026-01-11 03:30:00,Product View,1
C001896,2026-01-11 03:36:00,Add to Cart,1
C001896,2026-01-11 03:37:00,Purchase,1
C001896,2026-01-11 03:45:00,Exit,1
C001897,2026-01-11 04:09:00,Visitor,1
C001897,2026-01-11 04:17:00,Product View,1
C001897,2026-01-11 04:20:00,Exit,1
C001898,2026-01-05 19:01:00,Visitor,1
C001898,2026-01-05 19:10:00,Product View,1
C001898,2026-01-05 19:11:00,Add to Cart,1
C001898,2026-01-05 19:16:00,Exit,1
C001899,2026-01-10 21:54:00,Visitor,1
C001899,2026-01-10 21:57:00,Product View,1
C001899,2026-01-10 22:08:00,Add to Cart,1
C001899,2026-01-10 22:17:00,Product View,1
C001899,2026-01-10 22:19:00,Exit,1
C001900,2026-01-14 03:05:00,Visitor,1
C001900,2026-01-14 03:09:00,Exit,1
C001901,2026-01-12 07:55:00,Visitor,1
C001901,2026-01-12 07:56:00,Product View,1
C001901,2026-01-12 08:01:00,Exit,1
C001902,2026-01-05 18:26:00,Visitor,1
C001902,2026-01-05 18:27:00,Exit,1
C001903,2026-01-09 08:06:00,Visitor,1
C001903,2026-01-09 08:17:00,Product View,1
C001903,2026-01-09 08:19:00,Exit,1
C001904,2026-01-06 18:56:00,Visitor,1
C001904,2026-01-06 19:00:00,Product View,1
C001904,2026-01-06 19:01:00,Add to Cart,1
C001904,2026-01-06 19:06:00,Exit,1
C001905,2026-01-03 02:17:00,Visitor,1
C001905,2026-01-03 02:20:00,Product View,1
C001905,2026-01-03 02:33:00,Exit,1
C001906,2026-01-07 09:20:00,Visitor,1
C001906,2026-01-07 09:25:00,Exit,1
C001907,2026-01-10 12:46:00,Visitor,1
C001907,2026-01-10 12:47:00,Exit,1
C001908,2026-01-04 19:48:00,Visitor,1
C001908,2026-01-04 19:51:00,Product View,1
C001908,2026-01-04 19:52:00,Exit,1
C001909,2026-01-09 00:05:00,Visitor,1
C001909,2026-01-09 00:08:00,Exit,1
C001910,2026-01-01 06:18:00,Visitor,1
C001910,2026-01-01 06:24:00,Product View,1
C001910,2026-01-01 06:36:00,Exit,1
C001911,2026-01-06 11:19:00,Visitor,1
C001911,2026-01-06 11:33:00,Product View,1
C001911,2026-01-06 11:35:00,Exit,1
C001912,2026-01-13 23:40:00,Visitor,1
C001912,2026-01-13 23:45:00,Product View,1
C001912,2026-01-13 23:47:00,Product View,1
C001912,2026-01-13 23:48:00,Exit,1
C001913,2026-01-02 12:28:00,Visitor,1
C001913,2026-01-02 12:37:00,Product View,1
C001913,2026-01-02 12:41:00,Add to Cart,1
C001913,2026-01-02 12:44:00,Purchase,1
C001913,2026-01-02 12:46:00,Exit,1
C001914,2026-01-01 06:16:00,Visitor,1
C001914,2026-01-01 06:22:00,Product View,1
C001914,2026-01-01 06:27:00,Product View,1
C001914,2026-01-01 06:28:00,Add to Cart,1
C001914,2026-01-01 06:30:00,Purchase,1
C001914,2026-01-01 06:32:00,Exit,1
C001915,2026-01-12 18:01:00,Visitor,1
C001915,2026-01-12 18:03:00,Product View,1
C001915,2026-01-12 18:06:00,Exit,1
C001916,2026-01-09 06:29:00,Visitor,1
C001916,2026-01-09 06:30:00,Product View,1
C001916,2026-01-09 06:33:00,Add to Cart,1
C001916,2026-01-09 06:35:00,Exit,1
C001917,2026-01-06 03:52:00,Visitor,1
C001917,2026-01-06 03:56:00,Exit,1
C001918,2026-01-12 22:39:00,Visitor,1
C001918,2026-01-12 22:45:00,Exit,1
C001919,2026-01-12 13:45:00,Visitor,1
C001919,2026-01-12 13:49:00,Product View,1
C001919,2026-01-12 13:53:00,Exit,1
C001920,2026-01-05 18:03:00,Visitor,1
C001920,2026-01-05 18:12:00,Product View,1
C001920,2026-01-05 18:14:00,Exit,1
C001921,2026-01-06 02:14:00,Visitor,1
C001921,2026-01-06 02:19:00,Product View,1
C001921,2026-01-06 02:29:00,Product View,1
C001921,2026-01-06 02:32:00,Exit,1
C001922,2026-01-01 03:02:00,Visitor,1
C001922,2026-01-01 03:06:00,Product View,1
C001922,2026-01-01 03:17:00,Exit,1
C001923,2026-01-13 04:55:00,Visitor,1
C001923,2026-01-13 04:56:00,Exit,1
C001924,2026-01-03 20:59:00,Visitor,1
C001924,2026-01-03 21:08:00,Product View,1
C001924,2026-01-03 21:13:00,Exit,1
C001925,2026-01-12 13:05:00,Visitor,1
C001925,2026-01-12 13:14:00,Product View,1
C001925,2026-01-12 13:26:00,Exit,1
C001926,2026-01-06 05:19:00,Visitor,1
C001926,2026-01-06 05:21:00,Product View,1
C001926,2026-01-06 05:23:00,Exit,1
C001927,2026-01-07 05:22:00,Visitor,1
C001927,2026-01-07 05:23:00,Product View,1
C001927,2026-01-07 05:27:00,Product View,1
C001927,2026-01-07 05:28:00,Add to Cart,1
C001927,2026-01-07 05:35:00,Product View,1
C001927,2026-01-07 05:36:00,Exit,1
C001928,2026-01-11 11:46:00,Visitor,1
C001928,2026-01-11 11:54:00,Product View,1
C001928,2026-01-11 12:06:00,Add to Cart,1
C001928,2026-01-11 12:11:00,Purchase,1
C001928,2026-01-11 12:13:00,Exit,1
C001929,2026-01-14 11:02:00,Visitor,1
C001929,2026-01-14 11:04:00,Exit,1
C001930,2026-01-06 13:16:00,Visitor,1
C001930,2026-01-06 13:19:00,Product View,1
C001930,2026-01-06 13:27:00,Product View,1
C001930,2026-01-06 13:39:00,Exit,1
C001931,2026-01-10 13:41:00,Visitor,1
C001931,2026-01-10 13:43:00,Product View,1
C001931,2026-01-10 13:45:00,Add to Cart,1
C001931,2026-01-10 13:47:00,Purchase,1
C001931,2026-01-10 13:52:00,Repeat Purchase,1
C001931,2026-01-10 13:54:00,Exit,1
C001932,2026-01-08 07:18:00,Visitor,1
C001932,2026-01-08 07:23:00,Product View,1
C001932,2026-01-08 07:28:00,Add to Cart,1
C001932,2026-01-08 07:29:00,Exit,1
C001933,2026-01-04 04:07:00,Visitor,1
C001933,2026-01-04 04:09:00,Product View,1
C001933,2026-01-04 04:11:00,Exit,1
C001934,2026-01-02 23:46:00,Visitor,1
C001934,2026-01-02 23:50:00,Product View,1
C001934,2026-01-02 23:56:00,Exit,1
C001935,2026-01-02 13:04:00,Visitor,1
C001935,2026-01-02 13:10:00,Exit,1
C001936,2026-01-09 15:53:00,Visitor,1
C001936,2026-01-09 15:58:00,Product View,1
C001936,2026-01-09 15:59:00,Exit,1
C001937,2026-01-07 12:26:00,Visitor,1
C001937,2026-01-07 12:27:00,Product View,1
C001937,2026-01-07 12:38:00,Exit,1
C001938,2026-01-03 16:49:00,Visitor,1
C001938,2026-01-03 16:52:00,Product View,1
C001938,2026-01-03 16:54:00,Exit,1
C001939,2026-01-10 12:07:00,Visitor,1
C001939,2026-01-10 12:09:00,Exit,1
C001940,2026-01-10 16:00:00,Visitor,1
C001940,2026-01-10 16:04:00,Product View,1
C001940,2026-01-10 16:07:00,Add to Cart,1
C001940,2026-01-10 16:16:00,Exit,1
C001941,2026-01-02 02:05:00,Visitor,1
C001941,2026-01-02 02:14:00,Product View,1
C001941,2026-01-02 02:17:00,Add to Cart,1
C001941,2026-01-02 02:23:00,Purchase,1
C001941,2026-01-02 02:25:00,Exit,1
C001942,2026-01-14 13:05:00,Visitor,1
C001942,2026-01-14 13:20:00,Product View,1
C001942,2026-01-14 13:24:00,Exit,1
C001943,2026-01-07 06:29:00,Visitor,1
C001943,2026-01-07 06:31:00,Product View,1
C001943,2026-01-07 06:34:00,Exit,1
C001944,2026-01-14 18:07:00,Visitor,1
C001944,2026-01-14 18:11:00,Product View,1
C001944,2026-01-14 18:17:00,Exit,1
C001945,2026-01-07 11:26:00,Visitor,1
C001945,2026-01-07 11:31:00,Product View,1
C001945,2026-01-07 11:35:00,Exit,1
C001946,2026-01-13 15:43:00,Visitor,1
C001946,2026-01-13 15:45:00,Exit,1
C001947,2026-01-11 12:54:00,Visitor,1
C001947,2026-01-11 12:56:00,Product View,1
C001947,2026-01-11 12:57:00,Exit,1
C001948,2026-01-02 18:45:00,Visitor,1
C001948,2026-01-02 18:46:00,Exit,1
C001949,2026-01-08 06:19:00,Visitor,1
C001949,2026-01-08 06:22:00,Product View,1
C001949,2026-01-08 06:26:00,Exit,1
C001950,2026-01-05 01:39:00,Visitor,1
C001950,2026-01-05 01:47:00,Product View,1
C001950,2026-01-05 01:49:00,Add to Cart,1
C001950,2026-01-05 01:51:00,Exit,1
C001951,2026-01-06 00:01:00,Visitor,1
C001951,2026-01-06 00:02:00,Product View,1
C001951,2026-01-06 00:03:00,Exit,1
C001952,2026-01-14 19:24:00,Visitor,1
C001952,2026-01-14 19:25:00,Exit,1
C001953,2026-01-14 20:22:00,Visitor,1
C001953,2026-01-14 20:25:00,Product View,1
C001953,2026-01-14 20:38:00,Exit,1
C001954,2026-01-08 08:17:00,Visitor,1
C001954,2026-01-08 08:22:00,Exit,1
C001955,2026-01-05 16:39:00,Visitor,1
C001955,2026-01-05 16:43:00,Exit,1
C001956,2026-01-13 04:40:00,Visitor,1
C001956,2026-01-13 04:42:00,Exit,1
C001957,2026-01-07 02:16:00,Visitor,1
C001957,2026-01-07 02:17:00,Exit,1
C001958,2026-01-03 00:47:00,Visitor,1
C001958,2026-01-03 00:53:00,Exit,1
C001959,2026-01-01 17:25:00,Visitor,1
C001959,2026-01-01 17:26:00,Product View,1
C001959,2026-01-01 17:29:00,Exit,1
C001960,2026-01-10 09:39:00,Visitor,1
C001960,2026-01-10 09:45:00,Product View,1
C001960,2026-01-10 09:48:00,Exit,1
C001961,2026-01-11 02:11:00,Visitor,1
C001961,2026-01-11 02:12:00,Product View,1
C001961,2026-01-11 02:14:00,Exit,1
C001962,2026-01-01 03:14:00,Visitor,1
C001962,2026-01-01 03:21:00,Product View,1
C001962,2026-01-01 03:22:00,Add to Cart,1
C001962,2026-01-01 03:28:00,Exit,1
C001963,2026-01-14 22:41:00,Visitor,1
C001963,2026-01-14 22:47:00,Product View,1
C001963,2026-01-14 22:49:00,Add to Cart,1
C001963,2026-01-14 22:52:00,Exit,1
C001964,2026-01-01 20:48:00,Visitor,1
C001964,2026-01-01 20:59:00,Exit,1
C001965,2026-01-06 09:41:00,Visitor,1
C001965,2026-01-06 09:42:00,Product View,1
C001965,2026-01-06 09:43:00,Add to Cart,1
C001965,2026-01-06 09:48:00,Exit,1
C001966,2026-01-02 11:01:00,Visitor,1
C001966,2026-01-02 11:07:00,Product View,1
C001966,2026-01-02 11:12:00,Exit,1
C001967,2026-01-05 00:23:00,Visitor,1
C001967,2026-01-05 00:27:00,Product View,1
C001967,2026-01-05 00:43:00,Exit,1
C001968,2026-01-02 18:52:00,Visitor,1
C001968,2026-01-02 18:57:00,Product View,1
C001968,2026-01-02 19:04:00,Exit,1
C001969,2026-01-04 22:14:00,Visitor,1
C001969,2026-01-04 22:16:00,Exit,1
C001970,2026-01-13 12:39:00,Visitor,1
C001970,2026-01-13 12:42:00,Product View,1
C001970,2026-01-13 12:45:00,Exit,1
C001971,2026-01-04 14:36:00,Visitor,1
C001971,2026-01-04 14:39:00,Exit,1
C001972,2026-01-09 06:40:00,Visitor,1
C001972,2026-01-09 06:41:00,Product View,1
C001972,2026-01-09 06:42:00,Exit,1
C001973,2026-01-09 00:16:00,Visitor,1
C001973,2026-01-09 00:21:00,Product View,1
C001973,2026-01-09 00:25:00,Exit,1
C001974,2026-01-12 20:02:00,Visitor,1
C001974,2026-01-12 20:04:00,Exit,1
C001975,2026-01-14 19:05:00,Visitor,1
C001975,2026-01-14 19:07:00,Exit,1
C001976,2026-01-01 03:58:00,Visitor,1
C001976,2026-01-01 04:01:00,Product View,1
C001976,2026-01-01 04:05:00,Add to Cart,1
C001976,2026-01-01 04:08:00,Exit,1
C001977,2026-01-09 00:53:00,Visitor,1
C001977,2026-01-09 00:56:00,Exit,1
C001978,2026-01-04 21:36:00,Visitor,1
C001978,2026-01-04 21:37:00,Product View,1
C001978,2026-01-04 21:50:00,Add to Cart,1
C001978,2026-01-04 21:54:00,Exit,1
C001979,2026-01-03 12:06:00,Visitor,1
C001979,2026-01-03 12:07:00,Product View,1
C001979,2026-01-03 12:08:00,Exit,1
C001980,2026-01-07 06:08:00,Visitor,1
C001980,2026-01-07 06:26:00,Product View,1
C001980,2026-01-07 06:29:00,Add to Cart,1
C001980,2026-01-07 06:39:00,Purchase,1
C001980,2026-01-07 06:41:00,Exit,1
C001981,2026-01-12 08:27:00,Visitor,1
C001981,2026-01-12 08:28:00,Exit,1
C001982,2026-01-07 12:54:00,Visitor,1
C001982,2026-01-07 13:02:00,Exit,1
C001983,2026-01-11 19:02:00,Visitor,1
C001983,2026-01-11 19:09:00,Product View,1
C001983,2026-01-11 19:11:00,Exit,1
C001984,2026-01-08 12:16:00,Visitor,1
C001984,2026-01-08 12:18:00,Exit,1
C001985,2026-01-12 16:14:00,Visitor,1
C001985,2026-01-12 16:16:00,Product View,1
C001985,2026-01-12 16:20:00,Product View,1
C001985,2026-01-12 16:25:00,Exit,1
C001986,2026-01-11 09:29:00,Visitor,1
C001986,2026-01-11 09:32:00,Exit,1
C001987,2026-01-05 22:56:00,Visitor,1
C001987,2026-01-05 23:03:00,Product View,1
C001987,2026-01-05 23:07:00,Exit,1
C001988,2026-01-13 18:32:00,Visitor,1
C001988,2026-01-13 18:35:00,Product View,1
C001988,2026-01-13 19:00:00,Exit,1
C001989,2026-01-04 14:35:00,Visitor,1
C001989,2026-01-04 14:37:00,Exit,1
C001990,2026-01-10 13:53:00,Visitor,1
C001990,2026-01-10 13:55:00,Product View,1
C001990,2026-01-10 13:56:00,Add to Cart,1
C001990,2026-01-10 14:04:00,Exit,1
C001991,2026-01-03 19:45:00,Visitor,1
C001991,2026-01-03 19:47:00,Exit,1
C001992,2026-01-04 22:36:00,Visitor,1
C001992,2026-01-04 22:41:00,Exit,1
C001993,2026-01-13 15:47:00,Visitor,1
C001993,2026-01-13 15:52:00,Exit,1
C001994,2026-01-02 07:42:00,Visitor,1
C001994,2026-01-02 07:46:00,Exit,1
C001995,2026-01-01 16:43:00,Visitor,1
C001995,2026-01-01 16:44:00,Product View,1
C001995,2026-01-01 16:46:00,Exit,1
C001996,2026-01-03 21:41:00,Visitor,1
C001996,2026-01-03 21:44:00,Exit,1
C001997,2026-01-04 23:23:00,Visitor,1
C001997,2026-01-04 23:26:00,Product View,1
C001997,2026-01-04 23:27:00,Add to Cart,1
C001997,2026-01-04 23:29:00,Exit,1
C001998,2026-01-09 15:04:00,Visitor,1
C001998,2026-01-09 15:08:00,Exit,1
C001999,2026-01-01 06:55:00,Visitor,1
C001999,2026-01-01 07:03:00,Exit,1
C002000,2026-01-04 13:47:00,Visitor,1
C002000,2026-01-04 13:51:00,Exit,1
C002001,2026-01-02 20:19:00,Visitor,1
C002001,2026-01-02 20:27:00,Product View,1
C002001,2026-01-02 20:29:00,Exit,1
C002002,2026-01-10 21:05:00,Visitor,1
C002002,2026-01-10 21:07:00,Exit,1
C002003,2026-01-03 00:43:00,Visitor,1
C002003,2026-01-03 00:52:00,Product View,1
C002003,2026-01-03 00:55:00,Exit,1
C002004,2026-01-01 23:18:00,Visitor,1
C002004,2026-01-01 23:25:00,Product View,1
C002004,2026-01-01 23:30:00,Add to Cart,1
C002004,2026-01-01 23:35:00,Exit,1
C002005,2026-01-14 02:27:00,Visitor,1
C002005,2026-01-14 02:28:00,Product View,1
C002005,2026-01-14 02:34:00,Add to Cart,1
C002005,2026-01-14 02:36:00,Exit,1
C002006,2026-01-14 03:26:00,Visitor,1
C002006,2026-01-14 03:29:00,Exit,1
C002007,2026-01-13 21:07:00,Visitor,1
C002007,2026-01-13 21:14:00,Product View,1
C002007,2026-01-13 21:16:00,Exit,1
C002008,2026-01-10 16:29:00,Visitor,1
C002008,2026-01-10 16:34:00,Product View,1
C002008,2026-01-10 16:42:00,Add to Cart,1
C002008,2026-01-10 16:49:00,Exit,1
C002009,2026-01-13 03:26:00,Visitor,1
C002009,2026-01-13 03:38:00,Exit,1
C002010,2026-01-03 20:34:00,Visitor,1
C002010,2026-01-03 20:36:00,Exit,1
C002011,2026-01-05 02:21:00,Visitor,1
C002011,2026-01-05 02:23:00,Exit,1
C002012,2026-01-14 17:31:00,Visitor,1
C002012,2026-01-14 17:35:00,Product View,1
C002012,2026-01-14 17:36:00,Add to Cart,1
C002012,2026-01-14 17:37:00,Product View,1
C002012,2026-01-14 17:43:00,Product View,1
C002012,2026-01-14 17:45:00,Exit,1
C002013,2026-01-02 07:41:00,Visitor,1
C002013,2026-01-02 07:42:00,Product View,1
C002013,2026-01-02 07:43:00,Exit,1
C002014,2026-01-13 11:56:00,Visitor,1
C002014,2026-01-13 11:59:00,Exit,1
C002015,2026-01-01 00:31:00,Visitor,1
C002015,2026-01-01 00:34:00,Exit,1
C002016,2026-01-11 13:23:00,Visitor,1
C002016,2026-01-11 13:25:00,Product View,1
C002016,2026-01-11 13:30:00,Exit,1
C002017,2026-01-02 09:18:00,Visitor,1
C002017,2026-01-02 09:19:00,Product View,1
C002017,2026-01-02 09:28:00,Add to Cart,1
C002017,2026-01-02 09:41:00,Exit,1
C002018,2026-01-10 20:40:00,Visitor,1
C002018,2026-01-10 20:48:00,Product View,1
C002018,2026-01-10 20:52:00,Exit,1
C002019,2026-01-09 13:44:00,Visitor,1
C002019,2026-01-09 13:46:00,Product View,1
C002019,2026-01-09 13:59:00,Exit,1
C002020,2026-01-03 13:48:00,Visitor,1
C002020,2026-01-03 13:54:00,Exit,1
C002021,2026-01-09 16:47:00,Visitor,1
C002021,2026-01-09 16:48:00,Product View,1
C002021,2026-01-09 16:52:00,Add to Cart,1
C002021,2026-01-09 16:53:00,Exit,1
C002022,2026-01-02 01:25:00,Visitor,1
C002022,2026-01-02 01:31:00,Product View,1
C002022,2026-01-02 01:38:00,Add to Cart,1
C002022,2026-01-02 01:44:00,Purchase,1
C002022,2026-01-02 01:47:00,Repeat Purchase,1
C002022,2026-01-02 01:48:00,Exit,1
C002023,2026-01-05 11:23:00,Visitor,1
C002023,2026-01-05 11:25:00,Exit,1
C002024,2026-01-07 18:19:00,Visitor,1
C002024,2026-01-07 18:34:00,Product View,1
C002024,2026-01-07 18:37:00,Exit,1
C002025,2026-01-07 21:09:00,Visitor,1
C002025,2026-01-07 21:10:00,Product View,1
C002025,2026-01-07 21:22:00,Exit,1
C002026,2026-01-02 23:22:00,Visitor,1
C002026,2026-01-02 23:23:00,Product View,1
C002026,2026-01-02 23:27:00,Product View,1
C002026,2026-01-02 23:29:00,Exit,1
C002027,2026-01-13 00:56:00,Visitor,1
C002027,2026-01-13 01:01:00,Product View,1
C002027,2026-01-13 01:03:00,Add to Cart,1
C002027,2026-01-13 01:11:00,Purchase,1
C002027,2026-01-13 01:15:00,Exit,1
C002028,2026-01-02 20:52:00,Visitor,1
C002028,2026-01-02 20:58:00,Product View,1
C002028,2026-01-02 20:59:00,Add to Cart,1
C002028,2026-01-02 21:00:00,Exit,1
C002029,2026-01-05 20:20:00,Visitor,1
C002029,2026-01-05 20:27:00,Exit,1
C002030,2026-01-13 17:51:00,Visitor,1
C002030,2026-01-13 17:57:00,Exit,1
C002031,2026-01-14 18:48:00,Visitor,1
C002031,2026-01-14 19:05:00,Product View,1
C002031,2026-01-14 19:06:00,Exit,1
C002032,2026-01-06 14:49:00,Visitor,1
C002032,2026-01-06 14:58:00,Product View,1
C002032,2026-01-06 14:59:00,Exit,1
C002033,2026-01-04 20:00:00,Visitor,1
C002033,2026-01-04 20:11:00,Product View,1
C002033,2026-01-04 20:13:00,Exit,1
C002034,2026-01-06 01:08:00,Visitor,1
C002034,2026-01-06 01:09:00,Product View,1
C002034,2026-01-06 01:18:00,Exit,1
C002035,2026-01-08 06:24:00,Visitor,1
C002035,2026-01-08 06:26:00,Exit,1
C002036,2026-01-12 14:59:00,Visitor,1
C002036,2026-01-12 15:00:00,Product View,1
C002036,2026-01-12 15:02:00,Add to Cart,1
C002036,2026-01-12 15:20:00,Purchase,1
C002036,2026-01-12 15:21:00,Exit,1
C002037,2026-01-05 21:43:00,Visitor,1
C002037,2026-01-05 21:45:00,Product View,1
C002037,2026-01-05 21:50:00,Exit,1
C002038,2026-01-12 04:23:00,Visitor,1
C002038,2026-01-12 04:29:00,Exit,1
C002039,2026-01-14 11:08:00,Visitor,1
C002039,2026-01-14 11:09:00,Exit,1
C002040,2026-01-14 18:06:00,Visitor,1
C002040,2026-01-14 18:09:00,Product View,1
C002040,2026-01-14 18:10:00,Exit,1
C002041,2026-01-02 03:16:00,Visitor,1
C002041,2026-01-02 03:18:00,Product View,1
C002041,2026-01-02 03:38:00,Add to Cart,1
C002041,2026-01-02 03:39:00,Exit,1
C002042,2026-01-03 23:35:00,Visitor,1
C002042,2026-01-03 23:49:00,Exit,1
C002043,2026-01-07 06:45:00,Visitor,1
C002043,2026-01-07 06:46:00,Product View,1
C002043,2026-01-07 06:49:00,Add to Cart,1
C002043,2026-01-07 06:51:00,Exit,1
C002044,2026-01-04 15:35:00,Visitor,1
C002044,2026-01-04 15:38:00,Product View,1
C002044,2026-01-04 15:48:00,Exit,1
C002045,2026-01-07 20:12:00,Visitor,1
C002045,2026-01-07 20:14:00,Product View,1
C002045,2026-01-07 20:15:00,Exit,1
C002046,2026-01-07 22:57:00,Visitor,1
C002046,2026-01-07 23:00:00,Exit,1
C002047,2026-01-02 13:09:00,Visitor,1
C002047,2026-01-02 13:10:00,Product View,1
C002047,2026-01-02 13:17:00,Exit,1
C002048,2026-01-02 12:24:00,Visitor,1
C002048,2026-01-02 12:28:00,Product View,1
C002048,2026-01-02 12:31:00,Exit,1
C002049,2026-01-09 15:39:00,Visitor,1
C002049,2026-01-09 15:40:00,Exit,1
C002050,2026-01-06 07:30:00,Visitor,1
C002050,2026-01-06 07:34:00,Product View,1
C002050,2026-01-06 07:44:00,Exit,1
C002051,2026-01-02 12:23:00,Visitor,1
C002051,2026-01-02 12:25:00,Product View,1
C002051,2026-01-02 12:31:00,Exit,1
C002052,2026-01-13 00:24:00,Visitor,1
C002052,2026-01-13 00:27:00,Exit,1
C002053,2026-01-01 23:23:00,Visitor,1
C002053,2026-01-01 23:30:00,Exit,1
C002054,2026-01-13 01:20:00,Visitor,1
C002054,2026-01-13 01:38:00,Exit,1
C002055,2026-01-03 16:36:00,Visitor,1
C002055,2026-01-03 16:37:00,Product View,1
C002055,2026-01-03 16:38:00,Add to Cart,1
C002055,2026-01-03 16:40:00,Exit,1
C002056,2026-01-02 16:51:00,Visitor,1
C002056,2026-01-02 16:52:00,Product View,1
C002056,2026-01-02 16:53:00,Add to Cart,1
C002056,2026-01-02 16:54:00,Exit,1
C002057,2026-01-01 19:03:00,Visitor,1
C002057,2026-01-01 19:08:00,Product View,1
C002057,2026-01-01 19:10:00,Exit,1
C002058,2026-01-03 22:08:00,Visitor,1
C002058,2026-01-03 22:10:00,Product View,1
C002058,2026-01-03 22:20:00,Product View,1
C002058,2026-01-03 22:21:00,Exit,1
C002059,2026-01-08 10:09:00,Visitor,1
C002059,2026-01-08 10:10:00,Product View,1
C002059,2026-01-08 10:23:00,Exit,1
C002060,2026-01-03 11:51:00,Visitor,1
C002060,2026-01-03 11:54:00,Product View,1
C002060,2026-01-03 12:05:00,Product View,1
C002060,2026-01-03 12:06:00,Exit,1
C002061,2026-01-14 17:43:00,Visitor,1
C002061,2026-01-14 17:44:00,Product View,1
C002061,2026-01-14 17:46:00,Exit,1
C002062,2026-01-14 05:22:00,Visitor,1
C002062,2026-01-14 05:23:00,Product View,1
C002062,2026-01-14 05:29:00,Add to Cart,1
C002062,2026-01-14 05:31:00,Exit,1
C002063,2026-01-08 22:23:00,Visitor,1
C002063,2026-01-08 22:29:00,Product View,1
C002063,2026-01-08 22:34:00,Exit,1
C002064,2026-01-13 15:04:00,Visitor,1
C002064,2026-01-13 15:07:00,Exit,1
C002065,2026-01-10 13:25:00,Visitor,1
C002065,2026-01-10 13:26:00,Product View,1
C002065,2026-01-10 13:34:00,Add to Cart,1
C002065,2026-01-10 13:42:00,Exit,1
C002066,2026-01-08 12:13:00,Visitor,1
C002066,2026-01-08 12:19:00,Product View,1
C002066,2026-01-08 12:20:00,Exit,1
C002067,2026-01-14 02:52:00,Visitor,1
C002067,2026-01-14 03:00:00,Exit,1
C002068,2026-01-05 09:51:00,Visitor,1
C002068,2026-01-05 09:53:00,Exit,1
C002069,2026-01-12 04:36:00,Visitor,1
C002069,2026-01-12 04:40:00,Product View,1
C002069,2026-01-12 04:47:00,Exit,1
C002070,2026-01-12 11:47:00,Visitor,1
C002070,2026-01-12 11:50:00,Exit,1
C002071,2026-01-01 16:49:00,Visitor,1
C002071,2026-01-01 16:51:00,Product View,1
C002071,2026-01-01 16:52:00,Exit,1
C002072,2026-01-12 01:05:00,Visitor,1
C002072,2026-01-12 01:10:00,Product View,1
C002072,2026-01-12 01:15:00,Exit,1
C002073,2026-01-07 07:30:00,Visitor,1
C002073,2026-01-07 07:31:00,Product View,1
C002073,2026-01-07 07:35:00,Add to Cart,1
C002073,2026-01-07 07:36:00,Purchase,1
C002073,2026-01-07 07:48:00,Exit,1
C002074,2026-01-05 10:14:00,Visitor,1
C002074,2026-01-05 10:15:00,Exit,1
C002075,2026-01-07 07:05:00,Visitor,1
C002075,2026-01-07 07:07:00,Exit,1
C002076,2026-01-14 21:24:00,Visitor,1
C002076,2026-01-14 21:33:00,Product View,1
C002076,2026-01-14 21:39:00,Exit,1
C002077,2026-01-10 02:39:00,Visitor,1
C002077,2026-01-10 02:42:00,Exit,1
C002078,2026-01-02 19:04:00,Visitor,1
C002078,2026-01-02 19:05:00,Exit,1
C002079,2026-01-01 21:14:00,Visitor,1
C002079,2026-01-01 21:23:00,Product View,1
C002079,2026-01-01 21:24:00,Add to Cart,1
C002079,2026-01-01 21:34:00,Purchase,1
C002079,2026-01-01 21:36:00,Exit,1
C002080,2026-01-02 15:52:00,Visitor,1
C002080,2026-01-02 15:55:00,Exit,1
C002081,2026-01-03 13:59:00,Visitor,1
C002081,2026-01-03 14:01:00,Product View,1
C002081,2026-01-03 14:03:00,Exit,1
C002082,2026-01-01 23:00:00,Visitor,1
C002082,2026-01-01 23:01:00,Exit,1
C002083,2026-01-06 15:26:00,Visitor,1
C002083,2026-01-06 15:34:00,Product View,1
C002083,2026-01-06 15:35:00,Exit,1
C002084,2026-01-02 20:38:00,Visitor,1
C002084,2026-01-02 20:41:00,Exit,1
C002085,2026-01-03 13:31:00,Visitor,1
C002085,2026-01-03 13:52:00,Exit,1
C002086,2026-01-03 09:52:00,Visitor,1
C002086,2026-01-03 09:57:00,Product View,1
C002086,2026-01-03 10:07:00,Exit,1
C002087,2026-01-04 08:45:00,Visitor,1
C002087,2026-01-04 08:52:00,Product View,1
C002087,2026-01-04 08:53:00,Exit,1
C002088,2026-01-06 21:25:00,Visitor,1
C002088,2026-01-06 21:26:00,Product View,1
C002088,2026-01-06 21:27:00,Add to Cart,1
C002088,2026-01-06 21:32:00,Product View,1
C002088,2026-01-06 21:36:00,Exit,1
C002089,2026-01-07 00:05:00,Visitor,1
C002089,2026-01-07 00:08:00,Product View,1
C002089,2026-01-07 00:21:00,Add to Cart,1
C002089,2026-01-07 00:30:00,Purchase,1
C002089,2026-01-07 00:34:00,Repeat Purchase,1
C002089,2026-01-07 00:40:00,Loyal Customer,1
C002089,2026-01-07 00:44:00,Loyal Customer,1
C002089,2026-01-07 00:45:00,Loyal Customer,1
C002089,2026-01-07 00:47:00,Loyal Customer,1
C002089,2026-01-07 00:51:00,Loyal Customer,1
C002089,2026-01-07 00:55:00,Loyal Customer,1
C002089,2026-01-07 00:57:00,Loyal Customer,1
C002089,2026-01-07 01:05:00,Loyal Customer,1
C002089,2026-01-07 01:07:00,Exit,1
C002090,2026-01-02 20:18:00,Visitor,1
C002090,2026-01-02 20:20:00,Product View,1
C002090,2026-01-02 20:21:00,Exit,1
C002091,2026-01-05 17:59:00,Visitor,1
C002091,2026-01-05 18:00:00,Product View,1
C002091,2026-01-05 18:05:00,Exit,1
C002092,2026-01-02 03:00:00,Visitor,1
C002092,2026-01-02 03:14:00,Product View,1
C002092,2026-01-02 03:20:00,Exit,1
C002093,2026-01-04 06:29:00,Visitor,1
C002093,2026-01-04 06:51:00,Exit,1
C002094,2026-01-13 09:55:00,Visitor,1
C002094,2026-01-13 09:58:00,Exit,1
C002095,2026-01-14 19:53:00,Visitor,1
C002095,2026-01-14 20:00:00,Product View,1
C002095,2026-01-14 20:02:00,Add to Cart,1
C002095,2026-01-14 20:04:00,Exit,1
C002096,2026-01-11 04:18:00,Visitor,1
C002096,2026-01-11 04:21:00,Exit,1
C002097,2026-01-02 21:03:00,Visitor,1
C002097,2026-01-02 21:05:00,Product View,1
C002097,2026-01-02 21:13:00,Exit,1
C002098,2026-01-11 09:44:00,Visitor,1
C002098,2026-01-11 09:52:00,Product View,1
C002098,2026-01-11 10:05:00,Exit,1
C002099,2026-01-02 20:20:00,Visitor,1
C002099,2026-01-02 20:25:00,Product View,1
C002099,2026-01-02 20:26:00,Product View,1
C002099,2026-01-02 20:28:00,Add to Cart,1
C002099,2026-01-02 20:31:00,Purchase,1
C002099,2026-01-02 20:36:00,Repeat Purchase,1
C002099,2026-01-02 20:38:00,Exit,1
C002100,2026-01-02 06:46:00,Visitor,1
C002100,2026-01-02 06:47:00,Product View,1
C002100,2026-01-02 06:51:00,Add to Cart,1
C002100,2026-01-02 06:53:00,Exit,1
C002101,2026-01-13 03:12:00,Visitor,1
C002101,2026-01-13 03:13:00,Product View,1
C002101,2026-01-13 03:15:00,Exit,1
C002102,2026-01-02 05:38:00,Visitor,1
C002102,2026-01-02 05:39:00,Exit,1
C002103,2026-01-09 12:43:00,Visitor,1
C002103,2026-01-09 12:47:00,Product View,1
C002103,2026-01-09 12:48:00,Exit,1
C002104,2026-01-04 20:21:00,Visitor,1
C002104,2026-01-04 20:24:00,Product View,1
C002104,2026-01-04 20:30:00,Product View,1
C002104,2026-01-04 20:34:00,Exit,1
C002105,2026-01-04 08:22:00,Visitor,1
C002105,2026-01-04 08:23:00,Exit,1
C002106,2026-01-06 16:21:00,Visitor,1
C002106,2026-01-06 16:23:00,Product View,1
C002106,2026-01-06 16:30:00,Exit,1
C002107,2026-01-05 12:25:00,Visitor,1
C002107,2026-01-05 12:28:00,Exit,1
C002108,2026-01-13 04:27:00,Visitor,1
C002108,2026-01-13 04:36:00,Exit,1
C002109,2026-01-07 12:08:00,Visitor,1
C002109,2026-01-07 12:10:00,Product View,1
C002109,2026-01-07 12:14:00,Add to Cart,1
C002109,2026-01-07 12:34:00,Exit,1
C002110,2026-01-03 23:08:00,Visitor,1
C002110,2026-01-03 23:09:00,Product View,1
C002110,2026-01-03 23:14:00,Product View,1
C002110,2026-01-03 23:16:00,Exit,1
C002111,2026-01-09 05:17:00,Visitor,1
C002111,2026-01-09 05:19:00,Product View,1
C002111,2026-01-09 05:22:00,Add to Cart,1
C002111,2026-01-09 05:24:00,Exit,1
C002112,2026-01-09 08:11:00,Visitor,1
C002112,2026-01-09 08:12:00,Product View,1
C002112,2026-01-09 08:13:00,Add to Cart,1
C002112,2026-01-09 08:17:00,Product View,1
C002112,2026-01-09 08:21:00,Exit,1
C002113,2026-01-02 07:35:00,Visitor,1
C002113,2026-01-02 07:36:00,Product View,1
C002113,2026-01-02 07:47:00,Exit,1
C002114,2026-01-04 23:05:00,Visitor,1
C002114,2026-01-04 23:09:00,Product View,1
C002114,2026-01-04 23:15:00,Product View,1
C002114,2026-01-04 23:16:00,Exit,1
C002115,2026-01-05 12:29:00,Visitor,1
C002115,2026-01-05 12:33:00,Exit,1
C002116,2026-01-14 21:45:00,Visitor,1
C002116,2026-01-14 21:47:00,Exit,1
C002117,2026-01-09 11:16:00,Visitor,1
C002117,2026-01-09 11:22:00,Product View,1
C002117,2026-01-09 11:28:00,Product View,1
C002117,2026-01-09 11:29:00,Add to Cart,1
C002117,2026-01-09 11:33:00,Purchase,1
C002117,2026-01-09 11:44:00,Repeat Purchase,1
C002117,2026-01-09 11:55:00,Loyal Customer,1
C002117,2026-01-09 11:57:00,Exit,1
C002118,2026-01-08 13:32:00,Visitor,1
C002118,2026-01-08 13:36:00,Exit,1
C002119,2026-01-08 22:47:00,Visitor,1
C002119,2026-01-08 23:06:00,Product View,1
C002119,2026-01-08 23:09:00,Add to Cart,1
C002119,2026-01-08 23:15:00,Purchase,1
C002119,2026-01-08 23:17:00,Exit,1
C002120,2026-01-06 13:34:00,Visitor,1
C002120,2026-01-06 13:37:00,Exit,1
C002121,2026-01-13 20:31:00,Visitor,1
C002121,2026-01-13 20:33:00,Product View,1
C002121,2026-01-13 20:36:00,Exit,1
C002122,2026-01-02 18:18:00,Visitor,1
C002122,2026-01-02 18:19:00,Exit,1
C002123,2026-01-11 15:29:00,Visitor,1
C002123,2026-01-11 15:33:00,Product View,1
C002123,2026-01-11 15:35:00,Exit,1
C002124,2026-01-04 08:31:00,Visitor,1
C002124,2026-01-04 08:37:00,Product View,1
C002124,2026-01-04 08:42:00,Exit,1
C002125,2026-01-06 13:29:00,Visitor,1
C002125,2026-01-06 13:32:00,Product View,1
C002125,2026-01-06 13:35:00,Product View,1
C002125,2026-01-06 13:45:00,Exit,1
C002126,2026-01-02 07:30:00,Visitor,1
C002126,2026-01-02 07:31:00,Exit,1
C002127,2026-01-07 07:03:00,Visitor,1
C002127,2026-01-07 07:07:00,Product View,1
C002127,2026-01-07 07:12:00,Exit,1
C002128,2026-01-13 22:32:00,Visitor,1
C002128,2026-01-13 22:41:00,Exit,1
C002129,2026-01-12 00:06:00,Visitor,1
C002129,2026-01-12 00:14:00,Exit,1
C002130,2026-01-08 06:33:00,Visitor,1
C002130,2026-01-08 06:34:00,Exit,1
C002131,2026-01-09 23:04:00,Visitor,1
C002131,2026-01-09 23:16:00,Exit,1
C002132,2026-01-11 17:55:00,Visitor,1
C002132,2026-01-11 17:56:00,Exit,1
C002133,2026-01-05 08:11:00,Visitor,1
C002133,2026-01-05 08:16:00,Product View,1
C002133,2026-01-05 08:18:00,Exit,1
C002134,2026-01-10 01:06:00,Visitor,1
C002134,2026-01-10 01:09:00,Product View,1
C002134,2026-01-10 01:16:00,Exit,1
C002135,2026-01-08 10:40:00,Visitor,1
C002135,2026-01-08 10:42:00,Product View,1
C002135,2026-01-08 10:45:00,Product View,1
C002135,2026-01-08 10:52:00,Add to Cart,1
C002135,2026-01-08 10:58:00,Purchase,1
C002135,2026-01-08 11:06:00,Exit,1
C002136,2026-01-03 20:03:00,Visitor,1
C002136,2026-01-03 20:13:00,Product View,1
C002136,2026-01-03 20:14:00,Exit,1
C002137,2026-01-03 05:32:00,Visitor,1
C002137,2026-01-03 05:33:00,Exit,1
C002138,2026-01-02 09:56:00,Visitor,1
C002138,2026-01-02 09:59:00,Product View,1
C002138,2026-01-02 10:00:00,Exit,1
C002139,2026-01-01 00:27:00,Visitor,1
C002139,2026-01-01 00:32:00,Exit,1
C002140,2026-01-01 18:42:00,Visitor,1
C002140,2026-01-01 18:48:00,Product View,1
C002140,2026-01-01 18:50:00,Add to Cart,1
C002140,2026-01-01 18:56:00,Exit,1
C002141,2026-01-05 13:33:00,Visitor,1
C002141,2026-01-05 13:37:00,Product View,1
C002141,2026-01-05 13:39:00,Exit,1
C002142,2026-01-02 03:14:00,Visitor,1
C002142,2026-01-02 03:15:00,Product View,1
C002142,2026-01-02 03:30:00,Add to Cart,1
C002142,2026-01-02 03:35:00,Exit,1
C002143,2026-01-12 03:11:00,Visitor,1
C002143,2026-01-12 03:12:00,Product View,1
C002143,2026-01-12 03:16:00,Add to Cart,1
C002143,2026-01-12 03:18:00,Exit,1
C002144,2026-01-09 12:04:00,Visitor,1
C002144,2026-01-09 12:07:00,Product View,1
C002144,2026-01-09 12:15:00,Exit,1
C002145,2026-01-05 00:22:00,Visitor,1
C002145,2026-01-05 00:27:00,Product View,1
C002145,2026-01-05 00:28:00,Exit,1
C002146,2026-01-04 20:09:00,Visitor,1
C002146,2026-01-04 20:11:00,Product View,1
C002146,2026-01-04 20:13:00,Add to Cart,1
C002146,2026-01-04 20:15:00,Exit,1
C002147,2026-01-05 01:11:00,Visitor,1
C002147,2026-01-05 01:21:00,Exit,1
C002148,2026-01-01 15:40:00,Visitor,1
C002148,2026-01-01 15:43:00,Product View,1
C002148,2026-01-01 15:48:00,Exit,1
C002149,2026-01-02 19:01:00,Visitor,1
C002149,2026-01-02 19:04:00,Exit,1
C002150,2026-01-12 17:31:00,Visitor,1
C002150,2026-01-12 17:33:00,Product View,1
C002150,2026-01-12 17:39:00,Product View,1
C002150,2026-01-12 17:54:00,Exit,1
C002151,2026-01-11 04:58:00,Visitor,1
C002151,2026-01-11 05:05:00,Exit,1
C002152,2026-01-06 06:05:00,Visitor,1
C002152,2026-01-06 06:07:00,Product View,1
C002152,2026-01-06 06:13:00,Add to Cart,1
C002152,2026-01-06 06:14:00,Exit,1
C002153,2026-01-13 17:40:00,Visitor,1
C002153,2026-01-13 17:42:00,Exit,1
C002154,2026-01-09 14:53:00,Visitor,1
C002154,2026-01-09 14:54:00,Product View,1
C002154,2026-01-09 15:02:00,Exit,1
C002155,2026-01-02 03:19:00,Visitor,1
C002155,2026-01-02 03:20:00,Exit,1
C002156,2026-01-07 01:34:00,Visitor,1
C002156,2026-01-07 01:38:00,Exit,1
C002157,2026-01-02 18:55:00,Visitor,1
C002157,2026-01-02 18:57:00,Product View,1
C002157,2026-01-02 18:58:00,Add to Cart,1
C002157,2026-01-02 19:03:00,Exit,1
C002158,2026-01-05 13:59:00,Visitor,1
C002158,2026-01-05 14:05:00,Product View,1
C002158,2026-01-05 14:07:00,Add to Cart,1
C002158,2026-01-05 14:12:00,Exit,1
C002159,2026-01-07 14:42:00,Visitor,1
C002159,2026-01-07 14:43:00,Exit,1
C002160,2026-01-03 09:23:00,Visitor,1
C002160,2026-01-03 09:25:00,Product View,1
C002160,2026-01-03 09:27:00,Add to Cart,1
C002160,2026-01-03 09:34:00,Exit,1
C002161,2026-01-02 20:54:00,Visitor,1
C002161,2026-01-02 21:03:00,Exit,1
C002162,2026-01-13 14:13:00,Visitor,1
C002162,2026-01-13 14:16:00,Exit,1
C002163,2026-01-13 17:43:00,Visitor,1
C002163,2026-01-13 17:44:00,Product View,1
C002163,2026-01-13 17:45:00,Exit,1
C002164,2026-01-04 04:40:00,Visitor,1
C002164,2026-01-04 04:44:00,Product View,1
C002164,2026-01-04 04:47:00,Exit,1
C002165,2026-01-13 20:39:00,Visitor,1
C002165,2026-01-13 20:41:00,Exit,1
C002166,2026-01-04 12:54:00,Visitor,1
C002166,2026-01-04 12:58:00,Exit,1
C002167,2026-01-12 05:29:00,Visitor,1
C002167,2026-01-12 05:36:00,Product View,1
C002167,2026-01-12 05:39:00,Add to Cart,1
C002167,2026-01-12 05:45:00,Product View,1
C002167,2026-01-12 05:48:00,Exit,1
C002168,2026-01-13 19:14:00,Visitor,1
C002168,2026-01-13 19:19:00,Product View,1
C002168,2026-01-13 19:26:00,Exit,1
C002169,2026-01-11 18:33:00,Visitor,1
C002169,2026-01-11 18:36:00,Product View,1
C002169,2026-01-11 18:43:00,Exit,1
C002170,2026-01-14 19:29:00,Visitor,1
C002170,2026-01-14 19:30:00,Exit,1
C002171,2026-01-06 13:13:00,Visitor,1
C002171,2026-01-06 13:20:00,Exit,1
C002172,2026-01-08 18:31:00,Visitor,1
C002172,2026-01-08 18:33:00,Product View,1
C002172,2026-01-08 18:37:00,Product View,1
C002172,2026-01-08 18:38:00,Add to Cart,1
C002172,2026-01-08 18:48:00,Exit,1
C002173,2026-01-12 19:53:00,Visitor,1
C002173,2026-01-12 19:55:00,Product View,1
C002173,2026-01-12 20:01:00,Add to Cart,1
C002173,2026-01-12 20:07:00,Exit,1
C002174,2026-01-08 18:41:00,Visitor,1
C002174,2026-01-08 18:42:00,Product View,1
C002174,2026-01-08 18:45:00,Exit,1
C002175,2026-01-07 15:37:00,Visitor,1
C002175,2026-01-07 15:41:00,Product View,1
C002175,2026-01-07 15:43:00,Exit,1
C002176,2026-01-03 05:03:00,Visitor,1
C002176,2026-01-03 05:10:00,Product View,1
C002176,2026-01-03 05:14:00,Exit,1
C002177,2026-01-01 19:13:00,Visitor,1
C002177,2026-01-01 19:14:00,Exit,1
C002178,2026-01-03 23:29:00,Visitor,1
C002178,2026-01-03 23:31:00,Product View,1
C002178,2026-01-03 23:36:00,Exit,1
C002179,2026-01-06 00:51:00,Visitor,1
C002179,2026-01-06 01:00:00,Product View,1
C002179,2026-01-06 01:05:00,Exit,1
C002180,2026-01-09 19:55:00,Visitor,1
C002180,2026-01-09 19:57:00,Product View,1
C002180,2026-01-09 19:59:00,Add to Cart,1
C002180,2026-01-09 20:03:00,Exit,1
C002181,2026-01-06 18:07:00,Visitor,1
C002181,2026-01-06 18:11:00,Product View,1
C002181,2026-01-06 18:12:00,Add to Cart,1
C002181,2026-01-06 18:13:00,Purchase,1
C002181,2026-01-06 18:15:00,Exit,1
C002182,2026-01-05 08:08:00,Visitor,1
C002182,2026-01-05 08:13:00,Product View,1
C002182,2026-01-05 08:33:00,Exit,1
C002183,2026-01-01 12:20:00,Visitor,1
C002183,2026-01-01 12:21:00,Product View,1
C002183,2026-01-01 12:31:00,Exit,1
C002184,2026-01-12 22:55:00,Visitor,1
C002184,2026-01-12 23:07:00,Product View,1
C002184,2026-01-12 23:15:00,Exit,1
C002185,2026-01-09 12:30:00,Visitor,1
C002185,2026-01-09 12:37:00,Product View,1
C002185,2026-01-09 12:41:00,Add to Cart,1
C002185,2026-01-09 12:46:00,Exit,1
C002186,2026-01-13 21:19:00,Visitor,1
C002186,2026-01-13 21:27:00,Product View,1
C002186,2026-01-13 21:30:00,Add to Cart,1
C002186,2026-01-13 21:34:00,Purchase,1
C002186,2026-01-13 21:36:00,Exit,1
C002187,2026-01-04 01:11:00,Visitor,1
C002187,2026-01-04 01:12:00,Exit,1
C002188,2026-01-08 20:52:00,Visitor,1
C002188,2026-01-08 20:58:00,Product View,1
C002188,2026-01-08 21:01:00,Exit,1
C002189,2026-01-13 05:46:00,Visitor,1
C002189,2026-01-13 05:54:00,Product View,1
C002189,2026-01-13 06:00:00,Exit,1
C002190,2026-01-12 11:50:00,Visitor,1
C002190,2026-01-12 12:08:00,Product View,1
C002190,2026-01-12 12:13:00,Exit,1
C002191,2026-01-04 08:14:00,Visitor,1
C002191,2026-01-04 08:22:00,Product View,1
C002191,2026-01-04 08:23:00,Exit,1
C002192,2026-01-09 15:10:00,Visitor,1
C002192,2026-01-09 15:11:00,Exit,1
C002193,2026-01-14 17:34:00,Visitor,1
C002193,2026-01-14 17:35:00,Exit,1
C002194,2026-01-08 13:05:00,Visitor,1
C002194,2026-01-08 13:10:00,Product View,1
C002194,2026-01-08 13:11:00,Exit,1
C002195,2026-01-06 16:58:00,Visitor,1
C002195,2026-01-06 17:04:00,Product View,1
C002195,2026-01-06 17:05:00,Exit,1
C002196,2026-01-09 08:04:00,Visitor,1
C002196,2026-01-09 08:14:00,Exit,1
C002197,2026-01-09 02:52:00,Visitor,1
C002197,2026-01-09 03:00:00,Exit,1
C002198,2026-01-12 09:01:00,Visitor,1
C002198,2026-01-12 09:03:00,Product View,1
C002198,2026-01-12 09:08:00,Exit,1
C002199,2026-01-09 18:01:00,Visitor,1
C002199,2026-01-09 18:03:00,Product View,1
C002199,2026-01-09 18:14:00,Exit,1
C002200,2026-01-11 23:06:00,Visitor,1
C002200,2026-01-11 23:09:00,Product View,1
C002200,2026-01-11 23:19:00,Add to Cart,1
C002200,2026-01-11 23:20:00,Purchase,1
C002200,2026-01-11 23:21:00,Exit,1
C002201,2026-01-01 14:30:00,Visitor,1
C002201,2026-01-01 14:38:00,Exit,1
C002202,2026-01-03 22:04:00,Visitor,1
C002202,2026-01-03 22:12:00,Exit,1
C002203,2026-01-04 13:57:00,Visitor,1
C002203,2026-01-04 14:00:00,Exit,1
C002204,2026-01-01 03:50:00,Visitor,1
C002204,2026-01-01 03:54:00,Product View,1
C002204,2026-01-01 03:56:00,Exit,1
C002205,2026-01-03 11:51:00,Visitor,1
C002205,2026-01-03 11:53:00,Exit,1
C002206,2026-01-02 10:06:00,Visitor,1
C002206,2026-01-02 10:10:00,Product View,1
C002206,2026-01-02 10:12:00,Exit,1
C002207,2026-01-13 17:49:00,Visitor,1
C002207,2026-01-13 18:00:00,Product View,1
C002207,2026-01-13 18:03:00,Exit,1
C002208,2026-01-10 21:46:00,Visitor,1
C002208,2026-01-10 21:47:00,Exit,1
C002209,2026-01-05 20:00:00,Visitor,1
C002209,2026-01-05 20:01:00,Exit,1
C002210,2026-01-14 18:49:00,Visitor,1
C002210,2026-01-14 18:51:00,Product View,1
C002210,2026-01-14 18:58:00,Add to Cart,1
C002210,2026-01-14 19:01:00,Exit,1
C002211,2026-01-03 21:00:00,Visitor,1
C002211,2026-01-03 21:02:00,Product View,1
C002211,2026-01-03 21:04:00,Add to Cart,1
C002211,2026-01-03 21:07:00,Purchase,1
C002211,2026-01-03 21:13:00,Exit,1
C002212,2026-01-06 22:58:00,Visitor,1
C002212,2026-01-06 23:00:00,Product View,1
C002212,2026-01-06 23:04:00,Exit,1
C002213,2026-01-08 12:49:00,Visitor,1
C002213,2026-01-08 12:52:00,Product View,1
C002213,2026-01-08 13:14:00,Exit,1
C002214,2026-01-07 04:45:00,Visitor,1
C002214,2026-01-07 04:48:00,Exit,1
C002215,2026-01-11 09:53:00,Visitor,1
C002215,2026-01-11 09:54:00,Exit,1
C002216,2026-01-14 19:43:00,Visitor,1
C002216,2026-01-14 19:44:00,Exit,1
C002217,2026-01-10 21:49:00,Visitor,1
C002217,2026-01-10 21:53:00,Exit,1
C002218,2026-01-10 22:43:00,Visitor,1
C002218,2026-01-10 22:45:00,Product View,1
C002218,2026-01-10 22:47:00,Exit,1
C002219,2026-01-03 02:13:00,Visitor,1
C002219,2026-01-03 02:14:00,Product View,1
C002219,2026-01-03 02:22:00,Add to Cart,1
C002219,2026-01-03 02:25:00,Exit,1
C002220,2026-01-03 15:07:00,Visitor,1
C002220,2026-01-03 15:19:00,Product View,1
C002220,2026-01-03 15:20:00,Exit,1
C002221,2026-01-14 00:58:00,Visitor,1
C002221,2026-01-14 01:07:00,Product View,1
C002221,2026-01-14 01:09:00,Exit,1
C002222,2026-01-06 14:06:00,Visitor,1
C002222,2026-01-06 14:09:00,Exit,1
C002223,2026-01-07 17:21:00,Visitor,1
C002223,2026-01-07 17:36:00,Exit,1
C002224,2026-01-10 18:26:00,Visitor,1
C002224,2026-01-10 18:33:00,Product View,1
C002224,2026-01-10 18:34:00,Add to Cart,1
C002224,2026-01-10 18:39:00,Exit,1
C002225,2026-01-14 08:56:00,Visitor,1
C002225,2026-01-14 08:57:00,Product View,1
C002225,2026-01-14 09:00:00,Exit,1
C002226,2026-01-01 19:11:00,Visitor,1
C002226,2026-01-01 19:13:00,Exit,1
C002227,2026-01-04 07:33:00,Visitor,1
C002227,2026-01-04 07:40:00,Exit,1
C002228,2026-01-09 01:16:00,Visitor,1
C002228,2026-01-09 01:18:00,Product View,1
C002228,2026-01-09 01:31:00,Add to Cart,1
C002228,2026-01-09 01:36:00,Exit,1
C002229,2026-01-10 17:54:00,Visitor,1
C002229,2026-01-10 17:57:00,Exit,1
C002230,2026-01-11 17:51:00,Visitor,1
C002230,2026-01-11 18:00:00,Product View,1
C002230,2026-01-11 18:01:00,Exit,1
C002231,2026-01-05 14:22:00,Visitor,1
C002231,2026-01-05 14:23:00,Exit,1
C002232,2026-01-09 11:38:00,Visitor,1
C002232,2026-01-09 11:42:00,Product View,1
C002232,2026-01-09 11:49:00,Exit,1
C002233,2026-01-06 19:24:00,Visitor,1
C002233,2026-01-06 19:26:00,Product View,1
C002233,2026-01-06 19:32:00,Exit,1
C002234,2026-01-10 02:26:00,Visitor,1
C002234,2026-01-10 02:30:00,Product View,1
C002234,2026-01-10 02:33:00,Product View,1
C002234,2026-01-10 02:34:00,Exit,1
C002235,2026-01-14 20:01:00,Visitor,1
C002235,2026-01-14 20:05:00,Product View,1
C002235,2026-01-14 20:06:00,Exit,1
C002236,2026-01-11 19:23:00,Visitor,1
C002236,2026-01-11 19:32:00,Product View,1
C002236,2026-01-11 19:36:00,Exit,1
C002237,2026-01-11 21:55:00,Visitor,1
C002237,2026-01-11 21:56:00,Product View,1
C002237,2026-01-11 21:58:00,Add to Cart,1
C002237,2026-01-11 22:03:00,Purchase,1
C002237,2026-01-11 22:09:00,Repeat Purchase,1
C002237,2026-01-11 22:11:00,Loyal Customer,1
C002237,2026-01-11 22:12:00,Loyal Customer,1
C002237,2026-01-11 22:13:00,Exit,1
C002238,2026-01-04 05:37:00,Visitor,1
C002238,2026-01-04 05:39:00,Product View,1
C002238,2026-01-04 05:40:00,Exit,1
C002239,2026-01-08 16:41:00,Visitor,1
C002239,2026-01-08 16:45:00,Product View,1
C002239,2026-01-08 17:01:00,Exit,1
C002240,2026-01-05 17:19:00,Visitor,1
C002240,2026-01-05 17:21:00,Product View,1
C002240,2026-01-05 17:27:00,Exit,1
C002241,2026-01-13 06:46:00,Visitor,1
C002241,2026-01-13 06:47:00,Exit,1
C002242,2026-01-13 13:47:00,Visitor,1
C002242,2026-01-13 14:04:00,Product View,1
C002242,2026-01-13 14:05:00,Exit,1
C002243,2026-01-09 03:02:00,Visitor,1
C002243,2026-01-09 03:13:00,Product View,1
C002243,2026-01-09 03:14:00,Add to Cart,1
C002243,2026-01-09 03:22:00,Purchase,1
C002243,2026-01-09 03:24:00,Repeat Purchase,1
C002243,2026-01-09 03:25:00,Exit,1
C002244,2026-01-04 11:34:00,Visitor,1
C002244,2026-01-04 11:37:00,Exit,1
C002245,2026-01-14 13:34:00,Visitor,1
C002245,2026-01-14 13:45:00,Exit,1
C002246,2026-01-03 23:41:00,Visitor,1
C002246,2026-01-03 23:43:00,Exit,1
C002247,2026-01-09 06:15:00,Visitor,1
C002247,2026-01-09 06:27:00,Product View,1
C002247,2026-01-09 06:28:00,Add to Cart,1
C002247,2026-01-09 06:44:00,Exit,1
C002248,2026-01-11 09:47:00,Visitor,1
C002248,2026-01-11 09:51:00,Product View,1
C002248,2026-01-11 09:57:00,Exit,1
C002249,2026-01-13 11:20:00,Visitor,1
C002249,2026-01-13 11:26:00,Product View,1
C002249,2026-01-13 11:28:00,Exit,1
C002250,2026-01-04 04:30:00,Visitor,1
C002250,2026-01-04 04:43:00,Exit,1
C002251,2026-01-14 19:17:00,Visitor,1
C002251,2026-01-14 19:20:00,Product View,1
C002251,2026-01-14 19:29:00,Add to Cart,1
C002251,2026-01-14 19:34:00,Purchase,1
C002251,2026-01-14 19:37:00,Exit,1
C002252,2026-01-07 16:08:00,Visitor,1
C002252,2026-01-07 16:13:00,Product View,1
C002252,2026-01-07 16:16:00,Exit,1
C002253,2026-01-01 03:22:00,Visitor,1
C002253,2026-01-01 03:37:00,Product View,1
C002253,2026-01-01 03:38:00,Add to Cart,1
C002253,2026-01-01 03:39:00,Exit,1
C002254,2026-01-09 17:37:00,Visitor,1
C002254,2026-01-09 17:40:00,Exit,1
C002255,2026-01-10 07:58:00,Visitor,1
C002255,2026-01-10 07:59:00,Product View,1
C002255,2026-01-10 08:04:00,Add to Cart,1
C002255,2026-01-10 08:06:00,Purchase,1
C002255,2026-01-10 08:09:00,Exit,1
C002256,2026-01-10 12:35:00,Visitor,1
C002256,2026-01-10 12:50:00,Exit,1
C002257,2026-01-05 17:14:00,Visitor,1
C002257,2026-01-05 17:18:00,Exit,1
C002258,2026-01-12 07:28:00,Visitor,1
C002258,2026-01-12 07:32:00,Product View,1
C002258,2026-01-12 07:44:00,Exit,1
C002259,2026-01-02 03:30:00,Visitor,1
C002259,2026-01-02 03:32:00,Exit,1
C002260,2026-01-03 07:51:00,Visitor,1
C002260,2026-01-03 07:52:00,Product View,1
C002260,2026-01-03 08:01:00,Exit,1
C002261,2026-01-14 15:58:00,Visitor,1
C002261,2026-01-14 15:59:00,Product View,1
C002261,2026-01-14 16:03:00,Exit,1
C002262,2026-01-07 13:13:00,Visitor,1
C002262,2026-01-07 13:21:00,Exit,1
C002263,2026-01-03 12:55:00,Visitor,1
C002263,2026-01-03 12:56:00,Exit,1
C002264,2026-01-08 02:44:00,Visitor,1
C002264,2026-01-08 02:46:00,Product View,1
C002264,2026-01-08 02:52:00,Add to Cart,1
C002264,2026-01-08 02:57:00,Exit,1
C002265,2026-01-06 02:50:00,Visitor,1
C002265,2026-01-06 02:51:00,Exit,1
C002266,2026-01-01 13:28:00,Visitor,1
C002266,2026-01-01 13:29:00,Product View,1
C002266,2026-01-01 13:35:00,Exit,1
C002267,2026-01-04 08:13:00,Visitor,1
C002267,2026-01-04 08:26:00,Product View,1
C002267,2026-01-04 08:31:00,Add to Cart,1
C002267,2026-01-04 08:32:00,Product View,1
C002267,2026-01-04 08:33:00,Exit,1
C002268,2026-01-07 19:17:00,Visitor,1
C002268,2026-01-07 19:20:00,Exit,1
C002269,2026-01-12 22:20:00,Visitor,1
C002269,2026-01-12 22:21:00,Exit,1
C002270,2026-01-14 01:01:00,Visitor,1
C002270,2026-01-14 01:06:00,Product View,1
C002270,2026-01-14 01:08:00,Exit,1
C002271,2026-01-03 10:44:00,Visitor,1
C002271,2026-01-03 10:47:00,Product View,1
C002271,2026-01-03 11:00:00,Add to Cart,1
C002271,2026-01-03 11:04:00,Exit,1
C002272,2026-01-02 22:47:00,Visitor,1
C002272,2026-01-02 22:49:00,Exit,1
C002273,2026-01-04 11:36:00,Visitor,1
C002273,2026-01-04 11:37:00,Product View,1
C002273,2026-01-04 11:40:00,Add to Cart,1
C002273,2026-01-04 11:42:00,Exit,1
C002274,2026-01-04 15:53:00,Visitor,1
C002274,2026-01-04 15:57:00,Product View,1
C002274,2026-01-04 15:59:00,Product View,1
C002274,2026-01-04 16:02:00,Product View,1
C002274,2026-01-04 16:06:00,Add to Cart,1
C002274,2026-01-04 16:10:00,Exit,1
C002275,2026-01-11 12:50:00,Visitor,1
C002275,2026-01-11 12:57:00,Exit,1
C002276,2026-01-13 23:53:00,Visitor,1
C002276,2026-01-13 23:56:00,Exit,1
C002277,2026-01-13 04:43:00,Visitor,1
C002277,2026-01-13 04:45:00,Product View,1
C002277,2026-01-13 04:54:00,Exit,1
C002278,2026-01-13 04:28:00,Visitor,1
C002278,2026-01-13 04:31:00,Product View,1
C002278,2026-01-13 04:49:00,Add to Cart,1
C002278,2026-01-13 04:51:00,Purchase,1
C002278,2026-01-13 04:54:00,Exit,1
C002279,2026-01-13 05:00:00,Visitor,1
C002279,2026-01-13 05:23:00,Exit,1
C002280,2026-01-02 16:02:00,Visitor,1
C002280,2026-01-02 16:04:00,Exit,1
C002281,2026-01-13 16:51:00,Visitor,1
C002281,2026-01-13 16:58:00,Product View,1
C002281,2026-01-13 17:08:00,Exit,1
C002282,2026-01-04 21:29:00,Visitor,1
C002282,2026-01-04 21:39:00,Exit,1
C002283,2026-01-04 08:40:00,Visitor,1
C002283,2026-01-04 08:41:00,Exit,1
C002284,2026-01-02 01:58:00,Visitor,1
C002284,2026-01-02 02:03:00,Product View,1
C002284,2026-01-02 02:05:00,Exit,1
C002285,2026-01-12 20:07:00,Visitor,1
C002285,2026-01-12 20:16:00,Product View,1
C002285,2026-01-12 20:18:00,Product View,1
C002285,2026-01-12 20:22:00,Add to Cart,1
C002285,2026-01-12 20:24:00,Purchase,1
C002285,2026-01-12 20:28:00,Exit,1
C002286,2026-01-10 01:29:00,Visitor,1
C002286,2026-01-10 01:34:00,Product View,1
C002286,2026-01-10 01:36:00,Exit,1
C002287,2026-01-13 03:49:00,Visitor,1
C002287,2026-01-13 04:01:00,Exit,1
C002288,2026-01-13 18:45:00,Visitor,1
C002288,2026-01-13 18:50:00,Product View,1
C002288,2026-01-13 18:55:00,Exit,1
C002289,2026-01-06 15:15:00,Visitor,1
C002289,2026-01-06 15:18:00,Product View,1
C002289,2026-01-06 15:21:00,Exit,1
C002290,2026-01-11 14:17:00,Visitor,1
C002290,2026-01-11 14:19:00,Product View,1
C002290,2026-01-11 14:21:00,Product View,1
C002290,2026-01-11 14:22:00,Product View,1
C002290,2026-01-11 14:24:00,Exit,1
C002291,2026-01-08 01:56:00,Visitor,1
C002291,2026-01-08 01:58:00,Product View,1
C002291,2026-01-08 01:59:00,Exit,1
C002292,2026-01-10 11:45:00,Visitor,1
C002292,2026-01-10 11:46:00,Exit,1
C002293,2026-01-08 08:46:00,Visitor,1
C002293,2026-01-08 08:51:00,Exit,1
C002294,2026-01-07 10:09:00,Visitor,1
C002294,2026-01-07 10:10:00,Exit,1
C002295,2026-01-14 05:58:00,Visitor,1
C002295,2026-01-14 06:00:00,Product View,1
C002295,2026-01-14 06:07:00,Exit,1
C002296,2026-01-13 13:07:00,Visitor,1
C002296,2026-01-13 13:10:00,Exit,1
C002297,2026-01-03 00:21:00,Visitor,1
C002297,2026-01-03 00:33:00,Product View,1
C002297,2026-01-03 00:38:00,Exit,1
C002298,2026-01-14 08:07:00,Visitor,1
C002298,2026-01-14 08:13:00,Exit,1
C002299,2026-01-10 20:09:00,Visitor,1
C002299,2026-01-10 20:10:00,Product View,1
C002299,2026-01-10 20:18:00,Exit,1
C002300,2026-01-06 13:03:00,Visitor,1
C002300,2026-01-06 13:14:00,Product View,1
C002300,2026-01-06 13:17:00,Exit,1
C002301,2026-01-13 20:47:00,Visitor,1
C002301,2026-01-13 20:49:00,Product View,1
C002301,2026-01-13 20:52:00,Product View,1
C002301,2026-01-13 20:55:00,Add to Cart,1
C002301,2026-01-13 21:00:00,Exit,1
C002302,2026-01-10 08:10:00,Visitor,1
C002302,2026-01-10 08:13:00,Product View,1
C002302,2026-01-10 08:14:00,Exit,1
C002303,2026-01-03 08:34:00,Visitor,1
C002303,2026-01-03 08:47:00,Product View,1
C002303,2026-01-03 08:49:00,Add to Cart,1
C002303,2026-01-03 08:57:00,Exit,1
C002304,2026-01-13 12:55:00,Visitor,1
C002304,2026-01-13 13:06:00,Exit,1
C002305,2026-01-06 04:33:00,Visitor,1
C002305,2026-01-06 04:34:00,Exit,1
C002306,2026-01-09 08:07:00,Visitor,1
C002306,2026-01-09 08:14:00,Exit,1
C002307,2026-01-13 18:33:00,Visitor,1
C002307,2026-01-13 18:36:00,Product View,1
C002307,2026-01-13 18:46:00,Exit,1
C002308,2026-01-13 20:51:00,Visitor,1
C002308,2026-01-13 20:52:00,Product View,1
C002308,2026-01-13 20:54:00,Exit,1
C002309,2026-01-02 23:10:00,Visitor,1
C002309,2026-01-02 23:12:00,Product View,1
C002309,2026-01-02 23:14:00,Add to Cart,1
C002309,2026-01-02 23:16:00,Purchase,1
C002309,2026-01-02 23:17:00,Exit,1
C002310,2026-01-06 07:47:00,Visitor,1
C002310,2026-01-06 07:55:00,Product View,1
C002310,2026-01-06 07:56:00,Add to Cart,1
C002310,2026-01-06 07:59:00,Exit,1
C002311,2026-01-09 16:22:00,Visitor,1
C002311,2026-01-09 16:27:00,Exit,1
C002312,2026-01-05 16:33:00,Visitor,1
C002312,2026-01-05 16:39:00,Product View,1
C002312,2026-01-05 16:42:00,Exit,1
C002313,2026-01-11 12:51:00,Visitor,1
C002313,2026-01-11 12:56:00,Exit,1
C002314,2026-01-05 01:33:00,Visitor,1
C002314,2026-01-05 01:36:00,Product View,1
C002314,2026-01-05 01:48:00,Exit,1
C002315,2026-01-12 18:08:00,Visitor,1
C002315,2026-01-12 18:11:00,Product View,1
C002315,2026-01-12 18:12:00,Product View,1
C002315,2026-01-12 18:17:00,Exit,1
C002316,2026-01-04 03:54:00,Visitor,1
C002316,2026-01-04 03:58:00,Product View,1
C002316,2026-01-04 04:04:00,Exit,1
C002317,2026-01-06 11:50:00,Visitor,1
C002317,2026-01-06 11:51:00,Exit,1
C002318,2026-01-14 03:04:00,Visitor,1
C002318,2026-01-14 03:05:00,Exit,1
C002319,2026-01-05 01:56:00,Visitor,1
C002319,2026-01-05 02:09:00,Product View,1
C002319,2026-01-05 02:15:00,Exit,1
C002320,2026-01-13 11:04:00,Visitor,1
C002320,2026-01-13 11:09:00,Exit,1
C002321,2026-01-11 17:52:00,Visitor,1
C002321,2026-01-11 17:53:00,Exit,1
C002322,2026-01-10 14:45:00,Visitor,1
C002322,2026-01-10 14:46:00,Product View,1
C002322,2026-01-10 14:48:00,Exit,1
C002323,2026-01-05 20:21:00,Visitor,1
C002323,2026-01-05 20:23:00,Product View,1
C002323,2026-01-05 20:25:00,Exit,1
C002324,2026-01-14 08:44:00,Visitor,1
C002324,2026-01-14 08:50:00,Product View,1
C002324,2026-01-14 08:56:00,Exit,1
C002325,2026-01-08 23:38:00,Visitor,1
C002325,2026-01-08 23:42:00,Product View,1
C002325,2026-01-08 23:43:00,Exit,1
C002326,2026-01-07 06:42:00,Visitor,1
C002326,2026-01-07 06:45:00,Product View,1
C002326,2026-01-07 06:46:00,Exit,1
C002327,2026-01-08 19:32:00,Visitor,1
C002327,2026-01-08 19:47:00,Product View,1
C002327,2026-01-08 19:49:00,Add to Cart,1
C002327,2026-01-08 19:54:00,Exit,1
C002328,2026-01-01 17:33:00,Visitor,1
C002328,2026-01-01 17:34:00,Product View,1
C002328,2026-01-01 17:37:00,Add to Cart,1
C002328,2026-01-01 18:10:00,Exit,1
C002329,2026-01-09 06:09:00,Visitor,1
C002329,2026-01-09 06:10:00,Product View,1
C002329,2026-01-09 06:15:00,Product View,1
C002329,2026-01-09 06:24:00,Exit,1
C002330,2026-01-08 15:18:00,Visitor,1
C002330,2026-01-08 15:19:00,Exit,1
C002331,2026-01-01 11:29:00,Visitor,1
C002331,2026-01-01 11:34:00,Product View,1
C002331,2026-01-01 11:37:00,Add to Cart,1
C002331,2026-01-01 11:38:00,Exit,1
C002332,2026-01-09 20:06:00,Visitor,1
C002332,2026-01-09 20:08:00,Exit,1
C002333,2026-01-12 05:17:00,Visitor,1
C002333,2026-01-12 05:28:00,Exit,1
C002334,2026-01-03 01:55:00,Visitor,1
C002334,2026-01-03 01:56:00,Exit,1
C002335,2026-01-04 01:45:00,Visitor,1
C002335,2026-01-04 01:49:00,Exit,1
C002336,2026-01-11 21:38:00,Visitor,1
C002336,2026-01-11 21:41:00,Product View,1
C002336,2026-01-11 21:47:00,Exit,1
C002337,2026-01-05 22:29:00,Visitor,1
C002337,2026-01-05 22:30:00,Product View,1
C002337,2026-01-05 22:44:00,Exit,1
C002338,2026-01-12 03:30:00,Visitor,1
C002338,2026-01-12 03:54:00,Exit,1
C002339,2026-01-10 12:08:00,Visitor,1
C002339,2026-01-10 12:09:00,Exit,1
C002340,2026-01-04 18:59:00,Visitor,1
C002340,2026-01-04 19:18:00,Product View,1
C002340,2026-01-04 19:19:00,Exit,1
C002341,2026-01-10 20:38:00,Visitor,1
C002341,2026-01-10 20:47:00,Product View,1
C002341,2026-01-10 20:49:00,Add to Cart,1
C002341,2026-01-10 20:50:00,Purchase,1
C002341,2026-01-10 20:51:00,Exit,1
C002342,2026-01-03 00:56:00,Visitor,1
C002342,2026-01-03 01:01:00,Product View,1
C002342,2026-01-03 01:05:00,Exit,1
C002343,2026-01-03 13:02:00,Visitor,1
C002343,2026-01-03 13:03:00,Product View,1
C002343,2026-01-03 13:09:00,Exit,1
C002344,2026-01-06 08:26:00,Visitor,1
C002344,2026-01-06 08:27:00,Product View,1
C002344,2026-01-06 08:28:00,Exit,1
C002345,2026-01-08 09:19:00,Visitor,1
C002345,2026-01-08 09:25:00,Product View,1
C002345,2026-01-08 09:28:00,Add to Cart,1
C002345,2026-01-08 09:41:00,Exit,1
C002346,2026-01-07 23:19:00,Visitor,1
C002346,2026-01-07 23:22:00,Exit,1
C002347,2026-01-03 22:26:00,Visitor,1
C002347,2026-01-03 22:31:00,Product View,1
C002347,2026-01-03 22:35:00,Exit,1
C002348,2026-01-08 02:01:00,Visitor,1
C002348,2026-01-08 02:06:00,Exit,1
C002349,2026-01-08 14:45:00,Visitor,1
C002349,2026-01-08 14:51:00,Product View,1
C002349,2026-01-08 14:52:00,Add to Cart,1
C002349,2026-01-08 14:53:00,Exit,1
C002350,2026-01-11 22:37:00,Visitor,1
C002350,2026-01-11 22:40:00,Product View,1
C002350,2026-01-11 22:49:00,Exit,1
C002351,2026-01-09 19:53:00,Visitor,1
C002351,2026-01-09 19:57:00,Exit,1
C002352,2026-01-13 09:50:00,Visitor,1
C002352,2026-01-13 09:54:00,Exit,1
C002353,2026-01-08 05:16:00,Visitor,1
C002353,2026-01-08 05:22:00,Product View,1
C002353,2026-01-08 05:26:00,Exit,1
C002354,2026-01-14 01:34:00,Visitor,1
C002354,2026-01-14 01:38:00,Product View,1
C002354,2026-01-14 01:40:00,Exit,1
C002355,2026-01-05 11:27:00,Visitor,1
C002355,2026-01-05 11:35:00,Product View,1
C002355,2026-01-05 11:37:00,Exit,1
C002356,2026-01-04 21:38:00,Visitor,1
C002356,2026-01-04 21:40:00,Product View,1
C002356,2026-01-04 21:44:00,Exit,1
C002357,2026-01-07 06:07:00,Visitor,1
C002357,2026-01-07 06:11:00,Exit,1
C002358,2026-01-08 15:11:00,Visitor,1
C002358,2026-01-08 15:12:00,Exit,1
C002359,2026-01-03 21:20:00,Visitor,1
C002359,2026-01-03 21:30:00,Exit,1
C002360,2026-01-04 19:15:00,Visitor,1
C002360,2026-01-04 19:19:00,Product View,1
C002360,2026-01-04 19:22:00,Exit,1
C002361,2026-01-06 15:14:00,Visitor,1
C002361,2026-01-06 15:19:00,Product View,1
C002361,2026-01-06 15:25:00,Exit,1
C002362,2026-01-03 01:48:00,Visitor,1
C002362,2026-01-03 01:51:00,Exit,1
C002363,2026-01-05 09:48:00,Visitor,1
C002363,2026-01-05 09:52:00,Product View,1
C002363,2026-01-05 09:54:00,Exit,1
C002364,2026-01-13 15:22:00,Visitor,1
C002364,2026-01-13 15:28:00,Product View,1
C002364,2026-01-13 15:32:00,Add to Cart,1
C002364,2026-01-13 15:35:00,Exit,1
C002365,2026-01-11 11:33:00,Visitor,1
C002365,2026-01-11 11:34:00,Product View,1
C002365,2026-01-11 11:40:00,Exit,1
C002366,2026-01-07 06:08:00,Visitor,1
C002366,2026-01-07 06:10:00,Product View,1
C002366,2026-01-07 06:14:00,Exit,1
C002367,2026-01-10 12:13:00,Visitor,1
C002367,2026-01-10 12:15:00,Product View,1
C002367,2026-01-10 12:23:00,Exit,1
C002368,2026-01-03 06:17:00,Visitor,1
C002368,2026-01-03 06:19:00,Product View,1
C002368,2026-01-03 06:20:00,Add to Cart,1
C002368,2026-01-03 06:23:00,Exit,1
C002369,2026-01-09 00:27:00,Visitor,1
C002369,2026-01-09 00:48:00,Product View,1
C002369,2026-01-09 00:51:00,Exit,1
C002370,2026-01-06 16:04:00,Visitor,1
C002370,2026-01-06 16:05:00,Product View,1
C002370,2026-01-06 16:10:00,Exit,1
C002371,2026-01-01 10:42:00,Visitor,1
C002371,2026-01-01 10:48:00,Product View,1
C002371,2026-01-01 10:57:00,Add to Cart,1
C002371,2026-01-01 11:00:00,Exit,1
C002372,2026-01-14 15:58:00,Visitor,1
C002372,2026-01-14 16:05:00,Product View,1
C002372,2026-01-14 16:06:00,Add to Cart,1
C002372,2026-01-14 16:10:00,Purchase,1
C002372,2026-01-14 16:12:00,Exit,1
C002373,2026-01-02 16:31:00,Visitor,1
C002373,2026-01-02 16:34:00,Exit,1
C002374,2026-01-04 03:20:00,Visitor,1
C002374,2026-01-04 03:39:00,Exit,1
C002375,2026-01-14 13:13:00,Visitor,1
C002375,2026-01-14 13:24:00,Product View,1
C002375,2026-01-14 13:26:00,Exit,1
C002376,2026-01-01 13:41:00,Visitor,1
C002376,2026-01-01 13:51:00,Product View,1
C002376,2026-01-01 13:52:00,Exit,1
C002377,2026-01-02 10:33:00,Visitor,1
C002377,2026-01-02 10:37:00,Exit,1
C002378,2026-01-13 00:06:00,Visitor,1
C002378,2026-01-13 00:08:00,Product View,1
C002378,2026-01-13 00:13:00,Exit,1
C002379,2026-01-08 10:17:00,Visitor,1
C002379,2026-01-08 10:22:00,Product View,1
C002379,2026-01-08 10:24:00,Exit,1
C002380,2026-01-10 17:59:00,Visitor,1
C002380,2026-01-10 18:00:00,Exit,1
C002381,2026-01-07 14:32:00,Visitor,1
C002381,2026-01-07 14:33:00,Product View,1
C002381,2026-01-07 14:40:00,Exit,1
C002382,2026-01-06 04:39:00,Visitor,1
C002382,2026-01-06 04:45:00,Product View,1
C002382,2026-01-06 04:49:00,Add to Cart,1
C002382,2026-01-06 04:55:00,Exit,1
C002383,2026-01-12 00:26:00,Visitor,1
C002383,2026-01-12 00:28:00,Product View,1
C002383,2026-01-12 00:33:00,Add to Cart,1
C002383,2026-01-12 00:44:00,Purchase,1
C002383,2026-01-12 00:46:00,Exit,1
C002384,2026-01-02 17:45:00,Visitor,1
C002384,2026-01-02 17:47:00,Product View,1
C002384,2026-01-02 17:48:00,Exit,1
C002385,2026-01-01 20:58:00,Visitor,1
C002385,2026-01-01 21:06:00,Product View,1
C002385,2026-01-01 21:27:00,Exit,1
C002386,2026-01-07 15:14:00,Visitor,1
C002386,2026-01-07 15:28:00,Exit,1
C002387,2026-01-04 21:13:00,Visitor,1
C002387,2026-01-04 21:17:00,Exit,1
C002388,2026-01-05 15:53:00,Visitor,1
C002388,2026-01-05 15:57:00,Product View,1
C002388,2026-01-05 16:06:00,Add to Cart,1
C002388,2026-01-05 16:09:00,Purchase,1
C002388,2026-01-05 16:11:00,Exit,1
C002389,2026-01-03 01:15:00,Visitor,1
C002389,2026-01-03 01:23:00,Product View,1
C002389,2026-01-03 01:30:00,Add to Cart,1
C002389,2026-01-03 01:31:00,Purchase,1
C002389,2026-01-03 01:39:00,Exit,1
C002390,2026-01-04 08:35:00,Visitor,1
C002390,2026-01-04 08:38:00,Exit,1
C002391,2026-01-08 01:59:00,Visitor,1
C002391,2026-01-08 02:00:00,Product View,1
C002391,2026-01-08 02:01:00,Exit,1
C002392,2026-01-01 22:59:00,Visitor,1
C002392,2026-01-01 23:04:00,Product View,1
C002392,2026-01-01 23:05:00,Exit,1
C002393,2026-01-11 18:23:00,Visitor,1
C002393,2026-01-11 18:24:00,Exit,1
C002394,2026-01-03 14:16:00,Visitor,1
C002394,2026-01-03 14:17:00,Product View,1
C002394,2026-01-03 14:25:00,Exit,1
C002395,2026-01-08 20:47:00,Visitor,1
C002395,2026-01-08 20:48:00,Product View,1
C002395,2026-01-08 20:52:00,Add to Cart,1
C002395,2026-01-08 20:53:00,Exit,1
C002396,2026-01-11 08:32:00,Visitor,1
C002396,2026-01-11 08:34:00,Product View,1
C002396,2026-01-11 08:37:00,Exit,1
C002397,2026-01-03 10:04:00,Visitor,1
C002397,2026-01-03 10:06:00,Product View,1
C002397,2026-01-03 10:12:00,Exit,1
C002398,2026-01-13 04:57:00,Visitor,1
C002398,2026-01-13 05:01:00,Product View,1
C002398,2026-01-13 05:08:00,Exit,1
C002399,2026-01-13 00:53:00,Visitor,1
C002399,2026-01-13 00:56:00,Exit,1
C002400,2026-01-05 19:00:00,Visitor,1
C002400,2026-01-05 19:02:00,Exit,1
C002401,2026-01-08 21:34:00,Visitor,1
C002401,2026-01-08 21:37:00,Product View,1
C002401,2026-01-08 21:38:00,Exit,1
C002402,2026-01-05 09:53:00,Visitor,1
C002402,2026-01-05 09:56:00,Product View,1
C002402,2026-01-05 09:57:00,Product View,1
C002402,2026-01-05 09:59:00,Exit,1
C002403,2026-01-14 15:35:00,Visitor,1
C002403,2026-01-14 15:40:00,Product View,1
C002403,2026-01-14 15:41:00,Exit,1
C002404,2026-01-02 14:40:00,Visitor,1
C002404,2026-01-02 14:47:00,Product View,1
C002404,2026-01-02 14:55:00,Exit,1
C002405,2026-01-12 07:02:00,Visitor,1
C002405,2026-01-12 07:03:00,Exit,1
C002406,2026-01-08 01:18:00,Visitor,1
C002406,2026-01-08 01:22:00,Exit,1
C002407,2026-01-13 22:51:00,Visitor,1
C002407,2026-01-13 22:54:00,Product View,1
C002407,2026-01-13 22:56:00,Exit,1
C002408,2026-01-05 20:52:00,Visitor,1
C002408,2026-01-05 20:53:00,Product View,1
C002408,2026-01-05 20:55:00,Product View,1
C002408,2026-01-05 20:59:00,Add to Cart,1
C002408,2026-01-05 21:00:00,Purchase,1
C002408,2026-01-05 21:08:00,Repeat Purchase,1
C002408,2026-01-05 21:10:00,Exit,1
C002409,2026-01-09 06:01:00,Visitor,1
C002409,2026-01-09 06:05:00,Exit,1
C002410,2026-01-03 07:42:00,Visitor,1
C002410,2026-01-03 07:44:00,Exit,1
C002411,2026-01-09 17:12:00,Visitor,1
C002411,2026-01-09 17:14:00,Product View,1
C002411,2026-01-09 17:15:00,Product View,1
C002411,2026-01-09 17:25:00,Add to Cart,1
C002411,2026-01-09 17:28:00,Product View,1
C002411,2026-01-09 17:38:00,Exit,1
C002412,2026-01-11 18:26:00,Visitor,1
C002412,2026-01-11 18:33:00,Exit,1
C002413,2026-01-13 07:32:00,Visitor,1
C002413,2026-01-13 07:38:00,Exit,1
C002414,2026-01-09 20:24:00,Visitor,1
C002414,2026-01-09 20:26:00,Product View,1
C002414,2026-01-09 20:37:00,Exit,1
C002415,2026-01-08 19:11:00,Visitor,1
C002415,2026-01-08 19:13:00,Product View,1
C002415,2026-01-08 19:18:00,Exit,1
C002416,2026-01-05 04:17:00,Visitor,1
C002416,2026-01-05 04:21:00,Product View,1
C002416,2026-01-05 04:31:00,Exit,1
C002417,2026-01-09 18:25:00,Visitor,1
C002417,2026-01-09 18:29:00,Product View,1
C002417,2026-01-09 18:35:00,Product View,1
C002417,2026-01-09 18:38:00,Product View,1
C002417,2026-01-09 18:46:00,Add to Cart,1
C002417,2026-01-09 18:51:00,Exit,1
C002418,2026-01-07 18:06:00,Visitor,1
C002418,2026-01-07 18:07:00,Product View,1
C002418,2026-01-07 18:08:00,Add to Cart,1
C002418,2026-01-07 18:09:00,Exit,1
C002419,2026-01-04 20:02:00,Visitor,1
C002419,2026-01-04 20:12:00,Product View,1
C002419,2026-01-04 20:15:00,Exit,1
C002420,2026-01-12 21:57:00,Visitor,1
C002420,2026-01-12 22:02:00,Product View,1
C002420,2026-01-12 22:09:00,Exit,1
C002421,2026-01-14 21:22:00,Visitor,1
C002421,2026-01-14 21:25:00,Product View,1
C002421,2026-01-14 21:33:00,Exit,1
C002422,2026-01-10 00:37:00,Visitor,1
C002422,2026-01-10 00:38:00,Product View,1
C002422,2026-01-10 00:42:00,Exit,1
C002423,2026-01-08 01:45:00,Visitor,1
C002423,2026-01-08 01:46:00,Product View,1
C002423,2026-01-08 01:50:00,Exit,1
C002424,2026-01-10 09:22:00,Visitor,1
C002424,2026-01-10 09:25:00,Product View,1
C002424,2026-01-10 09:28:00,Exit,1
C002425,2026-01-05 18:41:00,Visitor,1
C002425,2026-01-05 18:43:00,Product View,1
C002425,2026-01-05 18:47:00,Exit,1
C002426,2026-01-05 13:41:00,Visitor,1
C002426,2026-01-05 13:44:00,Product View,1
C002426,2026-01-05 13:48:00,Exit,1
C002427,2026-01-06 08:02:00,Visitor,1
C002427,2026-01-06 08:03:00,Product View,1
C002427,2026-01-06 08:13:00,Add to Cart,1
C002427,2026-01-06 08:18:00,Product View,1
C002427,2026-01-06 08:23:00,Add to Cart,1
C002427,2026-01-06 08:25:00,Exit,1
C002428,2026-01-05 13:14:00,Visitor,1
C002428,2026-01-05 13:19:00,Product View,1
C002428,2026-01-05 13:27:00,Add to Cart,1
C002428,2026-01-05 13:36:00,Purchase,1
C002428,2026-01-05 13:40:00,Exit,1
C002429,2026-01-13 17:23:00,Visitor,1
C002429,2026-01-13 17:26:00,Product View,1
C002429,2026-01-13 17:30:00,Add to Cart,1
C002429,2026-01-13 17:38:00,Purchase,1
C002429,2026-01-13 17:39:00,Exit,1
C002430,2026-01-01 14:51:00,Visitor,1
C002430,2026-01-01 14:52:00,Product View,1
C002430,2026-01-01 14:56:00,Add to Cart,1
C002430,2026-01-01 15:03:00,Purchase,1
C002430,2026-01-01 15:04:00,Exit,1
C002431,2026-01-10 11:59:00,Visitor,1
C002431,2026-01-10 12:03:00,Exit,1
C002432,2026-01-13 16:32:00,Visitor,1
C002432,2026-01-13 16:39:00,Product View,1
C002432,2026-01-13 16:41:00,Exit,1
C002433,2026-01-08 11:45:00,Visitor,1
C002433,2026-01-08 11:49:00,Exit,1
C002434,2026-01-08 00:08:00,Visitor,1
C002434,2026-01-08 00:13:00,Exit,1
C002435,2026-01-02 03:11:00,Visitor,1
C002435,2026-01-02 03:18:00,Product View,1
C002435,2026-01-02 03:22:00,Add to Cart,1
C002435,2026-01-02 03:29:00,Purchase,1
C002435,2026-01-02 03:37:00,Repeat Purchase,1
C002435,2026-01-02 03:38:00,Exit,1
C002436,2026-01-06 05:16:00,Visitor,1
C002436,2026-01-06 05:22:00,Product View,1
C002436,2026-01-06 05:25:00,Product View,1
C002436,2026-01-06 05:26:00,Add to Cart,1
C002436,2026-01-06 05:29:00,Purchase,1
C002436,2026-01-06 05:30:00,Exit,1
C002437,2026-01-04 07:38:00,Visitor,1
C002437,2026-01-04 07:39:00,Exit,1
C002438,2026-01-05 12:03:00,Visitor,1
C002438,2026-01-05 12:06:00,Exit,1
C002439,2026-01-14 13:16:00,Visitor,1
C002439,2026-01-14 13:21:00,Product View,1
C002439,2026-01-14 13:23:00,Add to Cart,1
C002439,2026-01-14 13:28:00,Product View,1
C002439,2026-01-14 13:30:00,Exit,1
C002440,2026-01-02 05:25:00,Visitor,1
C002440,2026-01-02 05:28:00,Product View,1
C002440,2026-01-02 05:32:00,Exit,1
C002441,2026-01-11 20:14:00,Visitor,1
C002441,2026-01-11 20:15:00,Product View,1
C002441,2026-01-11 20:24:00,Exit,1
C002442,2026-01-08 08:22:00,Visitor,1
C002442,2026-01-08 08:30:00,Exit,1
C002443,2026-01-03 14:50:00,Visitor,1
C002443,2026-01-03 14:55:00,Exit,1
C002444,2026-01-01 19:55:00,Visitor,1
C002444,2026-01-01 20:00:00,Product View,1
C002444,2026-01-01 20:02:00,Exit,1
C002445,2026-01-01 10:56:00,Visitor,1
C002445,2026-01-01 10:57:00,Exit,1
C002446,2026-01-05 23:54:00,Visitor,1
C002446,2026-01-06 00:05:00,Exit,1
C002447,2026-01-06 18:08:00,Visitor,1
C002447,2026-01-06 18:17:00,Exit,1
C002448,2026-01-13 20:55:00,Visitor,1
C002448,2026-01-13 21:17:00,Product View,1
C002448,2026-01-13 21:33:00,Exit,1
C002449,2026-01-09 09:29:00,Visitor,1
C002449,2026-01-09 09:36:00,Exit,1
C002450,2026-01-08 06:35:00,Visitor,1
C002450,2026-01-08 06:39:00,Product View,1
C002450,2026-01-08 06:40:00,Exit,1
C002451,2026-01-10 03:42:00,Visitor,1
C002451,2026-01-10 03:43:00,Exit,1
C002452,2026-01-12 00:35:00,Visitor,1
C002452,2026-01-12 00:41:00,Exit,1
C002453,2026-01-13 23:14:00,Visitor,1
C002453,2026-01-13 23:18:00,Product View,1
C002453,2026-01-13 23:20:00,Exit,1
C002454,2026-01-14 11:49:00,Visitor,1
C002454,2026-01-14 11:58:00,Product View,1
C002454,2026-01-14 11:59:00,Exit,1
C002455,2026-01-07 17:42:00,Visitor,1
C002455,2026-01-07 17:51:00,Product View,1
C002455,2026-01-07 17:54:00,Exit,1
C002456,2026-01-06 13:02:00,Visitor,1
C002456,2026-01-06 13:04:00,Product View,1
C002456,2026-01-06 13:09:00,Exit,1
C002457,2026-01-12 16:54:00,Visitor,1
C002457,2026-01-12 16:57:00,Product View,1
C002457,2026-01-12 17:00:00,Exit,1
C002458,2026-01-10 16:40:00,Visitor,1
C002458,2026-01-10 16:42:00,Exit,1
C002459,2026-01-05 08:30:00,Visitor,1
C002459,2026-01-05 08:40:00,Product View,1
C002459,2026-01-05 08:55:00,Exit,1
C002460,2026-01-04 09:58:00,Visitor,1
C002460,2026-01-04 09:59:00,Product View,1
C002460,2026-01-04 10:08:00,Exit,1
C002461,2026-01-06 08:34:00,Visitor,1
C002461,2026-01-06 08:37:00,Product View,1
C002461,2026-01-06 08:38:00,Exit,1
C002462,2026-01-10 11:57:00,Visitor,1
C002462,2026-01-10 12:00:00,Exit,1
C002463,2026-01-13 23:11:00,Visitor,1
C002463,2026-01-13 23:21:00,Exit,1
C002464,2026-01-04 05:59:00,Visitor,1
C002464,2026-01-04 06:07:00,Product View,1
C002464,2026-01-04 06:08:00,Product View,1
C002464,2026-01-04 06:12:00,Exit,1
C002465,2026-01-01 15:50:00,Visitor,1
C002465,2026-01-01 16:02:00,Product View,1
C002465,2026-01-01 16:12:00,Product View,1
C002465,2026-01-01 16:15:00,Add to Cart,1
C002465,2026-01-01 16:16:00,Purchase,1
C002465,2026-01-01 16:17:00,Exit,1
C002466,2026-01-07 13:58:00,Visitor,1
C002466,2026-01-07 14:04:00,Product View,1
C002466,2026-01-07 14:06:00,Add to Cart,1
C002466,2026-01-07 14:07:00,Exit,1
C002467,2026-01-09 12:23:00,Visitor,1
C002467,2026-01-09 12:28:00,Product View,1
C002467,2026-01-09 12:36:00,Product View,1
C002467,2026-01-09 12:38:00,Exit,1
C002468,2026-01-03 22:53:00,Visitor,1
C002468,2026-01-03 22:55:00,Product View,1
C002468,2026-01-03 22:56:00,Add to Cart,1
C002468,2026-01-03 23:00:00,Purchase,1
C002468,2026-01-03 23:06:00,Exit,1
C002469,2026-01-05 18:53:00,Visitor,1
C002469,2026-01-05 18:56:00,Product View,1
C002469,2026-01-05 18:59:00,Exit,1
C002470,2026-01-08 10:07:00,Visitor,1
C002470,2026-01-08 10:16:00,Exit,1
C002471,2026-01-12 08:36:00,Visitor,1
C002471,2026-01-12 08:39:00,Product View,1
C002471,2026-01-12 08:40:00,Exit,1
C002472,2026-01-14 19:18:00,Visitor,1
C002472,2026-01-14 19:27:00,Product View,1
C002472,2026-01-14 19:28:00,Product View,1
C002472,2026-01-14 19:32:00,Product View,1
C002472,2026-01-14 19:50:00,Exit,1
C002473,2026-01-14 16:47:00,Visitor,1
C002473,2026-01-14 16:49:00,Exit,1
C002474,2026-01-07 17:20:00,Visitor,1
C002474,2026-01-07 17:23:00,Exit,1
C002475,2026-01-01 14:02:00,Visitor,1
C002475,2026-01-01 14:06:00,Exit,1
C002476,2026-01-01 19:37:00,Visitor,1
C002476,2026-01-01 19:47:00,Product View,1
C002476,2026-01-01 20:04:00,Add to Cart,1
C002476,2026-01-01 20:09:00,Exit,1
C002477,2026-01-04 23:09:00,Visitor,1
C002477,2026-01-04 23:12:00,Product View,1
C002477,2026-01-04 23:14:00,Add to Cart,1
C002477,2026-01-04 23:17:00,Purchase,1
C002477,2026-01-04 23:19:00,Exit,1
C002478,2026-01-08 23:00:00,Visitor,1
C002478,2026-01-08 23:04:00,Product View,1
C002478,2026-01-08 23:05:00,Exit,1
C002479,2026-01-03 08:42:00,Visitor,1
C002479,2026-01-03 08:45:00,Exit,1
C002480,2026-01-10 21:46:00,Visitor,1
C002480,2026-01-10 22:05:00,Product View,1
C002480,2026-01-10 22:19:00,Exit,1
C002481,2026-01-07 04:31:00,Visitor,1
C002481,2026-01-07 04:32:00,Product View,1
C002481,2026-01-07 04:34:00,Exit,1
C002482,2026-01-13 01:50:00,Visitor,1
C002482,2026-01-13 01:52:00,Exit,1
C002483,2026-01-09 05:48:00,Visitor,1
C002483,2026-01-09 05:52:00,Exit,1
C002484,2026-01-05 14:41:00,Visitor,1
C002484,2026-01-05 14:49:00,Exit,1
C002485,2026-01-11 08:48:00,Visitor,1
C002485,2026-01-11 08:54:00,Product View,1
C002485,2026-01-11 09:01:00,Exit,1
C002486,2026-01-07 06:19:00,Visitor,1
C002486,2026-01-07 06:22:00,Product View,1
C002486,2026-01-07 06:23:00,Exit,1
C002487,2026-01-07 03:11:00,Visitor,1
C002487,2026-01-07 03:21:00,Product View,1
C002487,2026-01-07 03:22:00,Exit,1
C002488,2026-01-11 20:42:00,Visitor,1
C002488,2026-01-11 20:46:00,Product View,1
C002488,2026-01-11 20:49:00,Exit,1
C002489,2026-01-12 08:51:00,Visitor,1
C002489,2026-01-12 08:54:00,Exit,1
C002490,2026-01-05 18:47:00,Visitor,1
C002490,2026-01-05 18:51:00,Exit,1
C002491,2026-01-06 18:09:00,Visitor,1
C002491,2026-01-06 18:10:00,Product View,1
C002491,2026-01-06 18:13:00,Add to Cart,1
C002491,2026-01-06 18:14:00,Exit,1
C002492,2026-01-12 18:37:00,Visitor,1
C002492,2026-01-12 18:38:00,Product View,1
C002492,2026-01-12 18:48:00,Exit,1
C002493,2026-01-12 06:50:00,Visitor,1
C002493,2026-01-12 06:51:00,Exit,1
C002494,2026-01-11 15:18:00,Visitor,1
C002494,2026-01-11 15:23:00,Product View,1
C002494,2026-01-11 15:25:00,Add to Cart,1
C002494,2026-01-11 15:26:00,Purchase,1
C002494,2026-01-11 15:28:00,Exit,1
C002495,2026-01-05 02:15:00,Visitor,1
C002495,2026-01-05 02:36:00,Exit,1
C002496,2026-01-03 13:14:00,Visitor,1
C002496,2026-01-03 13:15:00,Exit,1
C002497,2026-01-06 22:46:00,Visitor,1
C002497,2026-01-06 22:48:00,Product View,1
C002497,2026-01-06 22:49:00,Add to Cart,1
C002497,2026-01-06 22:55:00,Exit,1
C002498,2026-01-06 07:33:00,Visitor,1
C002498,2026-01-06 07:41:00,Product View,1
C002498,2026-01-06 07:48:00,Exit,1
C002499,2026-01-05 22:28:00,Visitor,1
C002499,2026-01-05 22:32:00,Exit,1
C002500,2026-01-06 13:56:00,Visitor,1
C002500,2026-01-06 13:57:00,Exit,1
C002501,2026-01-12 05:59:00,Visitor,1
C002501,2026-01-12 06:02:00,Product View,1
C002501,2026-01-12 06:17:00,Exit,1
C002502,2026-01-12 20:16:00,Visitor,1
C002502,2026-01-12 20:17:00,Product View,1
C002502,2026-01-12 20:18:00,Exit,1
C002503,2026-01-11 08:36:00,Visitor,1
C002503,2026-01-11 08:37:00,Exit,1
C002504,2026-01-05 07:20:00,Visitor,1
C002504,2026-01-05 07:26:00,Exit,1
C002505,2026-01-08 01:18:00,Visitor,1
C002505,2026-01-08 01:20:00,Exit,1
C002506,2026-01-09 18:29:00,Visitor,1
C002506,2026-01-09 18:35:00,Exit,1
C002507,2026-01-07 17:55:00,Visitor,1
C002507,2026-01-07 17:56:00,Product View,1
C002507,2026-01-07 18:01:00,Add to Cart,1
C002507,2026-01-07 18:14:00,Exit,1
C002508,2026-01-08 18:16:00,Visitor,1
C002508,2026-01-08 18:27:00,Exit,1
C002509,2026-01-11 05:40:00,Visitor,1
C002509,2026-01-11 05:42:00,Product View,1
C002509,2026-01-11 05:43:00,Exit,1
C002510,2026-01-11 02:39:00,Visitor,1
C002510,2026-01-11 02:42:00,Exit,1
C002511,2026-01-06 21:36:00,Visitor,1
C002511,2026-01-06 21:38:00,Product View,1
C002511,2026-01-06 21:41:00,Exit,1
C002512,2026-01-04 02:12:00,Visitor,1
C002512,2026-01-04 02:17:00,Product View,1
C002512,2026-01-04 02:20:00,Exit,1
C002513,2026-01-01 15:13:00,Visitor,1
C002513,2026-01-01 15:19:00,Product View,1
C002513,2026-01-01 15:23:00,Add to Cart,1
C002513,2026-01-01 15:32:00,Purchase,1
C002513,2026-01-01 15:34:00,Exit,1
C002514,2026-01-14 06:13:00,Visitor,1
C002514,2026-01-14 06:21:00,Product View,1
C002514,2026-01-14 06:24:00,Add to Cart,1
C002514,2026-01-14 06:30:00,Exit,1
C002515,2026-01-08 23:02:00,Visitor,1
C002515,2026-01-08 23:03:00,Product View,1
C002515,2026-01-08 23:11:00,Exit,1
C002516,2026-01-10 09:49:00,Visitor,1
C002516,2026-01-10 09:53:00,Product View,1
C002516,2026-01-10 09:56:00,Add to Cart,1
C002516,2026-01-10 10:04:00,Exit,1
C002517,2026-01-10 08:29:00,Visitor,1
C002517,2026-01-10 08:31:00,Product View,1
C002517,2026-01-10 08:33:00,Exit,1
C002518,2026-01-09 05:00:00,Visitor,1
C002518,2026-01-09 05:12:00,Product View,1
C002518,2026-01-09 05:20:00,Exit,1
C002519,2026-01-12 21:07:00,Visitor,1
C002519,2026-01-12 21:08:00,Product View,1
C002519,2026-01-12 21:09:00,Add to Cart,1
C002519,2026-01-12 21:10:00,Purchase,1
C002519,2026-01-12 21:29:00,Exit,1
C002520,2026-01-04 16:50:00,Visitor,1
C002520,2026-01-04 16:51:00,Exit,1
C002521,2026-01-13 05:49:00,Visitor,1
C002521,2026-01-13 05:53:00,Exit,1
C002522,2026-01-08 09:54:00,Visitor,1
C002522,2026-01-08 09:57:00,Product View,1
C002522,2026-01-08 10:08:00,Exit,1
C002523,2026-01-05 00:28:00,Visitor,1
C002523,2026-01-05 00:29:00,Product View,1
C002523,2026-01-05 00:37:00,Add to Cart,1
C002523,2026-01-05 00:39:00,Product View,1
C002523,2026-01-05 00:42:00,Exit,1
C002524,2026-01-07 05:29:00,Visitor,1
C002524,2026-01-07 05:34:00,Product View,1
C002524,2026-01-07 05:42:00,Add to Cart,1
C002524,2026-01-07 05:47:00,Exit,1
C002525,2026-01-04 19:44:00,Visitor,1
C002525,2026-01-04 20:00:00,Product View,1
C002525,2026-01-04 20:10:00,Product View,1
C002525,2026-01-04 20:14:00,Add to Cart,1
C002525,2026-01-04 20:15:00,Exit,1
C002526,2026-01-03 01:32:00,Visitor,1
C002526,2026-01-03 01:40:00,Product View,1
C002526,2026-01-03 01:45:00,Product View,1
C002526,2026-01-03 01:46:00,Add to Cart,1
C002526,2026-01-03 01:50:00,Exit,1
C002527,2026-01-05 21:11:00,Visitor,1
C002527,2026-01-05 21:13:00,Product View,1
C002527,2026-01-05 21:18:00,Exit,1
C002528,2026-01-14 16:23:00,Visitor,1
C002528,2026-01-14 16:25:00,Product View,1
C002528,2026-01-14 16:34:00,Add to Cart,1
C002528,2026-01-14 16:40:00,Exit,1
C002529,2026-01-07 12:15:00,Visitor,1
C002529,2026-01-07 12:17:00,Product View,1
C002529,2026-01-07 12:18:00,Exit,1
C002530,2026-01-07 11:39:00,Visitor,1
C002530,2026-01-07 11:40:00,Exit,1
C002531,2026-01-11 19:43:00,Visitor,1
C002531,2026-01-11 19:46:00,Product View,1
C002531,2026-01-11 20:04:00,Add to Cart,1
C002531,2026-01-11 20:07:00,Purchase,1
C002531,2026-01-11 20:08:00,Exit,1
C002532,2026-01-01 15:35:00,Visitor,1
C002532,2026-01-01 15:37:00,Exit,1
C002533,2026-01-02 09:27:00,Visitor,1
C002533,2026-01-02 09:31:00,Product View,1
C002533,2026-01-02 09:40:00,Product View,1
C002533,2026-01-02 09:44:00,Product View,1
C002533,2026-01-02 09:45:00,Exit,1
C002534,2026-01-07 10:57:00,Visitor,1
C002534,2026-01-07 10:59:00,Exit,1
C002535,2026-01-10 13:13:00,Visitor,1
C002535,2026-01-10 13:15:00,Product View,1
C002535,2026-01-10 13:28:00,Exit,1
C002536,2026-01-02 06:50:00,Visitor,1
C002536,2026-01-02 06:52:00,Product View,1
C002536,2026-01-02 06:59:00,Exit,1
C002537,2026-01-05 07:13:00,Visitor,1
C002537,2026-01-05 07:15:00,Product View,1
C002537,2026-01-05 07:20:00,Add to Cart,1
C002537,2026-01-05 07:21:00,Exit,1
C002538,2026-01-14 08:37:00,Visitor,1
C002538,2026-01-14 08:42:00,Product View,1
C002538,2026-01-14 08:44:00,Add to Cart,1
C002538,2026-01-14 08:51:00,Purchase,1
C002538,2026-01-14 08:56:00,Exit,1
C002539,2026-01-13 10:07:00,Visitor,1
C002539,2026-01-13 10:11:00,Product View,1
C002539,2026-01-13 10:22:00,Add to Cart,1
C002539,2026-01-13 10:23:00,Exit,1
C002540,2026-01-07 04:28:00,Visitor,1
C002540,2026-01-07 04:30:00,Product View,1
C002540,2026-01-07 04:40:00,Add to Cart,1
C002540,2026-01-07 04:44:00,Exit,1
C002541,2026-01-10 22:33:00,Visitor,1
C002541,2026-01-10 22:37:00,Product View,1
C002541,2026-01-10 22:51:00,Add to Cart,1
C002541,2026-01-10 22:52:00,Exit,1
C002542,2026-01-07 13:04:00,Visitor,1
C002542,2026-01-07 13:13:00,Product View,1
C002542,2026-01-07 13:15:00,Exit,1
C002543,2026-01-01 08:44:00,Visitor,1
C002543,2026-01-01 08:55:00,Exit,1
C002544,2026-01-04 11:58:00,Visitor,1
C002544,2026-01-04 12:01:00,Product View,1
C002544,2026-01-04 12:02:00,Exit,1
C002545,2026-01-08 07:50:00,Visitor,1
C002545,2026-01-08 07:53:00,Product View,1
C002545,2026-01-08 07:55:00,Exit,1
C002546,2026-01-04 05:15:00,Visitor,1
C002546,2026-01-04 05:18:00,Exit,1
C002547,2026-01-13 14:16:00,Visitor,1
C002547,2026-01-13 14:17:00,Exit,1
C002548,2026-01-04 21:36:00,Visitor,1
C002548,2026-01-04 21:39:00,Exit,1
C002549,2026-01-14 15:30:00,Visitor,1
C002549,2026-01-14 15:31:00,Product View,1
C002549,2026-01-14 15:40:00,Exit,1
C002550,2026-01-10 06:27:00,Visitor,1
C002550,2026-01-10 06:33:00,Exit,1
C002551,2026-01-12 01:16:00,Visitor,1
C002551,2026-01-12 01:24:00,Product View,1
C002551,2026-01-12 01:37:00,Exit,1
C002552,2026-01-01 08:23:00,Visitor,1
C002552,2026-01-01 08:25:00,Product View,1
C002552,2026-01-01 08:34:00,Exit,1
C002553,2026-01-01 10:04:00,Visitor,1
C002553,2026-01-01 10:07:00,Product View,1
C002553,2026-01-01 10:10:00,Exit,1
C002554,2026-01-14 10:54:00,Visitor,1
C002554,2026-01-14 10:56:00,Exit,1
C002555,2026-01-07 15:22:00,Visitor,1
C002555,2026-01-07 15:24:00,Exit,1
C002556,2026-01-05 05:50:00,Visitor,1
C002556,2026-01-05 05:51:00,Exit,1
C002557,2026-01-02 23:12:00,Visitor,1
C002557,2026-01-02 23:16:00,Product View,1
C002557,2026-01-02 23:18:00,Add to Cart,1
C002557,2026-01-02 23:19:00,Exit,1
C002558,2026-01-11 18:22:00,Visitor,1
C002558,2026-01-11 18:26:00,Product View,1
C002558,2026-01-11 18:29:00,Exit,1
C002559,2026-01-02 18:27:00,Visitor,1
C002559,2026-01-02 18:34:00,Product View,1
C002559,2026-01-02 18:41:00,Exit,1
C002560,2026-01-01 03:19:00,Visitor,1
C002560,2026-01-01 03:22:00,Product View,1
C002560,2026-01-01 03:24:00,Exit,1
C002561,2026-01-01 16:33:00,Visitor,1
C002561,2026-01-01 16:40:00,Product View,1
C002561,2026-01-01 16:45:00,Exit,1
C002562,2026-01-14 10:30:00,Visitor,1
C002562,2026-01-14 10:31:00,Exit,1
C002563,2026-01-03 23:14:00,Visitor,1
C002563,2026-01-03 23:16:00,Product View,1
C002563,2026-01-03 23:23:00,Exit,1
C002564,2026-01-06 12:15:00,Visitor,1
C002564,2026-01-06 12:19:00,Exit,1
C002565,2026-01-11 18:49:00,Visitor,1
C002565,2026-01-11 18:58:00,Product View,1
C002565,2026-01-11 19:03:00,Exit,1
C002566,2026-01-05 13:38:00,Visitor,1
C002566,2026-01-05 13:46:00,Product View,1
C002566,2026-01-05 13:50:00,Add to Cart,1
C002566,2026-01-05 13:55:00,Purchase,1
C002566,2026-01-05 13:56:00,Exit,1
C002567,2026-01-02 16:06:00,Visitor,1
C002567,2026-01-02 16:12:00,Product View,1
C002567,2026-01-02 16:15:00,Product View,1
C002567,2026-01-02 16:16:00,Add to Cart,1
C002567,2026-01-02 16:17:00,Exit,1
C002568,2026-01-13 19:19:00,Visitor,1
C002568,2026-01-13 19:24:00,Exit,1
C002569,2026-01-08 00:55:00,Visitor,1
C002569,2026-01-08 00:57:00,Product View,1
C002569,2026-01-08 01:09:00,Product View,1
C002569,2026-01-08 01:10:00,Exit,1
C002570,2026-01-07 11:34:00,Visitor,1
C002570,2026-01-07 11:36:00,Product View,1
C002570,2026-01-07 11:37:00,Exit,1
C002571,2026-01-12 00:31:00,Visitor,1
C002571,2026-01-12 00:32:00,Product View,1
C002571,2026-01-12 00:33:00,Exit,1
C002572,2026-01-13 23:37:00,Visitor,1
C002572,2026-01-13 23:38:00,Product View,1
C002572,2026-01-13 23:39:00,Add to Cart,1
C002572,2026-01-13 23:40:00,Exit,1
C002573,2026-01-02 15:32:00,Visitor,1
C002573,2026-01-02 15:33:00,Product View,1
C002573,2026-01-02 15:35:00,Product View,1
C002573,2026-01-02 15:41:00,Exit,1
C002574,2026-01-13 22:33:00,Visitor,1
C002574,2026-01-13 22:35:00,Exit,1
C002575,2026-01-01 19:56:00,Visitor,1
C002575,2026-01-01 20:02:00,Product View,1
C002575,2026-01-01 20:13:00,Exit,1
C002576,2026-01-08 22:13:00,Visitor,1
C002576,2026-01-08 22:14:00,Product View,1
C002576,2026-01-08 22:16:00,Add to Cart,1
C002576,2026-01-08 22:20:00,Purchase,1
C002576,2026-01-08 22:30:00,Exit,1
C002577,2026-01-14 01:53:00,Visitor,1
C002577,2026-01-14 02:05:00,Product View,1
C002577,2026-01-14 02:13:00,Exit,1
C002578,2026-01-03 15:27:00,Visitor,1
C002578,2026-01-03 15:29:00,Product View,1
C002578,2026-01-03 15:42:00,Exit,1
C002579,2026-01-06 19:32:00,Visitor,1
C002579,2026-01-06 19:35:00,Product View,1
C002579,2026-01-06 19:37:00,Exit,1
C002580,2026-01-04 03:22:00,Visitor,1
C002580,2026-01-04 03:25:00,Exit,1
C002581,2026-01-06 23:46:00,Visitor,1
C002581,2026-01-06 23:54:00,Exit,1
C002582,2026-01-14 11:13:00,Visitor,1
C002582,2026-01-14 11:17:00,Product View,1
C002582,2026-01-14 11:29:00,Exit,1
C002583,2026-01-08 08:04:00,Visitor,1
C002583,2026-01-08 08:07:00,Exit,1
C002584,2026-01-05 00:42:00,Visitor,1
C002584,2026-01-05 00:44:00,Exit,1
C002585,2026-01-07 14:16:00,Visitor,1
C002585,2026-01-07 14:17:00,Product View,1
C002585,2026-01-07 14:21:00,Product View,1
C002585,2026-01-07 14:22:00,Exit,1
C002586,2026-01-06 14:22:00,Visitor,1
C002586,2026-01-06 14:26:00,Product View,1
C002586,2026-01-06 14:30:00,Exit,1
C002587,2026-01-12 08:31:00,Visitor,1
C002587,2026-01-12 08:40:00,Product View,1
C002587,2026-01-12 08:44:00,Exit,1
C002588,2026-01-03 07:27:00,Visitor,1
C002588,2026-01-03 07:30:00,Product View,1
C002588,2026-01-03 07:35:00,Exit,1
C002589,2026-01-03 09:11:00,Visitor,1
C002589,2026-01-03 09:14:00,Exit,1
C002590,2026-01-12 21:44:00,Visitor,1
C002590,2026-01-12 21:55:00,Product View,1
C002590,2026-01-12 22:01:00,Exit,1
C002591,2026-01-03 18:21:00,Visitor,1
C002591,2026-01-03 18:22:00,Product View,1
C002591,2026-01-03 18:23:00,Product View,1
C002591,2026-01-03 18:26:00,Exit,1
C002592,2026-01-04 23:32:00,Visitor,1
C002592,2026-01-04 23:40:00,Exit,1
C002593,2026-01-01 22:32:00,Visitor,1
C002593,2026-01-01 22:34:00,Exit,1
C002594,2026-01-13 00:33:00,Visitor,1
C002594,2026-01-13 00:34:00,Exit,1
C002595,2026-01-08 00:46:00,Visitor,1
C002595,2026-01-08 00:51:00,Product View,1
C002595,2026-01-08 01:01:00,Add to Cart,1
C002595,2026-01-08 01:06:00,Purchase,1
C002595,2026-01-08 01:11:00,Exit,1
C002596,2026-01-01 05:07:00,Visitor,1
C002596,2026-01-01 05:08:00,Product View,1
C002596,2026-01-01 05:23:00,Exit,1
C002597,2026-01-07 10:34:00,Visitor,1
C002597,2026-01-07 10:39:00,Product View,1
C002597,2026-01-07 10:43:00,Exit,1
C002598,2026-01-07 01:00:00,Visitor,1
C002598,2026-01-07 01:06:00,Exit,1
C002599,2026-01-06 22:35:00,Visitor,1
C002599,2026-01-06 22:36:00,Exit,1
C002600,2026-01-14 02:35:00,Visitor,1
C002600,2026-01-14 02:36:00,Product View,1
C002600,2026-01-14 02:45:00,Exit,1
C002601,2026-01-02 00:57:00,Visitor,1
C002601,2026-01-02 00:58:00,Product View,1
C002601,2026-01-02 01:00:00,Product View,1
C002601,2026-01-02 01:05:00,Add to Cart,1
C002601,2026-01-02 01:09:00,Product View,1
C002601,2026-01-02 01:21:00,Add to Cart,1
C002601,2026-01-02 01:23:00,Exit,1
C002602,2026-01-12 15:45:00,Visitor,1
C002602,2026-01-12 15:48:00,Exit,1
C002603,2026-01-04 01:23:00,Visitor,1
C002603,2026-01-04 01:24:00,Exit,1
C002604,2026-01-09 07:23:00,Visitor,1
C002604,2026-01-09 07:34:00,Product View,1
C002604,2026-01-09 07:38:00,Add to Cart,1
C002604,2026-01-09 07:41:00,Purchase,1
C002604,2026-01-09 07:45:00,Exit,1
C002605,2026-01-07 02:05:00,Visitor,1
C002605,2026-01-07 02:08:00,Product View,1
C002605,2026-01-07 02:11:00,Exit,1
C002606,2026-01-12 04:06:00,Visitor,1
C002606,2026-01-12 04:09:00,Product View,1
C002606,2026-01-12 04:10:00,Product View,1
C002606,2026-01-12 04:19:00,Exit,1
C002607,2026-01-03 01:27:00,Visitor,1
C002607,2026-01-03 01:31:00,Product View,1
C002607,2026-01-03 01:32:00,Exit,1
C002608,2026-01-01 02:43:00,Visitor,1
C002608,2026-01-01 02:44:00,Product View,1
C002608,2026-01-01 02:49:00,Exit,1
C002609,2026-01-10 09:52:00,Visitor,1
C002609,2026-01-10 09:53:00,Product View,1
C002609,2026-01-10 09:54:00,Exit,1
C002610,2026-01-10 13:30:00,Visitor,1
C002610,2026-01-10 13:35:00,Product View,1
C002610,2026-01-10 13:43:00,Exit,1
C002611,2026-01-08 22:32:00,Visitor,1
C002611,2026-01-08 22:42:00,Exit,1
C002612,2026-01-08 18:41:00,Visitor,1
C002612,2026-01-08 18:46:00,Exit,1
C002613,2026-01-11 13:10:00,Visitor,1
C002613,2026-01-11 13:11:00,Exit,1
C002614,2026-01-01 13:24:00,Visitor,1
C002614,2026-01-01 13:29:00,Product View,1
C002614,2026-01-01 13:30:00,Add to Cart,1
C002614,2026-01-01 13:32:00,Product View,1
C002614,2026-01-01 13:36:00,Product View,1
C002614,2026-01-01 13:38:00,Exit,1
C002615,2026-01-03 11:40:00,Visitor,1
C002615,2026-01-03 11:42:00,Exit,1
C002616,2026-01-01 22:28:00,Visitor,1
C002616,2026-01-01 22:33:00,Exit,1
C002617,2026-01-14 07:29:00,Visitor,1
C002617,2026-01-14 07:32:00,Product View,1
C002617,2026-01-14 07:33:00,Add to Cart,1
C002617,2026-01-14 07:34:00,Product View,1
C002617,2026-01-14 07:41:00,Exit,1
C002618,2026-01-09 03:03:00,Visitor,1
C002618,2026-01-09 03:05:00,Exit,1
C002619,2026-01-07 22:57:00,Visitor,1
C002619,2026-01-07 22:59:00,Product View,1
C002619,2026-01-07 23:00:00,Exit,1
C002620,2026-01-08 12:27:00,Visitor,1
C002620,2026-01-08 12:30:00,Exit,1
C002621,2026-01-09 16:01:00,Visitor,1
C002621,2026-01-09 16:02:00,Product View,1
C002621,2026-01-09 16:08:00,Exit,1
C002622,2026-01-03 20:59:00,Visitor,1
C002622,2026-01-03 21:01:00,Product View,1
C002622,2026-01-03 21:03:00,Add to Cart,1
C002622,2026-01-03 21:13:00,Exit,1
C002623,2026-01-04 22:53:00,Visitor,1
C002623,2026-01-04 22:54:00,Product View,1
C002623,2026-01-04 22:57:00,Product View,1
C002623,2026-01-04 22:58:00,Add to Cart,1
C002623,2026-01-04 23:20:00,Exit,1
C002624,2026-01-03 02:24:00,Visitor,1
C002624,2026-01-03 02:34:00,Product View,1
C002624,2026-01-03 02:42:00,Exit,1
C002625,2026-01-13 20:13:00,Visitor,1
C002625,2026-01-13 20:21:00,Product View,1
C002625,2026-01-13 20:23:00,Product View,1
C002625,2026-01-13 20:32:00,Exit,1
C002626,2026-01-14 08:14:00,Visitor,1
C002626,2026-01-14 08:17:00,Exit,1
C002627,2026-01-12 19:55:00,Visitor,1
C002627,2026-01-12 19:56:00,Exit,1
C002628,2026-01-03 22:34:00,Visitor,1
C002628,2026-01-03 22:38:00,Product View,1
C002628,2026-01-03 23:04:00,Add to Cart,1
C002628,2026-01-03 23:18:00,Exit,1
C002629,2026-01-13 08:05:00,Visitor,1
C002629,2026-01-13 08:06:00,Product View,1
C002629,2026-01-13 08:10:00,Exit,1
C002630,2026-01-11 00:14:00,Visitor,1
C002630,2026-01-11 00:17:00,Exit,1
C002631,2026-01-05 19:56:00,Visitor,1
C002631,2026-01-05 20:03:00,Product View,1
C002631,2026-01-05 20:04:00,Add to Cart,1
C002631,2026-01-05 20:05:00,Exit,1
C002632,2026-01-01 20:45:00,Visitor,1
C002632,2026-01-01 20:52:00,Exit,1
C002633,2026-01-11 17:08:00,Visitor,1
C002633,2026-01-11 17:09:00,Product View,1
C002633,2026-01-11 17:14:00,Exit,1
C002634,2026-01-05 09:15:00,Visitor,1
C002634,2026-01-05 09:17:00,Exit,1
C002635,2026-01-14 13:21:00,Visitor,1
C002635,2026-01-14 13:28:00,Exit,1
C002636,2026-01-06 09:19:00,Visitor,1
C002636,2026-01-06 09:21:00,Exit,1
C002637,2026-01-06 01:56:00,Visitor,1
C002637,2026-01-06 02:00:00,Exit,1
C002638,2026-01-02 03:54:00,Visitor,1
C002638,2026-01-02 03:56:00,Product View,1
C002638,2026-01-02 03:58:00,Exit,1
C002639,2026-01-11 10:32:00,Visitor,1
C002639,2026-01-11 10:38:00,Product View,1
C002639,2026-01-11 10:47:00,Exit,1
C002640,2026-01-07 08:55:00,Visitor,1
C002640,2026-01-07 09:03:00,Product View,1
C002640,2026-01-07 09:08:00,Exit,1
C002641,2026-01-04 03:28:00,Visitor,1
C002641,2026-01-04 03:42:00,Product View,1
C002641,2026-01-04 03:50:00,Add to Cart,1
C002641,2026-01-04 03:55:00,Purchase,1
C002641,2026-01-04 04:04:00,Exit,1
C002642,2026-01-04 04:35:00,Visitor,1
C002642,2026-01-04 04:46:00,Exit,1
C002643,2026-01-02 01:15:00,Visitor,1
C002643,2026-01-02 01:20:00,Exit,1
C002644,2026-01-14 10:41:00,Visitor,1
C002644,2026-01-14 10:49:00,Product View,1
C002644,2026-01-14 10:51:00,Product View,1
C002644,2026-01-14 10:55:00,Exit,1
C002645,2026-01-07 16:35:00,Visitor,1
C002645,2026-01-07 16:36:00,Product View,1
C002645,2026-01-07 16:52:00,Exit,1
C002646,2026-01-12 06:37:00,Visitor,1
C002646,2026-01-12 06:52:00,Product View,1
C002646,2026-01-12 06:53:00,Exit,1
C002647,2026-01-01 20:32:00,Visitor,1
C002647,2026-01-01 20:35:00,Exit,1
C002648,2026-01-02 05:08:00,Visitor,1
C002648,2026-01-02 05:10:00,Product View,1
C002648,2026-01-02 05:11:00,Exit,1
C002649,2026-01-08 05:34:00,Visitor,1
C002649,2026-01-08 05:35:00,Product View,1
C002649,2026-01-08 05:43:00,Exit,1
C002650,2026-01-07 06:07:00,Visitor,1
C002650,2026-01-07 06:11:00,Exit,1
C002651,2026-01-01 09:37:00,Visitor,1
C002651,2026-01-01 09:38:00,Exit,1
C002652,2026-01-08 05:37:00,Visitor,1
C002652,2026-01-08 05:48:00,Product View,1
C002652,2026-01-08 05:50:00,Add to Cart,1
C002652,2026-01-08 05:51:00,Exit,1
C002653,2026-01-09 00:07:00,Visitor,1
C002653,2026-01-09 00:09:00,Exit,1
C002654,2026-01-06 04:45:00,Visitor,1
C002654,2026-01-06 04:46:00,Exit,1
C002655,2026-01-03 17:39:00,Visitor,1
C002655,2026-01-03 17:42:00,Exit,1
C002656,2026-01-09 00:09:00,Visitor,1
C002656,2026-01-09 00:20:00,Product View,1
C002656,2026-01-09 00:25:00,Add to Cart,1
C002656,2026-01-09 00:36:00,Exit,1
C002657,2026-01-09 10:05:00,Visitor,1
C002657,2026-01-09 10:07:00,Exit,1
C002658,2026-01-12 21:39:00,Visitor,1
C002658,2026-01-12 21:43:00,Product View,1
C002658,2026-01-12 21:45:00,Exit,1
C002659,2026-01-08 09:17:00,Visitor,1
C002659,2026-01-08 09:20:00,Exit,1
C002660,2026-01-14 09:31:00,Visitor,1
C002660,2026-01-14 09:34:00,Exit,1
C002661,2026-01-11 22:02:00,Visitor,1
C002661,2026-01-11 22:10:00,Product View,1
C002661,2026-01-11 22:21:00,Add to Cart,1
C002661,2026-01-11 22:27:00,Purchase,1
C002661,2026-01-11 22:29:00,Exit,1
C002662,2026-01-11 21:38:00,Visitor,1
C002662,2026-01-11 21:39:00,Product View,1
C002662,2026-01-11 21:40:00,Exit,1
C002663,2026-01-08 18:02:00,Visitor,1
C002663,2026-01-08 18:05:00,Product View,1
C002663,2026-01-08 18:07:00,Exit,1
C002664,2026-01-02 05:18:00,Visitor,1
C002664,2026-01-02 05:21:00,Exit,1
C002665,2026-01-07 19:11:00,Visitor,1
C002665,2026-01-07 19:15:00,Product View,1
C002665,2026-01-07 19:23:00,Product View,1
C002665,2026-01-07 19:27:00,Add to Cart,1
C002665,2026-01-07 19:31:00,Exit,1
C002666,2026-01-09 20:40:00,Visitor,1
C002666,2026-01-09 20:42:00,Product View,1
C002666,2026-01-09 20:55:00,Exit,1
C002667,2026-01-09 13:51:00,Visitor,1
C002667,2026-01-09 13:55:00,Exit,1
C002668,2026-01-06 19:44:00,Visitor,1
C002668,2026-01-06 19:46:00,Product View,1
C002668,2026-01-06 19:48:00,Exit,1
C002669,2026-01-10 19:01:00,Visitor,1
C002669,2026-01-10 19:22:00,Product View,1
C002669,2026-01-10 19:26:00,Exit,1
C002670,2026-01-01 05:38:00,Visitor,1
C002670,2026-01-01 05:47:00,Product View,1
C002670,2026-01-01 05:52:00,Product View,1
C002670,2026-01-01 05:53:00,Exit,1
C002671,2026-01-01 07:54:00,Visitor,1
C002671,2026-01-01 08:01:00,Exit,1
C002672,2026-01-13 15:25:00,Visitor,1
C002672,2026-01-13 15:29:00,Exit,1
C002673,2026-01-01 15:54:00,Visitor,1
C002673,2026-01-01 15:58:00,Exit,1
C002674,2026-01-10 05:43:00,Visitor,1
C002674,2026-01-10 05:46:00,Product View,1
C002674,2026-01-10 05:52:00,Product View,1
C002674,2026-01-10 06:05:00,Exit,1
C002675,2026-01-09 11:49:00,Visitor,1
C002675,2026-01-09 11:51:00,Product View,1
C002675,2026-01-09 11:52:00,Product View,1
C002675,2026-01-09 11:53:00,Product View,1
C002675,2026-01-09 11:57:00,Add to Cart,1
C002675,2026-01-09 12:01:00,Exit,1
C002676,2026-01-13 08:30:00,Visitor,1
C002676,2026-01-13 08:33:00,Product View,1
C002676,2026-01-13 08:40:00,Add to Cart,1
C002676,2026-01-13 08:41:00,Purchase,1
C002676,2026-01-13 08:49:00,Repeat Purchase,1
C002676,2026-01-13 08:54:00,Exit,1
C002677,2026-01-03 02:45:00,Visitor,1
C002677,2026-01-03 02:47:00,Exit,1
C002678,2026-01-08 17:11:00,Visitor,1
C002678,2026-01-08 17:14:00,Product View,1
C002678,2026-01-08 17:16:00,Add to Cart,1
C002678,2026-01-08 17:25:00,Exit,1
C002679,2026-01-09 11:10:00,Visitor,1
C002679,2026-01-09 11:14:00,Exit,1
C002680,2026-01-10 14:35:00,Visitor,1
C002680,2026-01-10 14:55:00,Product View,1
C002680,2026-01-10 15:00:00,Exit,1
C002681,2026-01-05 17:45:00,Visitor,1
C002681,2026-01-05 17:46:00,Product View,1
C002681,2026-01-05 17:51:00,Exit,1
C002682,2026-01-03 21:05:00,Visitor,1
C002682,2026-01-03 21:10:00,Product View,1
C002682,2026-01-03 21:11:00,Exit,1
C002683,2026-01-02 21:47:00,Visitor,1
C002683,2026-01-02 21:52:00,Product View,1
C002683,2026-01-02 21:56:00,Exit,1
C002684,2026-01-14 07:45:00,Visitor,1
C002684,2026-01-14 07:51:00,Product View,1
C002684,2026-01-14 07:56:00,Exit,1
C002685,2026-01-09 21:01:00,Visitor,1
C002685,2026-01-09 21:02:00,Product View,1
C002685,2026-01-09 21:08:00,Add to Cart,1
C002685,2026-01-09 21:11:00,Exit,1
C002686,2026-01-12 11:42:00,Visitor,1
C002686,2026-01-12 11:52:00,Exit,1
C002687,2026-01-07 06:43:00,Visitor,1
C002687,2026-01-07 06:45:00,Product View,1
C002687,2026-01-07 06:46:00,Exit,1
C002688,2026-01-09 21:27:00,Visitor,1
C002688,2026-01-09 21:30:00,Product View,1
C002688,2026-01-09 21:31:00,Add to Cart,1
C002688,2026-01-09 21:40:00,Exit,1
C002689,2026-01-08 04:02:00,Visitor,1
C002689,2026-01-08 04:03:00,Product View,1
C002689,2026-01-08 04:06:00,Exit,1
C002690,2026-01-09 13:59:00,Visitor,1
C002690,2026-01-09 14:11:00,Exit,1
C002691,2026-01-06 00:36:00,Visitor,1
C002691,2026-01-06 00:44:00,Exit,1
C002692,2026-01-07 03:32:00,Visitor,1
C002692,2026-01-07 03:35:00,Product View,1
C002692,2026-01-07 03:36:00,Add to Cart,1
C002692,2026-01-07 03:40:00,Exit,1
C002693,2026-01-09 14:44:00,Visitor,1
C002693,2026-01-09 14:47:00,Exit,1
C002694,2026-01-11 11:24:00,Visitor,1
C002694,2026-01-11 11:30:00,Exit,1
C002695,2026-01-02 18:09:00,Visitor,1
C002695,2026-01-02 18:10:00,Product View,1
C002695,2026-01-02 18:14:00,Product View,1
C002695,2026-01-02 18:15:00,Exit,1
C002696,2026-01-13 06:59:00,Visitor,1
C002696,2026-01-13 07:05:00,Product View,1
C002696,2026-01-13 07:07:00,Add to Cart,1
C002696,2026-01-13 07:09:00,Exit,1
C002697,2026-01-03 04:06:00,Visitor,1
C002697,2026-01-03 04:09:00,Exit,1
C002698,2026-01-10 03:09:00,Visitor,1
C002698,2026-01-10 03:15:00,Exit,1
C002699,2026-01-05 15:19:00,Visitor,1
C002699,2026-01-05 15:21:00,Exit,1
C002700,2026-01-03 05:55:00,Visitor,1
C002700,2026-01-03 06:04:00,Product View,1
C002700,2026-01-03 06:07:00,Add to Cart,1
C002700,2026-01-03 06:15:00,Purchase,1
C002700,2026-01-03 06:20:00,Exit,1
C002701,2026-01-03 09:00:00,Visitor,1
C002701,2026-01-03 09:03:00,Exit,1
C002702,2026-01-04 08:59:00,Visitor,1
C002702,2026-01-04 09:01:00,Product View,1
C002702,2026-01-04 09:08:00,Exit,1
C002703,2026-01-02 05:18:00,Visitor,1
C002703,2026-01-02 05:21:00,Product View,1
C002703,2026-01-02 05:27:00,Product View,1
C002703,2026-01-02 05:28:00,Exit,1
C002704,2026-01-14 08:04:00,Visitor,1
C002704,2026-01-14 08:11:00,Exit,1
C002705,2026-01-01 23:44:00,Visitor,1
C002705,2026-01-01 23:48:00,Product View,1
C002705,2026-01-01 23:51:00,Exit,1
C002706,2026-01-04 19:30:00,Visitor,1
C002706,2026-01-04 19:31:00,Product View,1
C002706,2026-01-04 19:32:00,Exit,1
C002707,2026-01-03 19:58:00,Visitor,1
C002707,2026-01-03 20:03:00,Product View,1
C002707,2026-01-03 20:05:00,Exit,1
C002708,2026-01-07 10:07:00,Visitor,1
C002708,2026-01-07 10:17:00,Product View,1
C002708,2026-01-07 10:24:00,Add to Cart,1
C002708,2026-01-07 10:25:00,Product View,1
C002708,2026-01-07 10:31:00,Exit,1
C002709,2026-01-13 02:55:00,Visitor,1
C002709,2026-01-13 02:59:00,Product View,1
C002709,2026-01-13 03:06:00,Exit,1
C002710,2026-01-02 11:23:00,Visitor,1
C002710,2026-01-02 11:25:00,Product View,1
C002710,2026-01-02 11:33:00,Exit,1
C002711,2026-01-11 21:54:00,Visitor,1
C002711,2026-01-11 21:57:00,Product View,1
C002711,2026-01-11 21:58:00,Exit,1
C002712,2026-01-10 15:53:00,Visitor,1
C002712,2026-01-10 15:54:00,Exit,1
C002713,2026-01-06 18:21:00,Visitor,1
C002713,2026-01-06 18:25:00,Product View,1
C002713,2026-01-06 18:37:00,Product View,1
C002713,2026-01-06 18:45:00,Product View,1
C002713,2026-01-06 18:54:00,Product View,1
C002713,2026-01-06 19:00:00,Product View,1
C002713,2026-01-06 19:06:00,Add to Cart,1
C002713,2026-01-06 19:07:00,Purchase,1
C002713,2026-01-06 19:08:00,Exit,1
C002714,2026-01-11 08:06:00,Visitor,1
C002714,2026-01-11 08:12:00,Product View,1
C002714,2026-01-11 08:13:00,Add to Cart,1
C002714,2026-01-11 08:20:00,Exit,1
C002715,2026-01-08 22:26:00,Visitor,1
C002715,2026-01-08 22:30:00,Product View,1
C002715,2026-01-08 22:31:00,Exit,1
C002716,2026-01-02 12:30:00,Visitor,1
C002716,2026-01-02 12:35:00,Product View,1
C002716,2026-01-02 12:40:00,Exit,1
C002717,2026-01-14 20:08:00,Visitor,1
C002717,2026-01-14 20:09:00,Product View,1
C002717,2026-01-14 20:12:00,Product View,1
C002717,2026-01-14 20:14:00,Exit,1
C002718,2026-01-03 18:45:00,Visitor,1
C002718,2026-01-03 19:03:00,Product View,1
C002718,2026-01-03 19:06:00,Exit,1
C002719,2026-01-14 15:54:00,Visitor,1
C002719,2026-01-14 15:56:00,Product View,1
C002719,2026-01-14 15:57:00,Exit,1
C002720,2026-01-06 05:06:00,Visitor,1
C002720,2026-01-06 05:11:00,Product View,1
C002720,2026-01-06 05:14:00,Exit,1
C002721,2026-01-06 22:57:00,Visitor,1
C002721,2026-01-06 22:59:00,Product View,1
C002721,2026-01-06 23:15:00,Exit,1
C002722,2026-01-09 02:57:00,Visitor,1
C002722,2026-01-09 03:01:00,Product View,1
C002722,2026-01-09 03:04:00,Exit,1
C002723,2026-01-02 09:06:00,Visitor,1
C002723,2026-01-02 09:11:00,Product View,1
C002723,2026-01-02 09:13:00,Exit,1
C002724,2026-01-08 15:25:00,Visitor,1
C002724,2026-01-08 15:34:00,Product View,1
C002724,2026-01-08 15:36:00,Exit,1
C002725,2026-01-10 02:07:00,Visitor,1
C002725,2026-01-10 02:16:00,Product View,1
C002725,2026-01-10 02:17:00,Add to Cart,1
C002725,2026-01-10 02:19:00,Exit,1
C002726,2026-01-06 05:42:00,Visitor,1
C002726,2026-01-06 05:43:00,Product View,1
C002726,2026-01-06 05:50:00,Add to Cart,1
C002726,2026-01-06 05:52:00,Exit,1
C002727,2026-01-12 20:17:00,Visitor,1
C002727,2026-01-12 20:22:00,Product View,1
C002727,2026-01-12 20:28:00,Exit,1
C002728,2026-01-02 21:47:00,Visitor,1
C002728,2026-01-02 21:49:00,Exit,1
C002729,2026-01-14 01:23:00,Visitor,1
C002729,2026-01-14 01:27:00,Exit,1
C002730,2026-01-05 11:58:00,Visitor,1
C002730,2026-01-05 12:02:00,Exit,1
C002731,2026-01-05 06:05:00,Visitor,1
C002731,2026-01-05 06:11:00,Product View,1
C002731,2026-01-05 06:14:00,Add to Cart,1
C002731,2026-01-05 06:21:00,Purchase,1
C002731,2026-01-05 06:31:00,Exit,1
C002732,2026-01-13 22:12:00,Visitor,1
C002732,2026-01-13 22:13:00,Exit,1
C002733,2026-01-14 20:12:00,Visitor,1
C002733,2026-01-14 20:14:00,Product View,1
C002733,2026-01-14 20:18:00,Product View,1
C002733,2026-01-14 20:24:00,Exit,1
C002734,2026-01-01 12:13:00,Visitor,1
C002734,2026-01-01 12:16:00,Product View,1
C002734,2026-01-01 12:19:00,Add to Cart,1
C002734,2026-01-01 12:20:00,Purchase,1
C002734,2026-01-01 12:42:00,Exit,1
C002735,2026-01-14 18:40:00,Visitor,1
C002735,2026-01-14 18:57:00,Product View,1
C002735,2026-01-14 18:59:00,Exit,1
C002736,2026-01-04 03:37:00,Visitor,1
C002736,2026-01-04 03:40:00,Exit,1
C002737,2026-01-05 09:31:00,Visitor,1
C002737,2026-01-05 09:33:00,Product View,1
C002737,2026-01-05 09:38:00,Product View,1
C002737,2026-01-05 09:41:00,Exit,1
C002738,2026-01-08 09:15:00,Visitor,1
C002738,2026-01-08 09:17:00,Exit,1
C002739,2026-01-13 19:16:00,Visitor,1
C002739,2026-01-13 19:18:00,Exit,1
C002740,2026-01-01 19:28:00,Visitor,1
C002740,2026-01-01 19:31:00,Product View,1
C002740,2026-01-01 19:32:00,Exit,1
C002741,2026-01-01 04:38:00,Visitor,1
C002741,2026-01-01 04:42:00,Product View,1
C002741,2026-01-01 04:48:00,Exit,1
C002742,2026-01-05 23:33:00,Visitor,1
C002742,2026-01-05 23:42:00,Exit,1
C002743,2026-01-08 08:26:00,Visitor,1
C002743,2026-01-08 08:28:00,Product View,1
C002743,2026-01-08 08:30:00,Add to Cart,1
C002743,2026-01-08 08:31:00,Purchase,1
C002743,2026-01-08 08:32:00,Exit,1
C002744,2026-01-01 00:49:00,Visitor,1
C002744,2026-01-01 00:55:00,Exit,1
C002745,2026-01-04 03:56:00,Visitor,1
C002745,2026-01-04 03:58:00,Product View,1
C002745,2026-01-04 04:01:00,Product View,1
C002745,2026-01-04 04:05:00,Add to Cart,1
C002745,2026-01-04 04:06:00,Exit,1
C002746,2026-01-03 03:23:00,Visitor,1
C002746,2026-01-03 03:24:00,Product View,1
C002746,2026-01-03 03:25:00,Exit,1
C002747,2026-01-10 02:54:00,Visitor,1
C002747,2026-01-10 02:55:00,Exit,1
C002748,2026-01-11 11:03:00,Visitor,1
C002748,2026-01-11 11:04:00,Exit,1
C002749,2026-01-09 00:17:00,Visitor,1
C002749,2026-01-09 00:18:00,Product View,1
C002749,2026-01-09 00:27:00,Add to Cart,1
C002749,2026-01-09 00:29:00,Purchase,1
C002749,2026-01-09 00:30:00,Exit,1
C002750,2026-01-02 05:05:00,Visitor,1
C002750,2026-01-02 05:10:00,Product View,1
C002750,2026-01-02 05:16:00,Exit,1
C002751,2026-01-07 12:46:00,Visitor,1
C002751,2026-01-07 12:48:00,Product View,1
C002751,2026-01-07 13:00:00,Add to Cart,1
C002751,2026-01-07 13:01:00,Product View,1
C002751,2026-01-07 13:17:00,Product View,1
C002751,2026-01-07 13:23:00,Exit,1
C002752,2026-01-02 09:33:00,Visitor,1
C002752,2026-01-02 09:38:00,Product View,1
C002752,2026-01-02 09:42:00,Add to Cart,1
C002752,2026-01-02 09:44:00,Exit,1
C002753,2026-01-11 21:33:00,Visitor,1
C002753,2026-01-11 21:35:00,Product View,1
C002753,2026-01-11 21:38:00,Product View,1
C002753,2026-01-11 21:40:00,Exit,1
C002754,2026-01-05 19:21:00,Visitor,1
C002754,2026-01-05 19:22:00,Product View,1
C002754,2026-01-05 19:31:00,Exit,1
C002755,2026-01-01 16:12:00,Visitor,1
C002755,2026-01-01 16:14:00,Product View,1
C002755,2026-01-01 16:20:00,Add to Cart,1
C002755,2026-01-01 16:23:00,Exit,1
C002756,2026-01-09 14:20:00,Visitor,1
C002756,2026-01-09 14:24:00,Exit,1
C002757,2026-01-10 09:31:00,Visitor,1
C002757,2026-01-10 09:35:00,Exit,1
C002758,2026-01-09 04:06:00,Visitor,1
C002758,2026-01-09 04:07:00,Exit,1
C002759,2026-01-07 03:30:00,Visitor,1
C002759,2026-01-07 03:34:00,Exit,1
C002760,2026-01-05 01:30:00,Visitor,1
C002760,2026-01-05 01:33:00,Product View,1
C002760,2026-01-05 01:34:00,Add to Cart,1
C002760,2026-01-05 01:36:00,Purchase,1
C002760,2026-01-05 01:37:00,Exit,1
C002761,2026-01-09 08:16:00,Visitor,1
C002761,2026-01-09 08:17:00,Exit,1
C002762,2026-01-06 06:01:00,Visitor,1
C002762,2026-01-06 06:02:00,Exit,1
C002763,2026-01-08 05:24:00,Visitor,1
C002763,2026-01-08 05:29:00,Exit,1
C002764,2026-01-07 05:42:00,Visitor,1
C002764,2026-01-07 05:51:00,Product View,1
C002764,2026-01-07 05:52:00,Exit,1
C002765,2026-01-07 15:23:00,Visitor,1
C002765,2026-01-07 15:29:00,Exit,1
C002766,2026-01-02 15:35:00,Visitor,1
C002766,2026-01-02 15:39:00,Exit,1
C002767,2026-01-12 06:33:00,Visitor,1
C002767,2026-01-12 06:37:00,Product View,1
C002767,2026-01-12 06:43:00,Add to Cart,1
C002767,2026-01-12 06:45:00,Product View,1
C002767,2026-01-12 06:47:00,Exit,1
C002768,2026-01-07 03:17:00,Visitor,1
C002768,2026-01-07 03:20:00,Exit,1
C002769,2026-01-02 00:39:00,Visitor,1
C002769,2026-01-02 00:45:00,Exit,1
C002770,2026-01-13 09:49:00,Visitor,1
C002770,2026-01-13 09:51:00,Product View,1
C002770,2026-01-13 09:52:00,Add to Cart,1
C002770,2026-01-13 09:53:00,Purchase,1
C002770,2026-01-13 09:54:00,Exit,1
C002771,2026-01-06 22:11:00,Visitor,1
C002771,2026-01-06 22:13:00,Product View,1
C002771,2026-01-06 22:27:00,Exit,1
C002772,2026-01-02 10:43:00,Visitor,1
C002772,2026-01-02 10:47:00,Product View,1
C002772,2026-01-02 10:50:00,Exit,1
C002773,2026-01-05 09:35:00,Visitor,1
C002773,2026-01-05 09:37:00,Product View,1
C002773,2026-01-05 09:56:00,Add to Cart,1
C002773,2026-01-05 10:04:00,Exit,1
C002774,2026-01-13 17:28:00,Visitor,1
C002774,2026-01-13 17:32:00,Exit,1
C002775,2026-01-12 09:46:00,Visitor,1
C002775,2026-01-12 09:51:00,Product View,1
C002775,2026-01-12 10:00:00,Add to Cart,1
C002775,2026-01-12 10:03:00,Exit,1
C002776,2026-01-11 19:02:00,Visitor,1
C002776,2026-01-11 19:07:00,Exit,1
C002777,2026-01-14 07:54:00,Visitor,1
C002777,2026-01-14 08:01:00,Product View,1
C002777,2026-01-14 08:04:00,Add to Cart,1
C002777,2026-01-14 08:05:00,Exit,1
C002778,2026-01-08 18:35:00,Visitor,1
C002778,2026-01-08 18:36:00,Product View,1
C002778,2026-01-08 18:39:00,Exit,1
C002779,2026-01-04 19:44:00,Visitor,1
C002779,2026-01-04 19:46:00,Product View,1
C002779,2026-01-04 19:54:00,Add to Cart,1
C002779,2026-01-04 19:56:00,Exit,1
C002780,2026-01-04 23:03:00,Visitor,1
C002780,2026-01-04 23:07:00,Product View,1
C002780,2026-01-04 23:08:00,Exit,1
C002781,2026-01-07 09:22:00,Visitor,1
C002781,2026-01-07 09:32:00,Exit,1
C002782,2026-01-13 13:26:00,Visitor,1
C002782,2026-01-13 13:29:00,Product View,1
C002782,2026-01-13 13:41:00,Exit,1
C002783,2026-01-14 02:44:00,Visitor,1
C002783,2026-01-14 02:46:00,Product View,1
C002783,2026-01-14 02:47:00,Exit,1
C002784,2026-01-06 08:56:00,Visitor,1
C002784,2026-01-06 09:05:00,Product View,1
C002784,2026-01-06 09:09:00,Exit,1
C002785,2026-01-02 04:17:00,Visitor,1
C002785,2026-01-02 04:18:00,Exit,1
C002786,2026-01-11 18:04:00,Visitor,1
C002786,2026-01-11 18:06:00,Product View,1
C002786,2026-01-11 18:10:00,Add to Cart,1
C002786,2026-01-11 18:14:00,Exit,1
C002787,2026-01-10 09:10:00,Visitor,1
C002787,2026-01-10 09:13:00,Exit,1
C002788,2026-01-11 21:57:00,Visitor,1
C002788,2026-01-11 22:01:00,Exit,1
C002789,2026-01-05 20:07:00,Visitor,1
C002789,2026-01-05 20:19:00,Exit,1
C002790,2026-01-09 05:46:00,Visitor,1
C002790,2026-01-09 05:49:00,Product View,1
C002790,2026-01-09 05:50:00,Exit,1
C002791,2026-01-06 18:51:00,Visitor,1
C002791,2026-01-06 18:58:00,Product View,1
C002791,2026-01-06 19:03:00,Exit,1
C002792,2026-01-05 02:33:00,Visitor,1
C002792,2026-01-05 02:38:00,Exit,1
C002793,2026-01-10 10:08:00,Visitor,1
C002793,2026-01-10 10:27:00,Product View,1
C002793,2026-01-10 10:37:00,Exit,1
C002794,2026-01-01 20:00:00,Visitor,1
C002794,2026-01-01 20:04:00,Product View,1
C002794,2026-01-01 20:11:00,Exit,1
C002795,2026-01-07 01:14:00,Visitor,1
C002795,2026-01-07 01:18:00,Product View,1
C002795,2026-01-07 01:22:00,Add to Cart,1
C002795,2026-01-07 01:24:00,Purchase,1
C002795,2026-01-07 01:28:00,Exit,1
C002796,2026-01-12 05:07:00,Visitor,1
C002796,2026-01-12 05:08:00,Exit,1
C002797,2026-01-10 22:03:00,Visitor,1
C002797,2026-01-10 22:06:00,Product View,1
C002797,2026-01-10 22:11:00,Exit,1
C002798,2026-01-08 05:48:00,Visitor,1
C002798,2026-01-08 05:51:00,Product View,1
C002798,2026-01-08 06:03:00,Product View,1
C002798,2026-01-08 06:13:00,Add to Cart,1
C002798,2026-01-08 06:20:00,Product View,1
C002798,2026-01-08 06:21:00,Add to Cart,1
C002798,2026-01-08 06:23:00,Exit,1
C002799,2026-01-06 08:51:00,Visitor,1
C002799,2026-01-06 08:56:00,Product View,1
C002799,2026-01-06 09:05:00,Exit,1
C002800,2026-01-03 09:17:00,Visitor,1
C002800,2026-01-03 09:19:00,Exit,1
C002801,2026-01-05 04:39:00,Visitor,1
C002801,2026-01-05 04:41:00,Exit,1
C002802,2026-01-01 18:44:00,Visitor,1
C002802,2026-01-01 18:46:00,Product View,1
C002802,2026-01-01 18:47:00,Exit,1
C002803,2026-01-05 17:16:00,Visitor,1
C002803,2026-01-05 17:17:00,Exit,1
C002804,2026-01-05 07:39:00,Visitor,1
C002804,2026-01-05 07:45:00,Product View,1
C002804,2026-01-05 07:52:00,Exit,1
C002805,2026-01-04 16:47:00,Visitor,1
C002805,2026-01-04 16:54:00,Product View,1
C002805,2026-01-04 16:58:00,Exit,1
C002806,2026-01-08 04:25:00,Visitor,1
C002806,2026-01-08 04:27:00,Exit,1
C002807,2026-01-09 18:12:00,Visitor,1
C002807,2026-01-09 18:18:00,Product View,1
C002807,2026-01-09 18:21:00,Product View,1
C002807,2026-01-09 18:25:00,Exit,1
C002808,2026-01-14 07:46:00,Visitor,1
C002808,2026-01-14 07:53:00,Exit,1
C002809,2026-01-05 05:01:00,Visitor,1
C002809,2026-01-05 05:08:00,Exit,1
C002810,2026-01-10 01:10:00,Visitor,1
C002810,2026-01-10 01:11:00,Product View,1
C002810,2026-01-10 01:12:00,Add to Cart,1
C002810,2026-01-10 01:20:00,Exit,1
C002811,2026-01-13 16:03:00,Visitor,1
C002811,2026-01-13 16:13:00,Product View,1
C002811,2026-01-13 16:18:00,Exit,1
C002812,2026-01-03 17:19:00,Visitor,1
C002812,2026-01-03 17:20:00,Product View,1
C002812,2026-01-03 17:22:00,Exit,1
C002813,2026-01-10 15:38:00,Visitor,1
C002813,2026-01-10 15:41:00,Product View,1
C002813,2026-01-10 15:51:00,Exit,1
C002814,2026-01-14 18:48:00,Visitor,1
C002814,2026-01-14 18:53:00,Product View,1
C002814,2026-01-14 18:54:00,Add to Cart,1
C002814,2026-01-14 18:55:00,Exit,1
C002815,2026-01-12 03:25:00,Visitor,1
C002815,2026-01-12 03:38:00,Exit,1
C002816,2026-01-09 07:01:00,Visitor,1
C002816,2026-01-09 07:08:00,Product View,1
C002816,2026-01-09 07:16:00,Exit,1
C002817,2026-01-05 21:08:00,Visitor,1
C002817,2026-01-05 21:13:00,Product View,1
C002817,2026-01-05 21:24:00,Exit,1
C002818,2026-01-09 21:03:00,Visitor,1
C002818,2026-01-09 21:05:00,Product View,1
C002818,2026-01-09 21:07:00,Exit,1
C002819,2026-01-06 10:00:00,Visitor,1
C002819,2026-01-06 10:03:00,Exit,1
C002820,2026-01-14 17:16:00,Visitor,1
C002820,2026-01-14 17:22:00,Product View,1
C002820,2026-01-14 17:23:00,Add to Cart,1
C002820,2026-01-14 17:28:00,Purchase,1
C002820,2026-01-14 17:37:00,Exit,1
C002821,2026-01-12 23:29:00,Visitor,1
C002821,2026-01-12 23:30:00,Exit,1
C002822,2026-01-07 09:49:00,Visitor,1
C002822,2026-01-07 09:56:00,Product View,1
C002822,2026-01-07 09:57:00,Exit,1
C002823,2026-01-01 17:45:00,Visitor,1
C002823,2026-01-01 17:47:00,Exit,1
C002824,2026-01-11 01:15:00,Visitor,1
C002824,2026-01-11 01:16:00,Product View,1
C002824,2026-01-11 01:22:00,Exit,1
C002825,2026-01-10 00:25:00,Visitor,1
C002825,2026-01-10 00:26:00,Product View,1
C002825,2026-01-10 00:36:00,Exit,1
C002826,2026-01-02 12:17:00,Visitor,1
C002826,2026-01-02 12:20:00,Product View,1
C002826,2026-01-02 12:23:00,Add to Cart,1
C002826,2026-01-02 12:27:00,Exit,1
C002827,2026-01-11 03:42:00,Visitor,1
C002827,2026-01-11 03:43:00,Product View,1
C002827,2026-01-11 03:45:00,Add to Cart,1
C002827,2026-01-11 03:46:00,Exit,1
C002828,2026-01-05 21:55:00,Visitor,1
C002828,2026-01-05 22:10:00,Product View,1
C002828,2026-01-05 22:23:00,Product View,1
C002828,2026-01-05 22:30:00,Exit,1
C002829,2026-01-13 19:59:00,Visitor,1
C002829,2026-01-13 20:08:00,Product View,1
C002829,2026-01-13 20:10:00,Exit,1
C002830,2026-01-06 23:16:00,Visitor,1
C002830,2026-01-06 23:18:00,Exit,1
C002831,2026-01-13 17:10:00,Visitor,1
C002831,2026-01-13 17:13:00,Product View,1
C002831,2026-01-13 17:26:00,Exit,1
C002832,2026-01-04 08:14:00,Visitor,1
C002832,2026-01-04 08:16:00,Exit,1
C002833,2026-01-01 19:17:00,Visitor,1
C002833,2026-01-01 19:26:00,Product View,1
C002833,2026-01-01 19:27:00,Add to Cart,1
C002833,2026-01-01 19:35:00,Exit,1
C002834,2026-01-09 08:04:00,Visitor,1
C002834,2026-01-09 08:11:00,Exit,1
C002835,2026-01-12 12:23:00,Visitor,1
C002835,2026-01-12 12:35:00,Product View,1
C002835,2026-01-12 12:46:00,Exit,1
C002836,2026-01-05 19:38:00,Visitor,1
C002836,2026-01-05 19:39:00,Product View,1
C002836,2026-01-05 19:40:00,Exit,1
C002837,2026-01-13 14:59:00,Visitor,1
C002837,2026-01-13 15:00:00,Product View,1
C002837,2026-01-13 15:07:00,Add to Cart,1
C002837,2026-01-13 15:11:00,Purchase,1
C002837,2026-01-13 15:17:00,Exit,1
C002838,2026-01-11 09:16:00,Visitor,1
C002838,2026-01-11 09:22:00,Exit,1
C002839,2026-01-04 02:50:00,Visitor,1
C002839,2026-01-04 02:58:00,Product View,1
C002839,2026-01-04 03:03:00,Add to Cart,1
C002839,2026-01-04 03:04:00,Purchase,1
C002839,2026-01-04 03:05:00,Exit,1
C002840,2026-01-03 15:45:00,Visitor,1
C002840,2026-01-03 15:49:00,Product View,1
C002840,2026-01-03 15:51:00,Add to Cart,1
C002840,2026-01-03 15:52:00,Exit,1
C002841,2026-01-03 16:53:00,Visitor,1
C002841,2026-01-03 16:56:00,Exit,1
C002842,2026-01-06 11:50:00,Visitor,1
C002842,2026-01-06 11:52:00,Exit,1
C002843,2026-01-04 09:25:00,Visitor,1
C002843,2026-01-04 09:39:00,Exit,1
C002844,2026-01-04 11:51:00,Visitor,1
C002844,2026-01-04 11:52:00,Product View,1
C002844,2026-01-04 11:55:00,Add to Cart,1
C002844,2026-01-04 11:56:00,Purchase,1
C002844,2026-01-04 11:58:00,Exit,1
C002845,2026-01-09 07:13:00,Visitor,1
C002845,2026-01-09 07:15:00,Product View,1
C002845,2026-01-09 07:22:00,Exit,1
C002846,2026-01-05 13:52:00,Visitor,1
C002846,2026-01-05 13:54:00,Product View,1
C002846,2026-01-05 13:56:00,Exit,1
C002847,2026-01-12 17:38:00,Visitor,1
C002847,2026-01-12 17:42:00,Product View,1
C002847,2026-01-12 17:45:00,Add to Cart,1
C002847,2026-01-12 17:49:00,Exit,1
C002848,2026-01-06 07:39:00,Visitor,1
C002848,2026-01-06 07:40:00,Exit,1
C002849,2026-01-07 23:20:00,Visitor,1
C002849,2026-01-07 23:22:00,Product View,1
C002849,2026-01-07 23:36:00,Exit,1
C002850,2026-01-06 11:15:00,Visitor,1
C002850,2026-01-06 11:16:00,Exit,1
C002851,2026-01-11 03:36:00,Visitor,1
C002851,2026-01-11 03:43:00,Exit,1
C002852,2026-01-10 16:50:00,Visitor,1
C002852,2026-01-10 16:55:00,Exit,1
C002853,2026-01-07 17:18:00,Visitor,1
C002853,2026-01-07 17:21:00,Product View,1
C002853,2026-01-07 17:23:00,Exit,1
C002854,2026-01-08 21:59:00,Visitor,1
C002854,2026-01-08 22:02:00,Exit,1
C002855,2026-01-13 09:24:00,Visitor,1
C002855,2026-01-13 09:26:00,Product View,1
C002855,2026-01-13 09:27:00,Exit,1
C002856,2026-01-11 09:36:00,Visitor,1
C002856,2026-01-11 09:42:00,Exit,1
C002857,2026-01-10 07:55:00,Visitor,1
C002857,2026-01-10 08:02:00,Product View,1
C002857,2026-01-10 08:03:00,Exit,1
C002858,2026-01-11 09:58:00,Visitor,1
C002858,2026-01-11 09:59:00,Product View,1
C002858,2026-01-11 10:10:00,Exit,1
C002859,2026-01-06 02:13:00,Visitor,1
C002859,2026-01-06 02:15:00,Product View,1
C002859,2026-01-06 02:25:00,Add to Cart,1
C002859,2026-01-06 02:26:00,Exit,1
C002860,2026-01-02 10:45:00,Visitor,1
C002860,2026-01-02 10:46:00,Exit,1
C002861,2026-01-14 15:21:00,Visitor,1
C002861,2026-01-14 15:22:00,Exit,1
C002862,2026-01-05 05:48:00,Visitor,1
C002862,2026-01-05 05:56:00,Product View,1
C002862,2026-01-05 05:58:00,Add to Cart,1
C002862,2026-01-05 06:00:00,Product View,1
C002862,2026-01-05 06:07:00,Add to Cart,1
C002862,2026-01-05 06:10:00,Exit,1
C002863,2026-01-03 03:55:00,Visitor,1
C002863,2026-01-03 03:59:00,Product View,1
C002863,2026-01-03 04:05:00,Exit,1
C002864,2026-01-07 22:05:00,Visitor,1
C002864,2026-01-07 22:19:00,Exit,1
C002865,2026-01-10 16:38:00,Visitor,1
C002865,2026-01-10 16:39:00,Exit,1
C002866,2026-01-07 23:37:00,Visitor,1
C002866,2026-01-07 23:40:00,Product View,1
C002866,2026-01-07 23:42:00,Exit,1
C002867,2026-01-10 15:44:00,Visitor,1
C002867,2026-01-10 15:49:00,Product View,1
C002867,2026-01-10 15:51:00,Exit,1
C002868,2026-01-05 12:54:00,Visitor,1
C002868,2026-01-05 13:04:00,Product View,1
C002868,2026-01-05 13:08:00,Exit,1
C002869,2026-01-09 23:16:00,Visitor,1
C002869,2026-01-09 23:18:00,Exit,1
C002870,2026-01-12 01:16:00,Visitor,1
C002870,2026-01-12 01:17:00,Product View,1
C002870,2026-01-12 01:20:00,Exit,1
C002871,2026-01-06 00:00:00,Visitor,1
C002871,2026-01-06 00:02:00,Product View,1
C002871,2026-01-06 00:07:00,Exit,1
C002872,2026-01-07 20:21:00,Visitor,1
C002872,2026-01-07 20:24:00,Product View,1
C002872,2026-01-07 20:36:00,Exit,1
C002873,2026-01-12 15:36:00,Visitor,1
C002873,2026-01-12 15:45:00,Product View,1
C002873,2026-01-12 15:49:00,Exit,1
C002874,2026-01-08 20:01:00,Visitor,1
C002874,2026-01-08 20:02:00,Exit,1
C002875,2026-01-09 03:42:00,Visitor,1
C002875,2026-01-09 03:43:00,Product View,1
C002875,2026-01-09 03:44:00,Exit,1
C002876,2026-01-10 18:45:00,Visitor,1
C002876,2026-01-10 18:48:00,Exit,1
C002877,2026-01-02 01:01:00,Visitor,1
C002877,2026-01-02 01:04:00,Exit,1
C002878,2026-01-12 10:16:00,Visitor,1
C002878,2026-01-12 10:23:00,Exit,1
C002879,2026-01-12 15:31:00,Visitor,1
C002879,2026-01-12 15:44:00,Product View,1
C002879,2026-01-12 15:45:00,Exit,1
C002880,2026-01-07 00:03:00,Visitor,1
C002880,2026-01-07 00:04:00,Exit,1
C002881,2026-01-02 03:48:00,Visitor,1
C002881,2026-01-02 03:51:00,Product View,1
C002881,2026-01-02 03:57:00,Exit,1
C002882,2026-01-14 16:33:00,Visitor,1
C002882,2026-01-14 16:34:00,Product View,1
C002882,2026-01-14 16:36:00,Add to Cart,1
C002882,2026-01-14 16:37:00,Purchase,1
C002882,2026-01-14 16:46:00,Repeat Purchase,1
C002882,2026-01-14 16:48:00,Loyal Customer,1
C002882,2026-01-14 16:51:00,Loyal Customer,1
C002882,2026-01-14 16:52:00,Loyal Customer,1
C002882,2026-01-14 16:58:00,Loyal Customer,1
C002882,2026-01-14 17:02:00,Loyal Customer,1
C002882,2026-01-14 17:03:00,Loyal Customer,1
C002882,2026-01-14 17:10:00,Exit,1
C002883,2026-01-02 03:29:00,Visitor,1
C002883,2026-01-02 03:40:00,Exit,1
C002884,2026-01-07 03:05:00,Visitor,1
C002884,2026-01-07 03:10:00,Product View,1
C002884,2026-01-07 03:12:00,Exit,1
C002885,2026-01-07 04:53:00,Visitor,1
C002885,2026-01-07 04:54:00,Product View,1
C002885,2026-01-07 04:58:00,Exit,1
C002886,2026-01-12 19:28:00,Visitor,1
C002886,2026-01-12 19:30:00,Exit,1
C002887,2026-01-06 22:16:00,Visitor,1
C002887,2026-01-06 22:19:00,Exit,1
C002888,2026-01-13 09:14:00,Visitor,1
C002888,2026-01-13 09:17:00,Exit,1
C002889,2026-01-07 10:12:00,Visitor,1
C002889,2026-01-07 10:22:00,Exit,1
C002890,2026-01-07 10:49:00,Visitor,1
C002890,2026-01-07 10:50:00,Exit,1
C002891,2026-01-09 20:44:00,Visitor,1
C002891,2026-01-09 20:48:00,Exit,1
C002892,2026-01-11 10:09:00,Visitor,1
C002892,2026-01-11 10:10:00,Product View,1
C002892,2026-01-11 10:25:00,Add to Cart,1
C002892,2026-01-11 10:31:00,Purchase,1
C002892,2026-01-11 10:37:00,Exit,1
C002893,2026-01-08 13:04:00,Visitor,1
C002893,2026-01-08 13:11:00,Product View,1
C002893,2026-01-08 13:14:00,Add to Cart,1
C002893,2026-01-08 13:20:00,Purchase,1
C002893,2026-01-08 13:28:00,Exit,1
C002894,2026-01-04 10:02:00,Visitor,1
C002894,2026-01-04 10:17:00,Product View,1
C002894,2026-01-04 10:18:00,Exit,1
C002895,2026-01-03 09:55:00,Visitor,1
C002895,2026-01-03 09:57:00,Product View,1
C002895,2026-01-03 10:00:00,Add to Cart,1
C002895,2026-01-03 10:03:00,Product View,1
C002895,2026-01-03 10:07:00,Exit,1
C002896,2026-01-13 08:53:00,Visitor,1
C002896,2026-01-13 09:06:00,Exit,1
C002897,2026-01-04 19:47:00,Visitor,1
C002897,2026-01-04 19:52:00,Exit,1
C002898,2026-01-14 06:09:00,Visitor,1
C002898,2026-01-14 06:10:00,Product View,1
C002898,2026-01-14 06:13:00,Add to Cart,1
C002898,2026-01-14 06:14:00,Exit,1
C002899,2026-01-04 03:45:00,Visitor,1
C002899,2026-01-04 03:59:00,Exit,1
C002900,2026-01-12 15:32:00,Visitor,1
C002900,2026-01-12 15:36:00,Product View,1
C002900,2026-01-12 15:39:00,Exit,1
C002901,2026-01-10 05:28:00,Visitor,1
C002901,2026-01-10 05:32:00,Product View,1
C002901,2026-01-10 05:34:00,Product View,1
C002901,2026-01-10 05:37:00,Product View,1
C002901,2026-01-10 05:38:00,Exit,1
C002902,2026-01-05 11:59:00,Visitor,1
C002902,2026-01-05 12:11:00,Exit,1
C002903,2026-01-12 20:47:00,Visitor,1
C002903,2026-01-12 20:48:00,Product View,1
C002903,2026-01-12 20:52:00,Add to Cart,1
C002903,2026-01-12 20:53:00,Exit,1
C002904,2026-01-14 10:37:00,Visitor,1
C002904,2026-01-14 10:38:00,Exit,1
C002905,2026-01-07 04:46:00,Visitor,1
C002905,2026-01-07 04:54:00,Product View,1
C002905,2026-01-07 05:02:00,Exit,1
C002906,2026-01-05 09:27:00,Visitor,1
C002906,2026-01-05 09:28:00,Product View,1
C002906,2026-01-05 09:29:00,Exit,1
C002907,2026-01-08 16:29:00,Visitor,1
C002907,2026-01-08 16:31:00,Exit,1
C002908,2026-01-10 23:47:00,Visitor,1
C002908,2026-01-10 23:52:00,Exit,1
C002909,2026-01-14 06:56:00,Visitor,1
C002909,2026-01-14 07:01:00,Product View,1
C002909,2026-01-14 07:02:00,Add to Cart,1
C002909,2026-01-14 07:11:00,Purchase,1
C002909,2026-01-14 07:13:00,Exit,1
C002910,2026-01-01 23:26:00,Visitor,1
C002910,2026-01-01 23:27:00,Exit,1
C002911,2026-01-05 18:38:00,Visitor,1
C002911,2026-01-05 18:48:00,Exit,1
C002912,2026-01-11 01:34:00,Visitor,1
C002912,2026-01-11 01:41:00,Exit,1
C002913,2026-01-09 14:15:00,Visitor,1
C002913,2026-01-09 14:27:00,Exit,1
C002914,2026-01-07 06:42:00,Visitor,1
C002914,2026-01-07 06:46:00,Exit,1
C002915,2026-01-03 15:04:00,Visitor,1
C002915,2026-01-03 15:09:00,Product View,1
C002915,2026-01-03 15:24:00,Exit,1
C002916,2026-01-10 04:46:00,Visitor,1
C002916,2026-01-10 04:47:00,Product View,1
C002916,2026-01-10 04:52:00,Exit,1
C002917,2026-01-11 07:46:00,Visitor,1
C002917,2026-01-11 07:50:00,Exit,1
C002918,2026-01-05 12:28:00,Visitor,1
C002918,2026-01-05 12:32:00,Product View,1
C002918,2026-01-05 12:48:00,Add to Cart,1
C002918,2026-01-05 12:51:00,Purchase,1
C002918,2026-01-05 12:52:00,Exit,1
C002919,2026-01-08 06:11:00,Visitor,1
C002919,2026-01-08 06:21:00,Product View,1
C002919,2026-01-08 06:24:00,Product View,1
C002919,2026-01-08 06:25:00,Product View,1
C002919,2026-01-08 06:31:00,Exit,1
C002920,2026-01-11 21:34:00,Visitor,1
C002920,2026-01-11 21:35:00,Exit,1
C002921,2026-01-07 01:47:00,Visitor,1
C002921,2026-01-07 01:50:00,Exit,1
C002922,2026-01-08 02:58:00,Visitor,1
C002922,2026-01-08 03:05:00,Product View,1
C002922,2026-01-08 03:07:00,Exit,1
C002923,2026-01-04 21:30:00,Visitor,1
C002923,2026-01-04 21:32:00,Product View,1
C002923,2026-01-04 21:33:00,Add to Cart,1
C002923,2026-01-04 21:37:00,Purchase,1
C002923,2026-01-04 21:52:00,Repeat Purchase,1
C002923,2026-01-04 22:04:00,Exit,1
C002924,2026-01-10 00:50:00,Visitor,1
C002924,2026-01-10 00:57:00,Exit,1
C002925,2026-01-14 08:20:00,Visitor,1
C002925,2026-01-14 08:27:00,Exit,1
C002926,2026-01-04 20:49:00,Visitor,1
C002926,2026-01-04 21:05:00,Exit,1
C002927,2026-01-01 01:43:00,Visitor,1
C002927,2026-01-01 01:47:00,Product View,1
C002927,2026-01-01 01:50:00,Product View,1
C002927,2026-01-01 01:54:00,Exit,1
C002928,2026-01-03 12:09:00,Visitor,1
C002928,2026-01-03 12:14:00,Exit,1
C002929,2026-01-08 21:43:00,Visitor,1
C002929,2026-01-08 21:46:00,Exit,1
C002930,2026-01-05 02:05:00,Visitor,1
C002930,2026-01-05 02:17:00,Exit,1
C002931,2026-01-11 08:12:00,Visitor,1
C002931,2026-01-11 08:14:00,Product View,1
C002931,2026-01-11 08:22:00,Add to Cart,1
C002931,2026-01-11 08:23:00,Purchase,1
C002931,2026-01-11 08:27:00,Exit,1
C002932,2026-01-05 17:25:00,Visitor,1
C002932,2026-01-05 17:26:00,Product View,1
C002932,2026-01-05 17:28:00,Exit,1
C002933,2026-01-01 02:51:00,Visitor,1
C002933,2026-01-01 02:52:00,Product View,1
C002933,2026-01-01 02:54:00,Add to Cart,1
C002933,2026-01-01 02:59:00,Exit,1
C002934,2026-01-04 17:14:00,Visitor,1
C002934,2026-01-04 17:18:00,Product View,1
C002934,2026-01-04 17:20:00,Exit,1
C002935,2026-01-07 06:11:00,Visitor,1
C002935,2026-01-07 06:14:00,Exit,1
C002936,2026-01-05 01:40:00,Visitor,1
C002936,2026-01-05 01:47:00,Product View,1
C002936,2026-01-05 01:48:00,Exit,1
C002937,2026-01-07 03:38:00,Visitor,1
C002937,2026-01-07 03:52:00,Product View,1
C002937,2026-01-07 03:53:00,Add to Cart,1
C002937,2026-01-07 03:59:00,Exit,1
C002938,2026-01-06 21:16:00,Visitor,1
C002938,2026-01-06 21:17:00,Exit,1
C002939,2026-01-06 21:32:00,Visitor,1
C002939,2026-01-06 21:40:00,Product View,1
C002939,2026-01-06 21:45:00,Exit,1
C002940,2026-01-10 07:57:00,Visitor,1
C002940,2026-01-10 07:59:00,Exit,1
C002941,2026-01-12 10:12:00,Visitor,1
C002941,2026-01-12 10:20:00,Product View,1
C002941,2026-01-12 10:21:00,Add to Cart,1
C002941,2026-01-12 10:25:00,Exit,1
C002942,2026-01-10 04:06:00,Visitor,1
C002942,2026-01-10 04:12:00,Product View,1
C002942,2026-01-10 04:17:00,Add to Cart,1
C002942,2026-01-10 04:18:00,Purchase,1
C002942,2026-01-10 04:20:00,Exit,1
C002943,2026-01-02 08:07:00,Visitor,1
C002943,2026-01-02 08:08:00,Product View,1
C002943,2026-01-02 08:11:00,Product View,1
C002943,2026-01-02 08:14:00,Product View,1
C002943,2026-01-02 08:20:00,Exit,1
C002944,2026-01-14 23:43:00,Visitor,1
C002944,2026-01-14 23:53:00,Exit,1
C002945,2026-01-10 11:10:00,Visitor,1
C002945,2026-01-10 11:12:00,Exit,1
C002946,2026-01-06 19:44:00,Visitor,1
C002946,2026-01-06 19:48:00,Product View,1
C002946,2026-01-06 19:50:00,Exit,1
C002947,2026-01-13 19:11:00,Visitor,1
C002947,2026-01-13 19:13:00,Product View,1
C002947,2026-01-13 19:23:00,Exit,1
C002948,2026-01-14 08:41:00,Visitor,1
C002948,2026-01-14 08:51:00,Product View,1
C002948,2026-01-14 08:58:00,Exit,1
C002949,2026-01-09 03:45:00,Visitor,1
C002949,2026-01-09 03:52:00,Product View,1
C002949,2026-01-09 04:05:00,Product View,1
C002949,2026-01-09 04:07:00,Exit,1
C002950,2026-01-02 17:56:00,Visitor,1
C002950,2026-01-02 18:02:00,Exit,1
C002951,2026-01-13 18:41:00,Visitor,1
C002951,2026-01-13 18:42:00,Exit,1
C002952,2026-01-09 23:44:00,Visitor,1
C002952,2026-01-09 23:46:00,Exit,1
C002953,2026-01-04 06:59:00,Visitor,1
C002953,2026-01-04 07:00:00,Product View,1
C002953,2026-01-04 07:01:00,Product View,1
C002953,2026-01-04 07:02:00,Add to Cart,1
C002953,2026-01-04 07:04:00,Exit,1
C002954,2026-01-11 08:18:00,Visitor,1
C002954,2026-01-11 08:19:00,Product View,1
C002954,2026-01-11 08:23:00,Add to Cart,1
C002954,2026-01-11 08:25:00,Purchase,1
C002954,2026-01-11 08:26:00,Exit,1
C002955,2026-01-01 19:23:00,Visitor,1
C002955,2026-01-01 19:28:00,Exit,1
C002956,2026-01-07 10:10:00,Visitor,1
C002956,2026-01-07 10:17:00,Product View,1
C002956,2026-01-07 10:19:00,Exit,1
C002957,2026-01-14 06:56:00,Visitor,1
C002957,2026-01-14 07:08:00,Product View,1
C002957,2026-01-14 07:09:00,Exit,1
C002958,2026-01-10 20:36:00,Visitor,1
C002958,2026-01-10 20:46:00,Exit,1
C002959,2026-01-06 07:59:00,Visitor,1
C002959,2026-01-06 08:07:00,Exit,1
C002960,2026-01-11 20:02:00,Visitor,1
C002960,2026-01-11 20:04:00,Product View,1
C002960,2026-01-11 20:07:00,Add to Cart,1
C002960,2026-01-11 20:31:00,Exit,1
C002961,2026-01-02 07:38:00,Visitor,1
C002961,2026-01-02 07:40:00,Product View,1
C002961,2026-01-02 07:46:00,Add to Cart,1
C002961,2026-01-02 07:47:00,Purchase,1
C002961,2026-01-02 07:48:00,Exit,1
C002962,2026-01-02 23:09:00,Visitor,1
C002962,2026-01-02 23:13:00,Product View,1
C002962,2026-01-02 23:19:00,Add to Cart,1
C002962,2026-01-02 23:22:00,Exit,1
C002963,2026-01-11 22:06:00,Visitor,1
C002963,2026-01-11 22:07:00,Product View,1
C002963,2026-01-11 22:10:00,Exit,1
C002964,2026-01-13 18:49:00,Visitor,1
C002964,2026-01-13 18:52:00,Product View,1
C002964,2026-01-13 18:57:00,Add to Cart,1
C002964,2026-01-13 18:58:00,Purchase,1
C002964,2026-01-13 19:00:00,Exit,1
C002965,2026-01-09 21:49:00,Visitor,1
C002965,2026-01-09 21:50:00,Product View,1
C002965,2026-01-09 21:56:00,Add to Cart,1
C002965,2026-01-09 21:59:00,Purchase,1
C002965,2026-01-09 22:02:00,Repeat Purchase,1
C002965,2026-01-09 22:06:00,Loyal Customer,1
C002965,2026-01-09 22:13:00,Loyal Customer,1
C002965,2026-01-09 22:19:00,Loyal Customer,1
C002965,2026-01-09 22:21:00,Loyal Customer,1
C002965,2026-01-09 22:24:00,Loyal Customer,1
C002965,2026-01-09 22:27:00,Loyal Customer,1
C002965,2026-01-09 22:35:00,Exit,1
C002966,2026-01-13 13:46:00,Visitor,1
C002966,2026-01-13 13:47:00,Product View,1
C002966,2026-01-13 13:49:00,Exit,1
C002967,2026-01-02 03:25:00,Visitor,1
C002967,2026-01-02 03:27:00,Product View,1
C002967,2026-01-02 03:28:00,Add to Cart,1
C002967,2026-01-02 03:29:00,Exit,1
C002968,2026-01-05 02:41:00,Visitor,1
C002968,2026-01-05 02:48:00,Product View,1
C002968,2026-01-05 02:49:00,Exit,1
C002969,2026-01-08 12:42:00,Visitor,1
C002969,2026-01-08 12:43:00,Exit,1
C002970,2026-01-03 12:54:00,Visitor,1
C002970,2026-01-03 13:00:00,Product View,1
C002970,2026-01-03 13:03:00,Exit,1
C002971,2026-01-14 12:29:00,Visitor,1
C002971,2026-01-14 12:31:00,Product View,1
C002971,2026-01-14 12:35:00,Exit,1
C002972,2026-01-03 06:36:00,Visitor,1
C002972,2026-01-03 06:45:00,Product View,1
C002972,2026-01-03 06:48:00,Add to Cart,1
C002972,2026-01-03 06:50:00,Product View,1
C002972,2026-01-03 06:56:00,Exit,1
C002973,2026-01-05 02:40:00,Visitor,1
C002973,2026-01-05 02:47:00,Exit,1
C002974,2026-01-02 00:14:00,Visitor,1
C002974,2026-01-02 00:20:00,Product View,1
C002974,2026-01-02 00:30:00,Add to Cart,1
C002974,2026-01-02 00:32:00,Purchase,1
C002974,2026-01-02 00:34:00,Exit,1
C002975,2026-01-08 15:15:00,Visitor,1
C002975,2026-01-08 15:23:00,Product View,1
C002975,2026-01-08 15:25:00,Exit,1
C002976,2026-01-14 15:26:00,Visitor,1
C002976,2026-01-14 15:39:00,Product View,1
C002976,2026-01-14 15:45:00,Exit,1
C002977,2026-01-06 23:56:00,Visitor,1
C002977,2026-01-07 00:03:00,Product View,1
C002977,2026-01-07 00:06:00,Add to Cart,1
C002977,2026-01-07 00:08:00,Exit,1
C002978,2026-01-08 07:29:00,Visitor,1
C002978,2026-01-08 07:33:00,Product View,1
C002978,2026-01-08 07:36:00,Add to Cart,1
C002978,2026-01-08 07:40:00,Purchase,1
C002978,2026-01-08 07:41:00,Exit,1
C002979,2026-01-10 16:12:00,Visitor,1
C002979,2026-01-10 16:15:00,Product View,1
C002979,2026-01-10 16:21:00,Exit,1
C002980,2026-01-12 09:44:00,Visitor,1
C002980,2026-01-12 09:45:00,Product View,1
C002980,2026-01-12 09:46:00,Exit,1
C002981,2026-01-01 05:36:00,Visitor,1
C002981,2026-01-01 05:43:00,Product View,1
C002981,2026-01-01 05:46:00,Exit,1
C002982,2026-01-14 22:24:00,Visitor,1
C002982,2026-01-14 22:25:00,Product View,1
C002982,2026-01-14 22:26:00,Exit,1
C002983,2026-01-13 10:04:00,Visitor,1
C002983,2026-01-13 10:07:00,Product View,1
C002983,2026-01-13 10:11:00,Exit,1
C002984,2026-01-08 00:39:00,Visitor,1
C002984,2026-01-08 00:42:00,Product View,1
C002984,2026-01-08 00:44:00,Add to Cart,1
C002984,2026-01-08 00:45:00,Exit,1
C002985,2026-01-06 04:00:00,Visitor,1
C002985,2026-01-06 04:01:00,Product View,1
C002985,2026-01-06 04:05:00,Exit,1
C002986,2026-01-06 04:48:00,Visitor,1
C002986,2026-01-06 04:52:00,Exit,1
C002987,2026-01-09 11:51:00,Visitor,1
C002987,2026-01-09 11:56:00,Exit,1
C002988,2026-01-10 13:38:00,Visitor,1
C002988,2026-01-10 13:43:00,Exit,1
C002989,2026-01-03 16:12:00,Visitor,1
C002989,2026-01-03 16:14:00,Product View,1
C002989,2026-01-03 16:21:00,Add to Cart,1
C002989,2026-01-03 16:25:00,Exit,1
C002990,2026-01-05 00:29:00,Visitor,1
C002990,2026-01-05 00:30:00,Product View,1
C002990,2026-01-05 00:31:00,Product View,1
C002990,2026-01-05 00:32:00,Add to Cart,1
C002990,2026-01-05 00:34:00,Exit,1
C002991,2026-01-10 00:58:00,Visitor,1
C002991,2026-01-10 01:03:00,Product View,1
C002991,2026-01-10 01:10:00,Add to Cart,1
C002991,2026-01-10 01:13:00,Purchase,1
C002991,2026-01-10 01:15:00,Exit,1
C002992,2026-01-12 22:21:00,Visitor,1
C002992,2026-01-12 22:25:00,Product View,1
C002992,2026-01-12 22:31:00,Add to Cart,1
C002992,2026-01-12 22:38:00,Purchase,1
C002992,2026-01-12 22:44:00,Repeat Purchase,1
C002992,2026-01-12 22:48:00,Loyal Customer,1
C002992,2026-01-12 22:51:00,Loyal Customer,1
C002992,2026-01-12 22:54:00,Loyal Customer,1
C002992,2026-01-12 22:57:00,Loyal Customer,1
C002992,2026-01-12 22:58:00,Loyal Customer,1
C002992,2026-01-12 23:14:00,Loyal Customer,1
C002992,2026-01-12 23:19:00,Loyal Customer,1
C002992,2026-01-12 23:22:00,Loyal Customer,1
C002992,2026-01-12 23:24:00,Exit,1
C002993,2026-01-09 02:24:00,Visitor,1
C002993,2026-01-09 02:27:00,Product View,1
C002993,2026-01-09 02:29:00,Add to Cart,1
C002993,2026-01-09 02:31:00,Purchase,1
C002993,2026-01-09 02:42:00,Repeat Purchase,1
C002993,2026-01-09 02:45:00,Exit,1
C002994,2026-01-13 13:27:00,Visitor,1
C002994,2026-01-13 13:28:00,Exit,1
C002995,2026-01-02 11:50:00,Visitor,1
C002995,2026-01-02 11:52:00,Exit,1
C002996,2026-01-06 13:01:00,Visitor,1
C002996,2026-01-06 13:20:00,Product View,1
C002996,2026-01-06 13:31:00,Add to Cart,1
C002996,2026-01-06 13:35:00,Exit,1
C002997,2026-01-14 10:27:00,Visitor,1
C002997,2026-01-14 10:30:00,Product View,1
C002997,2026-01-14 10:33:00,Exit,1
C002998,2026-01-08 23:55:00,Visitor,1
C002998,2026-01-09 00:02:00,Exit,1
C002999,2026-01-12 08:22:00,Visitor,1
C002999,2026-01-12 08:23:00,Product View,1
C002999,2026-01-12 08:26:00,Add to Cart,1
C002999,2026-01-12 08:29:00,Purchase,1
C002999,2026-01-12 08:30:00,Exit,1
C003000,2026-02-01 07:57:00,Visitor,2
C003000,2026-02-01 08:00:00,Product View,2
C003000,2026-02-01 08:02:00,Exit,2
C003001,2026-02-13 13:45:00,Visitor,2
C003001,2026-02-13 13:48:00,Exit,2
C003002,2026-02-13 15:08:00,Visitor,2
C003002,2026-02-13 15:11:00,Product View,2
C003002,2026-02-13 15:14:00,Exit,2
C003003,2026-02-06 14:18:00,Visitor,2
C003003,2026-02-06 14:19:00,Exit,2
C003004,2026-02-08 09:45:00,Visitor,2
C003004,2026-02-08 09:48:00,Exit,2
C003005,2026-02-03 07:27:00,Visitor,2
C003005,2026-02-03 07:36:00,Product View,2
C003005,2026-02-03 07:37:00,Exit,2
C003006,2026-02-03 00:14:00,Visitor,2
C003006,2026-02-03 00:15:00,Exit,2
C003007,2026-02-01 08:02:00,Visitor,2
C003007,2026-02-01 08:05:00,Product View,2
C003007,2026-02-01 08:06:00,Exit,2
C003008,2026-02-06 19:17:00,Visitor,2
C003008,2026-02-06 19:28:00,Product View,2
C003008,2026-02-06 19:30:00,Product View,2
C003008,2026-02-06 19:33:00,Exit,2
C003009,2026-02-02 22:42:00,Visitor,2
C003009,2026-02-02 22:49:00,Product View,2
C003009,2026-02-02 22:57:00,Exit,2
C003010,2026-02-14 06:38:00,Visitor,2
C003010,2026-02-14 06:41:00,Exit,2
C003011,2026-02-12 11:07:00,Visitor,2
C003011,2026-02-12 11:08:00,Product View,2
C003011,2026-02-12 11:12:00,Exit,2
C003012,2026-02-05 04:51:00,Visitor,2
C003012,2026-02-05 05:03:00,Exit,2
C003013,2026-02-05 10:12:00,Visitor,2
C003013,2026-02-05 10:13:00,Product View,2
C003013,2026-02-05 10:18:00,Add to Cart,2
C003013,2026-02-05 10:20:00,Product View,2
C003013,2026-02-05 10:27:00,Exit,2
C003014,2026-02-01 10:33:00,Visitor,2
C003014,2026-02-01 10:43:00,Exit,2
C003015,2026-02-09 03:40:00,Visitor,2
C003015,2026-02-09 03:43:00,Product View,2
C003015,2026-02-09 03:54:00,Exit,2
C003016,2026-02-09 07:22:00,Visitor,2
C003016,2026-02-09 07:35:00,Exit,2
C003017,2026-02-09 04:15:00,Visitor,2
C003017,2026-02-09 04:16:00,Exit,2
C003018,2026-02-06 10:31:00,Visitor,2
C003018,2026-02-06 10:37:00,Product View,2
C003018,2026-02-06 10:40:00,Exit,2
C003019,2026-02-01 04:36:00,Visitor,2
C003019,2026-02-01 04:37:00,Product View,2
C003019,2026-02-01 04:43:00,Add to Cart,2
C003019,2026-02-01 04:45:00,Exit,2
C003020,2026-02-10 20:01:00,Visitor,2
C003020,2026-02-10 20:05:00,Exit,2
C003021,2026-02-04 16:15:00,Visitor,2
C003021,2026-02-04 16:19:00,Exit,2
C003022,2026-02-08 18:03:00,Visitor,2
C003022,2026-02-08 18:12:00,Product View,2
C003022,2026-02-08 18:19:00,Product View,2
C003022,2026-02-08 18:29:00,Exit,2
C003023,2026-02-08 03:08:00,Visitor,2
C003023,2026-02-08 03:09:00,Product View,2
C003023,2026-02-08 03:16:00,Exit,2
C003024,2026-02-14 09:09:00,Visitor,2
C003024,2026-02-14 09:23:00,Exit,2
C003025,2026-02-08 02:17:00,Visitor,2
C003025,2026-02-08 02:23:00,Product View,2
C003025,2026-02-08 02:25:00,Add to Cart,2
C003025,2026-02-08 02:29:00,Exit,2
C003026,2026-02-11 21:47:00,Visitor,2
C003026,2026-02-11 21:54:00,Product View,2
C003026,2026-02-11 21:55:00,Add to Cart,2
C003026,2026-02-11 22:00:00,Exit,2
C003027,2026-02-10 03:15:00,Visitor,2
C003027,2026-02-10 03:22:00,Exit,2
C003028,2026-02-10 22:34:00,Visitor,2
C003028,2026-02-10 22:35:00,Exit,2
C003029,2026-02-02 17:57:00,Visitor,2
C003029,2026-02-02 18:03:00,Product View,2
C003029,2026-02-02 18:21:00,Exit,2
C003030,2026-02-11 12:34:00,Visitor,2
C003030,2026-02-11 12:36:00,Product View,2
C003030,2026-02-11 12:38:00,Exit,2
C003031,2026-02-01 02:44:00,Visitor,2
C003031,2026-02-01 02:48:00,Product View,2
C003031,2026-02-01 02:49:00,Exit,2
C003032,2026-02-13 09:05:00,Visitor,2
C003032,2026-02-13 09:24:00,Exit,2
C003033,2026-02-07 10:47:00,Visitor,2
C003033,2026-02-07 11:00:00,Exit,2
C003034,2026-02-07 19:57:00,Visitor,2
C003034,2026-02-07 20:03:00,Exit,2
C003035,2026-02-06 08:36:00,Visitor,2
C003035,2026-02-06 08:37:00,Product View,2
C003035,2026-02-06 08:38:00,Exit,2
C003036,2026-02-10 11:45:00,Visitor,2
C003036,2026-02-10 11:47:00,Exit,2
C003037,2026-02-11 15:13:00,Visitor,2
C003037,2026-02-11 15:26:00,Product View,2
C003037,2026-02-11 15:27:00,Exit,2
C003038,2026-02-12 15:29:00,Visitor,2
C003038,2026-02-12 15:31:00,Exit,2
C003039,2026-02-09 05:17:00,Visitor,2
C003039,2026-02-09 05:21:00,Product View,2
C003039,2026-02-09 05:22:00,Exit,2
C003040,2026-02-04 11:17:00,Visitor,2
C003040,2026-02-04 11:27:00,Product View,2
C003040,2026-02-04 11:35:00,Product View,2
C003040,2026-02-04 11:43:00,Add to Cart,2
C003040,2026-02-04 11:52:00,Purchase,2
C003040,2026-02-04 11:58:00,Repeat Purchase,2
C003040,2026-02-04 12:02:00,Exit,2
C003041,2026-02-01 20:00:00,Visitor,2
C003041,2026-02-01 20:02:00,Exit,2
C003042,2026-02-05 02:33:00,Visitor,2
C003042,2026-02-05 02:35:00,Exit,2
C003043,2026-02-10 00:10:00,Visitor,2
C003043,2026-02-10 00:12:00,Product View,2
C003043,2026-02-10 00:25:00,Exit,2
C003044,2026-02-04 19:38:00,Visitor,2
C003044,2026-02-04 19:39:00,Product View,2
C003044,2026-02-04 19:40:00,Add to Cart,2
C003044,2026-02-04 19:49:00,Product View,2
C003044,2026-02-04 19:53:00,Exit,2
C003045,2026-02-07 05:58:00,Visitor,2
C003045,2026-02-07 06:01:00,Exit,2
C003046,2026-02-08 11:57:00,Visitor,2
C003046,2026-02-08 11:59:00,Product View,2
C003046,2026-02-08 12:02:00,Exit,2
C003047,2026-02-08 02:39:00,Visitor,2
C003047,2026-02-08 02:43:00,Product View,2
C003047,2026-02-08 02:44:00,Add to Cart,2
C003047,2026-02-08 02:46:00,Exit,2
C003048,2026-02-03 13:51:00,Visitor,2
C003048,2026-02-03 13:53:00,Product View,2
C003048,2026-02-03 13:55:00,Add to Cart,2
C003048,2026-02-03 14:05:00,Exit,2
C003049,2026-02-09 09:49:00,Visitor,2
C003049,2026-02-09 09:55:00,Exit,2
C003050,2026-02-07 20:27:00,Visitor,2
C003050,2026-02-07 20:32:00,Exit,2
C003051,2026-02-11 12:43:00,Visitor,2
C003051,2026-02-11 12:47:00,Product View,2
C003051,2026-02-11 12:50:00,Add to Cart,2
C003051,2026-02-11 12:53:00,Exit,2
C003052,2026-02-06 23:07:00,Visitor,2
C003052,2026-02-06 23:14:00,Product View,2
C003052,2026-02-06 23:21:00,Exit,2
C003053,2026-02-02 05:29:00,Visitor,2
C003053,2026-02-02 05:31:00,Exit,2
C003054,2026-02-12 21:06:00,Visitor,2
C003054,2026-02-12 21:12:00,Exit,2
C003055,2026-02-12 15:43:00,Visitor,2
C003055,2026-02-12 15:45:00,Exit,2
C003056,2026-02-05 13:05:00,Visitor,2
C003056,2026-02-05 13:08:00,Product View,2
C003056,2026-02-05 13:10:00,Exit,2
C003057,2026-02-13 08:58:00,Visitor,2
C003057,2026-02-13 09:03:00,Product View,2
C003057,2026-02-13 09:05:00,Exit,2
C003058,2026-02-10 15:27:00,Visitor,2
C003058,2026-02-10 15:30:00,Exit,2
C003059,2026-02-04 06:30:00,Visitor,2
C003059,2026-02-04 06:32:00,Exit,2
C003060,2026-02-05 08:34:00,Visitor,2
C003060,2026-02-05 08:36:00,Exit,2
C003061,2026-02-01 22:23:00,Visitor,2
C003061,2026-02-01 22:24:00,Exit,2
C003062,2026-02-02 04:12:00,Visitor,2
C003062,2026-02-02 04:17:00,Product View,2
C003062,2026-02-02 04:38:00,Add to Cart,2
C003062,2026-02-02 04:45:00,Purchase,2
C003062,2026-02-02 04:53:00,Exit,2
C003063,2026-02-11 19:32:00,Visitor,2
C003063,2026-02-11 19:42:00,Product View,2
C003063,2026-02-11 19:44:00,Exit,2
C003064,2026-02-06 07:53:00,Visitor,2
C003064,2026-02-06 07:54:00,Product View,2
C003064,2026-02-06 08:04:00,Exit,2
C003065,2026-02-11 15:41:00,Visitor,2
C003065,2026-02-11 15:53:00,Exit,2
C003066,2026-02-06 13:01:00,Visitor,2
C003066,2026-02-06 13:04:00,Exit,2
C003067,2026-02-14 09:44:00,Visitor,2
C003067,2026-02-14 09:46:00,Product View,2
C003067,2026-02-14 09:47:00,Exit,2
C003068,2026-02-08 13:04:00,Visitor,2
C003068,2026-02-08 13:06:00,Product View,2
C003068,2026-02-08 13:09:00,Product View,2
C003068,2026-02-08 13:16:00,Exit,2
C003069,2026-02-09 16:02:00,Visitor,2
C003069,2026-02-09 16:07:00,Product View,2
C003069,2026-02-09 16:08:00,Exit,2
C003070,2026-02-01 18:53:00,Visitor,2
C003070,2026-02-01 19:06:00,Exit,2
C003071,2026-02-12 04:47:00,Visitor,2
C003071,2026-02-12 04:48:00,Product View,2
C003071,2026-02-12 04:51:00,Product View,2
C003071,2026-02-12 04:53:00,Exit,2
C003072,2026-02-07 21:56:00,Visitor,2
C003072,2026-02-07 22:02:00,Exit,2
C003073,2026-02-02 17:45:00,Visitor,2
C003073,2026-02-02 17:47:00,Exit,2
C003074,2026-02-13 23:07:00,Visitor,2
C003074,2026-02-13 23:11:00,Product View,2
C003074,2026-02-13 23:20:00,Exit,2
C003075,2026-02-01 14:51:00,Visitor,2
C003075,2026-02-01 14:58:00,Product View,2
C003075,2026-02-01 15:00:00,Exit,2
C003076,2026-02-08 13:13:00,Visitor,2
C003076,2026-02-08 13:16:00,Exit,2
C003077,2026-02-04 17:46:00,Visitor,2
C003077,2026-02-04 17:54:00,Exit,2
C003078,2026-02-11 12:11:00,Visitor,2
C003078,2026-02-11 12:12:00,Exit,2
C003079,2026-02-13 20:34:00,Visitor,2
C003079,2026-02-13 20:39:00,Product View,2
C003079,2026-02-13 20:42:00,Add to Cart,2
C003079,2026-02-13 20:43:00,Purchase,2
C003079,2026-02-13 20:44:00,Repeat Purchase,2
C003079,2026-02-13 20:45:00,Exit,2
C003080,2026-02-03 04:39:00,Visitor,2
C003080,2026-02-03 04:46:00,Product View,2
C003080,2026-02-03 04:51:00,Exit,2
C003081,2026-02-11 15:27:00,Visitor,2
C003081,2026-02-11 15:30:00,Product View,2
C003081,2026-02-11 15:36:00,Exit,2
C003082,2026-02-12 23:58:00,Visitor,2
C003082,2026-02-13 00:02:00,Product View,2
C003082,2026-02-13 00:06:00,Exit,2
C003083,2026-02-06 01:41:00,Visitor,2
C003083,2026-02-06 01:43:00,Product View,2
C003083,2026-02-06 01:45:00,Product View,2
C003083,2026-02-06 01:46:00,Exit,2
C003084,2026-02-02 20:58:00,Visitor,2
C003084,2026-02-02 21:08:00,Product View,2
C003084,2026-02-02 21:09:00,Exit,2
C003085,2026-02-05 20:21:00,Visitor,2
C003085,2026-02-05 20:25:00,Product View,2
C003085,2026-02-05 20:26:00,Exit,2
C003086,2026-02-12 07:08:00,Visitor,2
C003086,2026-02-12 07:11:00,Product View,2
C003086,2026-02-12 07:12:00,Exit,2
C003087,2026-02-09 02:16:00,Visitor,2
C003087,2026-02-09 02:18:00,Exit,2
C003088,2026-02-09 16:54:00,Visitor,2
C003088,2026-02-09 16:55:00,Exit,2
C003089,2026-02-01 09:07:00,Visitor,2
C003089,2026-02-01 09:11:00,Product View,2
C003089,2026-02-01 09:19:00,Add to Cart,2
C003089,2026-02-01 09:24:00,Exit,2
C003090,2026-02-04 23:29:00,Visitor,2
C003090,2026-02-04 23:34:00,Exit,2
C003091,2026-02-13 09:04:00,Visitor,2
C003091,2026-02-13 09:10:00,Product View,2
C003091,2026-02-13 09:16:00,Exit,2
C003092,2026-02-07 16:12:00,Visitor,2
C003092,2026-02-07 16:14:00,Product View,2
C003092,2026-02-07 16:18:00,Exit,2
C003093,2026-02-02 03:15:00,Visitor,2
C003093,2026-02-02 03:20:00,Product View,2
C003093,2026-02-02 03:31:00,Add to Cart,2
C003093,2026-02-02 03:33:00,Purchase,2
C003093,2026-02-02 03:35:00,Repeat Purchase,2
C003093,2026-02-02 03:36:00,Loyal Customer,2
C003093,2026-02-02 03:39:00,Loyal Customer,2
C003093,2026-02-02 03:41:00,Loyal Customer,2
C003093,2026-02-02 03:42:00,Exit,2
C003094,2026-02-10 18:50:00,Visitor,2
C003094,2026-02-10 18:55:00,Product View,2
C003094,2026-02-10 18:58:00,Add to Cart,2
C003094,2026-02-10 19:03:00,Purchase,2
C003094,2026-02-10 19:04:00,Exit,2
C003095,2026-02-08 23:49:00,Visitor,2
C003095,2026-02-08 23:55:00,Product View,2
C003095,2026-02-09 00:01:00,Add to Cart,2
C003095,2026-02-09 00:04:00,Purchase,2
C003095,2026-02-09 00:09:00,Exit,2
C003096,2026-02-03 10:46:00,Visitor,2
C003096,2026-02-03 10:48:00,Product View,2
C003096,2026-02-03 10:54:00,Exit,2
C003097,2026-02-05 22:54:00,Visitor,2
C003097,2026-02-05 23:00:00,Exit,2
C003098,2026-02-02 11:23:00,Visitor,2
C003098,2026-02-02 11:24:00,Product View,2
C003098,2026-02-02 11:35:00,Exit,2
C003099,2026-02-01 07:41:00,Visitor,2
C003099,2026-02-01 07:52:00,Product View,2
C003099,2026-02-01 07:53:00,Exit,2
C003100,2026-02-14 10:45:00,Visitor,2
C003100,2026-02-14 10:49:00,Product View,2
C003100,2026-02-14 10:51:00,Product View,2
C003100,2026-02-14 11:09:00,Add to Cart,2
C003100,2026-02-14 11:19:00,Purchase,2
C003100,2026-02-14 11:20:00,Exit,2
C003101,2026-02-11 18:57:00,Visitor,2
C003101,2026-02-11 19:02:00,Exit,2
C003102,2026-02-03 06:20:00,Visitor,2
C003102,2026-02-03 06:28:00,Exit,2
C003103,2026-02-11 13:59:00,Visitor,2
C003103,2026-02-11 14:01:00,Exit,2
C003104,2026-02-02 10:59:00,Visitor,2
C003104,2026-02-02 11:02:00,Product View,2
C003104,2026-02-02 11:05:00,Exit,2
C003105,2026-02-14 23:00:00,Visitor,2
C003105,2026-02-14 23:02:00,Exit,2
C003106,2026-02-03 04:57:00,Visitor,2
C003106,2026-02-03 05:05:00,Exit,2
C003107,2026-02-04 11:19:00,Visitor,2
C003107,2026-02-04 11:20:00,Exit,2
C003108,2026-02-10 23:47:00,Visitor,2
C003108,2026-02-10 23:48:00,Exit,2
C003109,2026-02-08 05:02:00,Visitor,2
C003109,2026-02-08 05:05:00,Product View,2
C003109,2026-02-08 05:06:00,Exit,2
C003110,2026-02-01 02:49:00,Visitor,2
C003110,2026-02-01 02:53:00,Exit,2
C003111,2026-02-05 15:13:00,Visitor,2
C003111,2026-02-05 15:15:00,Exit,2
C003112,2026-02-04 00:00:00,Visitor,2
C003112,2026-02-04 00:12:00,Exit,2
C003113,2026-02-04 02:13:00,Visitor,2
C003113,2026-02-04 02:14:00,Exit,2
C003114,2026-02-04 00:42:00,Visitor,2
C003114,2026-02-04 00:43:00,Product View,2
C003114,2026-02-04 00:45:00,Exit,2
C003115,2026-02-12 08:05:00,Visitor,2
C003115,2026-02-12 08:08:00,Product View,2
C003115,2026-02-12 08:10:00,Exit,2
C003116,2026-02-11 12:20:00,Visitor,2
C003116,2026-02-11 12:35:00,Product View,2
C003116,2026-02-11 12:36:00,Exit,2
C003117,2026-02-13 03:30:00,Visitor,2
C003117,2026-02-13 03:33:00,Exit,2
C003118,2026-02-05 04:23:00,Visitor,2
C003118,2026-02-05 04:24:00,Product View,2
C003118,2026-02-05 04:28:00,Product View,2
C003118,2026-02-05 04:29:00,Add to Cart,2
C003118,2026-02-05 04:33:00,Purchase,2
C003118,2026-02-05 04:35:00,Repeat Purchase,2
C003118,2026-02-05 04:36:00,Exit,2
C003119,2026-02-13 01:18:00,Visitor,2
C003119,2026-02-13 01:28:00,Exit,2
C003120,2026-02-02 05:38:00,Visitor,2
C003120,2026-02-02 05:44:00,Exit,2
C003121,2026-02-09 07:29:00,Visitor,2
C003121,2026-02-09 07:34:00,Product View,2
C003121,2026-02-09 07:50:00,Product View,2
C003121,2026-02-09 07:53:00,Exit,2
C003122,2026-02-07 17:19:00,Visitor,2
C003122,2026-02-07 17:23:00,Exit,2
C003123,2026-02-01 14:34:00,Visitor,2
C003123,2026-02-01 14:37:00,Product View,2
C003123,2026-02-01 14:43:00,Add to Cart,2
C003123,2026-02-01 14:52:00,Exit,2
C003124,2026-02-08 05:34:00,Visitor,2
C003124,2026-02-08 05:36:00,Product View,2
C003124,2026-02-08 05:38:00,Exit,2
C003125,2026-02-09 12:28:00,Visitor,2
C003125,2026-02-09 12:33:00,Product View,2
C003125,2026-02-09 12:34:00,Add to Cart,2
C003125,2026-02-09 12:37:00,Product View,2
C003125,2026-02-09 12:39:00,Exit,2
C003126,2026-02-06 20:55:00,Visitor,2
C003126,2026-02-06 20:56:00,Product View,2
C003126,2026-02-06 21:01:00,Exit,2
C003127,2026-02-06 21:20:00,Visitor,2
C003127,2026-02-06 21:27:00,Exit,2
C003128,2026-02-05 13:17:00,Visitor,2
C003128,2026-02-05 13:31:00,Exit,2
C003129,2026-02-13 03:44:00,Visitor,2
C003129,2026-02-13 03:46:00,Product View,2
C003129,2026-02-13 03:57:00,Exit,2
C003130,2026-02-04 05:55:00,Visitor,2
C003130,2026-02-04 05:58:00,Product View,2
C003130,2026-02-04 06:05:00,Exit,2
C003131,2026-02-07 13:58:00,Visitor,2
C003131,2026-02-07 14:07:00,Product View,2
C003131,2026-02-07 14:08:00,Add to Cart,2
C003131,2026-02-07 14:10:00,Purchase,2
C003131,2026-02-07 14:11:00,Repeat Purchase,2
C003131,2026-02-07 14:12:00,Exit,2
C003132,2026-02-07 04:30:00,Visitor,2
C003132,2026-02-07 04:31:00,Product View,2
C003132,2026-02-07 04:46:00,Exit,2
C003133,2026-02-11 13:28:00,Visitor,2
C003133,2026-02-11 13:34:00,Exit,2
C003134,2026-02-12 21:18:00,Visitor,2
C003134,2026-02-12 21:19:00,Product View,2
C003134,2026-02-12 21:24:00,Exit,2
C003135,2026-02-11 08:34:00,Visitor,2
C003135,2026-02-11 08:36:00,Exit,2
C003136,2026-02-03 19:16:00,Visitor,2
C003136,2026-02-03 19:18:00,Exit,2
C003137,2026-02-02 03:09:00,Visitor,2
C003137,2026-02-02 03:11:00,Exit,2
C003138,2026-02-03 12:30:00,Visitor,2
C003138,2026-02-03 12:31:00,Exit,2
C003139,2026-02-12 20:37:00,Visitor,2
C003139,2026-02-12 20:41:00,Product View,2
C003139,2026-02-12 20:42:00,Add to Cart,2
C003139,2026-02-12 20:43:00,Purchase,2
C003139,2026-02-12 20:45:00,Exit,2
C003140,2026-02-09 22:27:00,Visitor,2
C003140,2026-02-09 22:28:00,Product View,2
C003140,2026-02-09 22:34:00,Exit,2
C003141,2026-02-07 00:03:00,Visitor,2
C003141,2026-02-07 00:04:00,Product View,2
C003141,2026-02-07 00:13:00,Product View,2
C003141,2026-02-07 00:34:00,Add to Cart,2
C003141,2026-02-07 00:35:00,Purchase,2
C003141,2026-02-07 00:46:00,Exit,2
C003142,2026-02-02 06:17:00,Visitor,2
C003142,2026-02-02 06:21:00,Product View,2
C003142,2026-02-02 06:22:00,Add to Cart,2
C003142,2026-02-02 06:23:00,Purchase,2
C003142,2026-02-02 06:26:00,Exit,2
C003143,2026-02-07 17:21:00,Visitor,2
C003143,2026-02-07 17:23:00,Product View,2
C003143,2026-02-07 17:25:00,Exit,2
C003144,2026-02-07 00:23:00,Visitor,2
C003144,2026-02-07 00:35:00,Product View,2
C003144,2026-02-07 00:42:00,Exit,2
C003145,2026-02-08 19:33:00,Visitor,2
C003145,2026-02-08 19:38:00,Product View,2
C003145,2026-02-08 19:41:00,Add to Cart,2
C003145,2026-02-08 19:48:00,Exit,2
C003146,2026-02-11 10:15:00,Visitor,2
C003146,2026-02-11 10:20:00,Product View,2
C003146,2026-02-11 10:26:00,Add to Cart,2
C003146,2026-02-11 10:27:00,Exit,2
C003147,2026-02-06 20:45:00,Visitor,2
C003147,2026-02-06 20:53:00,Product View,2
C003147,2026-02-06 20:54:00,Exit,2
C003148,2026-02-13 21:42:00,Visitor,2
C003148,2026-02-13 21:53:00,Product View,2
C003148,2026-02-13 21:55:00,Exit,2
C003149,2026-02-08 20:55:00,Visitor,2
C003149,2026-02-08 20:56:00,Exit,2
C003150,2026-02-12 06:26:00,Visitor,2
C003150,2026-02-12 06:30:00,Exit,2
C003151,2026-02-02 21:51:00,Visitor,2
C003151,2026-02-02 22:00:00,Product View,2
C003151,2026-02-02 22:05:00,Exit,2
C003152,2026-02-10 09:25:00,Visitor,2
C003152,2026-02-10 09:31:00,Product View,2
C003152,2026-02-10 09:34:00,Add to Cart,2
C003152,2026-02-10 09:35:00,Purchase,2
C003152,2026-02-10 09:41:00,Exit,2
C003153,2026-02-01 19:24:00,Visitor,2
C003153,2026-02-01 19:26:00,Exit,2
C003154,2026-02-13 05:34:00,Visitor,2
C003154,2026-02-13 05:41:00,Exit,2
C003155,2026-02-13 16:23:00,Visitor,2
C003155,2026-02-13 16:27:00,Product View,2
C003155,2026-02-13 16:28:00,Add to Cart,2
C003155,2026-02-13 16:35:00,Exit,2
C003156,2026-02-12 02:48:00,Visitor,2
C003156,2026-02-12 02:51:00,Exit,2
C003157,2026-02-01 10:54:00,Visitor,2
C003157,2026-02-01 10:56:00,Product View,2
C003157,2026-02-01 11:00:00,Exit,2
C003158,2026-02-08 15:30:00,Visitor,2
C003158,2026-02-08 15:41:00,Product View,2
C003158,2026-02-08 15:42:00,Add to Cart,2
C003158,2026-02-08 15:49:00,Purchase,2
C003158,2026-02-08 15:52:00,Exit,2
C003159,2026-02-08 18:44:00,Visitor,2
C003159,2026-02-08 18:47:00,Product View,2
C003159,2026-02-08 18:52:00,Exit,2
C003160,2026-02-13 12:56:00,Visitor,2
C003160,2026-02-13 12:57:00,Product View,2
C003160,2026-02-13 12:59:00,Exit,2
C003161,2026-02-09 12:56:00,Visitor,2
C003161,2026-02-09 13:08:00,Product View,2
C003161,2026-02-09 13:10:00,Add to Cart,2
C003161,2026-02-09 13:15:00,Exit,2
C003162,2026-02-04 09:41:00,Visitor,2
C003162,2026-02-04 09:44:00,Product View,2
C003162,2026-02-04 09:55:00,Add to Cart,2
C003162,2026-02-04 10:01:00,Purchase,2
C003162,2026-02-04 10:02:00,Exit,2
C003163,2026-02-04 05:53:00,Visitor,2
C003163,2026-02-04 05:57:00,Exit,2
C003164,2026-02-10 21:29:00,Visitor,2
C003164,2026-02-10 21:30:00,Product View,2
C003164,2026-02-10 21:36:00,Exit,2
C003165,2026-02-02 00:52:00,Visitor,2
C003165,2026-02-02 00:57:00,Product View,2
C003165,2026-02-02 00:58:00,Product View,2
C003165,2026-02-02 01:00:00,Add to Cart,2
C003165,2026-02-02 01:04:00,Exit,2
C003166,2026-02-08 05:27:00,Visitor,2
C003166,2026-02-08 05:45:00,Product View,2
C003166,2026-02-08 05:46:00,Exit,2
C003167,2026-02-04 02:12:00,Visitor,2
C003167,2026-02-04 02:14:00,Exit,2
C003168,2026-02-04 01:03:00,Visitor,2
C003168,2026-02-04 01:10:00,Product View,2
C003168,2026-02-04 01:16:00,Exit,2
C003169,2026-02-01 04:53:00,Visitor,2
C003169,2026-02-01 04:54:00,Product View,2
C003169,2026-02-01 04:59:00,Exit,2
C003170,2026-02-13 07:31:00,Visitor,2
C003170,2026-02-13 07:32:00,Exit,2
C003171,2026-02-03 20:25:00,Visitor,2
C003171,2026-02-03 20:31:00,Product View,2
C003171,2026-02-03 20:38:00,Add to Cart,2
C003171,2026-02-03 20:42:00,Purchase,2
C003171,2026-02-03 20:43:00,Exit,2
C003172,2026-02-09 00:59:00,Visitor,2
C003172,2026-02-09 01:01:00,Exit,2
C003173,2026-02-08 06:24:00,Visitor,2
C003173,2026-02-08 06:26:00,Exit,2
C003174,2026-02-09 19:10:00,Visitor,2
C003174,2026-02-09 19:13:00,Exit,2
C003175,2026-02-13 20:27:00,Visitor,2
C003175,2026-02-13 20:28:00,Product View,2
C003175,2026-02-13 20:33:00,Exit,2
C003176,2026-02-14 07:05:00,Visitor,2
C003176,2026-02-14 07:18:00,Product View,2
C003176,2026-02-14 07:30:00,Exit,2
C003177,2026-02-02 09:57:00,Visitor,2
C003177,2026-02-02 10:04:00,Product View,2
C003177,2026-02-02 10:05:00,Exit,2
C003178,2026-02-05 15:58:00,Visitor,2
C003178,2026-02-05 16:12:00,Exit,2
C003179,2026-02-09 01:08:00,Visitor,2
C003179,2026-02-09 01:19:00,Exit,2
C003180,2026-02-13 05:08:00,Visitor,2
C003180,2026-02-13 05:18:00,Product View,2
C003180,2026-02-13 05:22:00,Exit,2
C003181,2026-02-11 19:16:00,Visitor,2
C003181,2026-02-11 19:21:00,Product View,2
C003181,2026-02-11 19:26:00,Exit,2
C003182,2026-02-12 02:13:00,Visitor,2
C003182,2026-02-12 02:14:00,Product View,2
C003182,2026-02-12 02:20:00,Add to Cart,2
C003182,2026-02-12 02:29:00,Purchase,2
C003182,2026-02-12 02:32:00,Repeat Purchase,2
C003182,2026-02-12 02:35:00,Exit,2
C003183,2026-02-07 04:49:00,Visitor,2
C003183,2026-02-07 04:54:00,Product View,2
C003183,2026-02-07 04:57:00,Exit,2
C003184,2026-02-07 02:28:00,Visitor,2
C003184,2026-02-07 02:31:00,Exit,2
C003185,2026-02-09 22:16:00,Visitor,2
C003185,2026-02-09 22:32:00,Product View,2
C003185,2026-02-09 22:37:00,Add to Cart,2
C003185,2026-02-09 22:40:00,Purchase,2
C003185,2026-02-09 22:43:00,Exit,2
C003186,2026-02-04 19:10:00,Visitor,2
C003186,2026-02-04 19:13:00,Exit,2
C003187,2026-02-08 12:40:00,Visitor,2
C003187,2026-02-08 12:48:00,Exit,2
C003188,2026-02-06 03:26:00,Visitor,2
C003188,2026-02-06 03:28:00,Exit,2
C003189,2026-02-11 18:46:00,Visitor,2
C003189,2026-02-11 18:50:00,Exit,2
C003190,2026-02-03 13:14:00,Visitor,2
C003190,2026-02-03 13:15:00,Product View,2
C003190,2026-02-03 13:17:00,Exit,2
C003191,2026-02-04 22:53:00,Visitor,2
C003191,2026-02-04 23:02:00,Product View,2
C003191,2026-02-04 23:08:00,Add to Cart,2
C003191,2026-02-04 23:22:00,Exit,2
C003192,2026-02-02 23:43:00,Visitor,2
C003192,2026-02-02 23:45:00,Exit,2
C003193,2026-02-05 06:05:00,Visitor,2
C003193,2026-02-05 06:13:00,Product View,2
C003193,2026-02-05 06:22:00,Product View,2
C003193,2026-02-05 06:25:00,Exit,2
C003194,2026-02-14 21:02:00,Visitor,2
C003194,2026-02-14 21:06:00,Exit,2
C003195,2026-02-14 01:56:00,Visitor,2
C003195,2026-02-14 02:07:00,Exit,2
C003196,2026-02-13 15:15:00,Visitor,2
C003196,2026-02-13 15:21:00,Exit,2
C003197,2026-02-04 08:47:00,Visitor,2
C003197,2026-02-04 08:53:00,Exit,2
C003198,2026-02-13 07:33:00,Visitor,2
C003198,2026-02-13 07:34:00,Product View,2
C003198,2026-02-13 07:35:00,Add to Cart,2
C003198,2026-02-13 07:36:00,Exit,2
C003199,2026-02-05 08:02:00,Visitor,2
C003199,2026-02-05 08:03:00,Product View,2
C003199,2026-02-05 08:05:00,Add to Cart,2
C003199,2026-02-05 08:06:00,Exit,2
C003200,2026-02-05 03:53:00,Visitor,2
C003200,2026-02-05 03:55:00,Product View,2
C003200,2026-02-05 03:57:00,Add to Cart,2
C003200,2026-02-05 04:00:00,Product View,2
C003200,2026-02-05 04:02:00,Exit,2
C003201,2026-02-13 06:46:00,Visitor,2
C003201,2026-02-13 06:57:00,Exit,2
C003202,2026-02-09 11:49:00,Visitor,2
C003202,2026-02-09 11:51:00,Exit,2
C003203,2026-02-05 22:01:00,Visitor,2
C003203,2026-02-05 22:06:00,Product View,2
C003203,2026-02-05 22:11:00,Add to Cart,2
C003203,2026-02-05 22:12:00,Exit,2
C003204,2026-02-01 11:10:00,Visitor,2
C003204,2026-02-01 11:11:00,Exit,2
C003205,2026-02-05 17:28:00,Visitor,2
C003205,2026-02-05 17:32:00,Exit,2
C003206,2026-02-04 22:41:00,Visitor,2
C003206,2026-02-04 22:43:00,Product View,2
C003206,2026-02-04 22:44:00,Exit,2
C003207,2026-02-11 06:56:00,Visitor,2
C003207,2026-02-11 07:02:00,Exit,2
C003208,2026-02-09 07:22:00,Visitor,2
C003208,2026-02-09 07:28:00,Exit,2
C003209,2026-02-07 05:14:00,Visitor,2
C003209,2026-02-07 05:16:00,Product View,2
C003209,2026-02-07 05:22:00,Add to Cart,2
C003209,2026-02-07 05:25:00,Exit,2
C003210,2026-02-14 07:09:00,Visitor,2
C003210,2026-02-14 07:12:00,Exit,2
C003211,2026-02-10 17:35:00,Visitor,2
C003211,2026-02-10 17:36:00,Exit,2
C003212,2026-02-08 02:17:00,Visitor,2
C003212,2026-02-08 02:22:00,Product View,2
C003212,2026-02-08 02:24:00,Add to Cart,2
C003212,2026-02-08 02:31:00,Exit,2
C003213,2026-02-05 18:27:00,Visitor,2
C003213,2026-02-05 18:30:00,Product View,2
C003213,2026-02-05 18:34:00,Add to Cart,2
C003213,2026-02-05 18:37:00,Exit,2
C003214,2026-02-02 17:24:00,Visitor,2
C003214,2026-02-02 17:28:00,Product View,2
C003214,2026-02-02 17:53:00,Exit,2
C003215,2026-02-03 17:18:00,Visitor,2
C003215,2026-02-03 17:27:00,Exit,2
C003216,2026-02-12 10:16:00,Visitor,2
C003216,2026-02-12 10:17:00,Exit,2
C003217,2026-02-07 21:10:00,Visitor,2
C003217,2026-02-07 21:17:00,Exit,2
C003218,2026-02-05 00:29:00,Visitor,2
C003218,2026-02-05 00:31:00,Exit,2
C003219,2026-02-14 02:58:00,Visitor,2
C003219,2026-02-14 02:59:00,Exit,2
C003220,2026-02-07 00:22:00,Visitor,2
C003220,2026-02-07 00:26:00,Product View,2
C003220,2026-02-07 00:31:00,Exit,2
C003221,2026-02-13 21:45:00,Visitor,2
C003221,2026-02-13 21:47:00,Exit,2
C003222,2026-02-04 11:06:00,Visitor,2
C003222,2026-02-04 11:12:00,Product View,2
C003222,2026-02-04 11:20:00,Add to Cart,2
C003222,2026-02-04 11:25:00,Purchase,2
C003222,2026-02-04 11:27:00,Repeat Purchase,2
C003222,2026-02-04 11:34:00,Loyal Customer,2
C003222,2026-02-04 11:37:00,Exit,2
C003223,2026-02-01 18:57:00,Visitor,2
C003223,2026-02-01 18:59:00,Product View,2
C003223,2026-02-01 19:16:00,Exit,2
C003224,2026-02-12 04:54:00,Visitor,2
C003224,2026-02-12 04:56:00,Product View,2
C003224,2026-02-12 05:07:00,Exit,2
C003225,2026-02-14 07:38:00,Visitor,2
C003225,2026-02-14 07:42:00,Exit,2
C003226,2026-02-02 16:05:00,Visitor,2
C003226,2026-02-02 16:06:00,Product View,2
C003226,2026-02-02 16:09:00,Add to Cart,2
C003226,2026-02-02 16:17:00,Exit,2
C003227,2026-02-02 17:51:00,Visitor,2
C003227,2026-02-02 17:53:00,Exit,2
C003228,2026-02-14 21:15:00,Visitor,2
C003228,2026-02-14 21:22:00,Exit,2
C003229,2026-02-02 01:35:00,Visitor,2
C003229,2026-02-02 01:40:00,Product View,2
C003229,2026-02-02 01:41:00,Exit,2
C003230,2026-02-03 02:29:00,Visitor,2
C003230,2026-02-03 02:30:00,Product View,2
C003230,2026-02-03 02:31:00,Exit,2
C003231,2026-02-01 17:50:00,Visitor,2
C003231,2026-02-01 17:51:00,Exit,2
C003232,2026-02-09 05:43:00,Visitor,2
C003232,2026-02-09 05:45:00,Product View,2
C003232,2026-02-09 05:50:00,Exit,2
C003233,2026-02-08 12:47:00,Visitor,2
C003233,2026-02-08 12:49:00,Product View,2
C003233,2026-02-08 13:01:00,Add to Cart,2
C003233,2026-02-08 13:06:00,Purchase,2
C003233,2026-02-08 13:07:00,Repeat Purchase,2
C003233,2026-02-08 13:14:00,Loyal Customer,2
C003233,2026-02-08 13:27:00,Exit,2
C003234,2026-02-11 13:12:00,Visitor,2
C003234,2026-02-11 13:15:00,Exit,2
C003235,2026-02-05 19:46:00,Visitor,2
C003235,2026-02-05 19:47:00,Exit,2
C003236,2026-02-09 08:10:00,Visitor,2
C003236,2026-02-09 08:19:00,Exit,2
C003237,2026-02-11 07:32:00,Visitor,2
C003237,2026-02-11 07:33:00,Product View,2
C003237,2026-02-11 07:42:00,Add to Cart,2
C003237,2026-02-11 07:46:00,Product View,2
C003237,2026-02-11 07:49:00,Product View,2
C003237,2026-02-11 07:50:00,Add to Cart,2
C003237,2026-02-11 07:52:00,Purchase,2
C003237,2026-02-11 07:57:00,Exit,2
C003238,2026-02-11 13:25:00,Visitor,2
C003238,2026-02-11 13:27:00,Product View,2
C003238,2026-02-11 13:45:00,Exit,2
C003239,2026-02-08 21:21:00,Visitor,2
C003239,2026-02-08 21:22:00,Product View,2
C003239,2026-02-08 21:26:00,Exit,2
C003240,2026-02-04 10:53:00,Visitor,2
C003240,2026-02-04 10:55:00,Product View,2
C003240,2026-02-04 10:57:00,Add to Cart,2
C003240,2026-02-04 11:10:00,Purchase,2
C003240,2026-02-04 11:13:00,Exit,2
C003241,2026-02-03 03:13:00,Visitor,2
C003241,2026-02-03 03:16:00,Exit,2
C003242,2026-02-09 16:46:00,Visitor,2
C003242,2026-02-09 16:49:00,Product View,2
C003242,2026-02-09 16:54:00,Add to Cart,2
C003242,2026-02-09 16:56:00,Exit,2
C003243,2026-02-06 00:00:00,Visitor,2
C003243,2026-02-06 00:01:00,Exit,2
C003244,2026-02-10 14:39:00,Visitor,2
C003244,2026-02-10 14:52:00,Exit,2
C003245,2026-02-13 22:12:00,Visitor,2
C003245,2026-02-13 22:13:00,Product View,2
C003245,2026-02-13 22:17:00,Exit,2
C003246,2026-02-13 20:19:00,Visitor,2
C003246,2026-02-13 20:34:00,Exit,2
C003247,2026-02-11 06:32:00,Visitor,2
C003247,2026-02-11 06:36:00,Product View,2
C003247,2026-02-11 06:37:00,Exit,2
C003248,2026-02-03 18:35:00,Visitor,2
C003248,2026-02-03 18:38:00,Product View,2
C003248,2026-02-03 18:42:00,Add to Cart,2
C003248,2026-02-03 18:43:00,Product View,2
C003248,2026-02-03 18:44:00,Exit,2
C003249,2026-02-04 23:42:00,Visitor,2
C003249,2026-02-04 23:45:00,Product View,2
C003249,2026-02-04 23:47:00,Product View,2
C003249,2026-02-04 23:48:00,Exit,2
C003250,2026-02-04 12:46:00,Visitor,2
C003250,2026-02-04 12:50:00,Product View,2
C003250,2026-02-04 12:55:00,Exit,2
C003251,2026-02-11 06:22:00,Visitor,2
C003251,2026-02-11 06:24:00,Exit,2
C003252,2026-02-07 09:39:00,Visitor,2
C003252,2026-02-07 09:41:00,Exit,2
C003253,2026-02-14 21:56:00,Visitor,2
C003253,2026-02-14 21:59:00,Product View,2
C003253,2026-02-14 22:08:00,Product View,2
C003253,2026-02-14 22:12:00,Exit,2
C003254,2026-02-14 03:30:00,Visitor,2
C003254,2026-02-14 03:34:00,Exit,2
C003255,2026-02-07 22:45:00,Visitor,2
C003255,2026-02-07 22:48:00,Product View,2
C003255,2026-02-07 22:51:00,Exit,2
C003256,2026-02-09 02:56:00,Visitor,2
C003256,2026-02-09 03:03:00,Exit,2
C003257,2026-02-10 05:44:00,Visitor,2
C003257,2026-02-10 05:49:00,Product View,2
C003257,2026-02-10 05:55:00,Add to Cart,2
C003257,2026-02-10 05:59:00,Exit,2
C003258,2026-02-03 12:06:00,Visitor,2
C003258,2026-02-03 12:27:00,Product View,2
C003258,2026-02-03 12:28:00,Exit,2
C003259,2026-02-11 08:45:00,Visitor,2
C003259,2026-02-11 08:46:00,Product View,2
C003259,2026-02-11 08:52:00,Exit,2
C003260,2026-02-02 22:02:00,Visitor,2
C003260,2026-02-02 22:05:00,Exit,2
C003261,2026-02-08 12:15:00,Visitor,2
C003261,2026-02-08 12:17:00,Product View,2
C003261,2026-02-08 12:27:00,Exit,2
C003262,2026-02-06 17:18:00,Visitor,2
C003262,2026-02-06 17:21:00,Product View,2
C003262,2026-02-06 17:22:00,Exit,2
C003263,2026-02-06 16:27:00,Visitor,2
C003263,2026-02-06 16:38:00,Product View,2
C003263,2026-02-06 16:43:00,Add to Cart,2
C003263,2026-02-06 16:44:00,Exit,2
C003264,2026-02-02 09:05:00,Visitor,2
C003264,2026-02-02 09:15:00,Product View,2
C003264,2026-02-02 09:17:00,Exit,2
C003265,2026-02-04 00:14:00,Visitor,2
C003265,2026-02-04 00:15:00,Product View,2
C003265,2026-02-04 00:17:00,Exit,2
C003266,2026-02-08 10:39:00,Visitor,2
C003266,2026-02-08 10:40:00,Exit,2
C003267,2026-02-06 14:14:00,Visitor,2
C003267,2026-02-06 14:15:00,Product View,2
C003267,2026-02-06 14:17:00,Exit,2
C003268,2026-02-01 02:39:00,Visitor,2
C003268,2026-02-01 02:44:00,Product View,2
C003268,2026-02-01 02:46:00,Exit,2
C003269,2026-02-06 07:55:00,Visitor,2
C003269,2026-02-06 07:57:00,Exit,2
C003270,2026-02-02 10:11:00,Visitor,2
C003270,2026-02-02 10:13:00,Product View,2
C003270,2026-02-02 10:16:00,Add to Cart,2
C003270,2026-02-02 10:18:00,Exit,2
C003271,2026-02-07 12:06:00,Visitor,2
C003271,2026-02-07 12:08:00,Product View,2
C003271,2026-02-07 12:18:00,Product View,2
C003271,2026-02-07 12:26:00,Exit,2
C003272,2026-02-07 05:28:00,Visitor,2
C003272,2026-02-07 05:33:00,Exit,2
C003273,2026-02-08 10:13:00,Visitor,2
C003273,2026-02-08 10:14:00,Product View,2
C003273,2026-02-08 10:15:00,Product View,2
C003273,2026-02-08 10:18:00,Exit,2
C003274,2026-02-04 12:06:00,Visitor,2
C003274,2026-02-04 12:15:00,Product View,2
C003274,2026-02-04 12:19:00,Add to Cart,2
C003274,2026-02-04 12:21:00,Exit,2
C003275,2026-02-02 13:23:00,Visitor,2
C003275,2026-02-02 13:25:00,Product View,2
C003275,2026-02-02 13:26:00,Exit,2
C003276,2026-02-05 03:32:00,Visitor,2
C003276,2026-02-05 03:33:00,Product View,2
C003276,2026-02-05 03:34:00,Exit,2
C003277,2026-02-04 19:20:00,Visitor,2
C003277,2026-02-04 19:21:00,Product View,2
C003277,2026-02-04 19:25:00,Exit,2
C003278,2026-02-11 03:05:00,Visitor,2
C003278,2026-02-11 03:08:00,Exit,2
C003279,2026-02-04 03:36:00,Visitor,2
C003279,2026-02-04 03:47:00,Product View,2
C003279,2026-02-04 03:52:00,Product View,2
C003279,2026-02-04 03:53:00,Add to Cart,2
C003279,2026-02-04 03:56:00,Purchase,2
C003279,2026-02-04 03:57:00,Repeat Purchase,2
C003279,2026-02-04 04:00:00,Exit,2
C003280,2026-02-06 22:04:00,Visitor,2
C003280,2026-02-06 22:19:00,Product View,2
C003280,2026-02-06 22:22:00,Exit,2
C003281,2026-02-04 00:38:00,Visitor,2
C003281,2026-02-04 00:40:00,Exit,2
C003282,2026-02-07 11:53:00,Visitor,2
C003282,2026-02-07 12:03:00,Exit,2
C003283,2026-02-08 05:27:00,Visitor,2
C003283,2026-02-08 05:28:00,Product View,2
C003283,2026-02-08 05:31:00,Add to Cart,2
C003283,2026-02-08 05:32:00,Purchase,2
C003283,2026-02-08 05:34:00,Exit,2
C003284,2026-02-11 15:00:00,Visitor,2
C003284,2026-02-11 15:02:00,Product View,2
C003284,2026-02-11 15:05:00,Exit,2
C003285,2026-02-12 14:45:00,Visitor,2
C003285,2026-02-12 14:51:00,Product View,2
C003285,2026-02-12 14:59:00,Add to Cart,2
C003285,2026-02-12 15:04:00,Exit,2
C003286,2026-02-13 05:49:00,Visitor,2
C003286,2026-02-13 05:51:00,Exit,2
C003287,2026-02-01 12:42:00,Visitor,2
C003287,2026-02-01 12:43:00,Exit,2
C003288,2026-02-10 15:20:00,Visitor,2
C003288,2026-02-10 15:22:00,Product View,2
C003288,2026-02-10 15:35:00,Exit,2
C003289,2026-02-12 15:11:00,Visitor,2
C003289,2026-02-12 15:12:00,Exit,2
C003290,2026-02-09 19:10:00,Visitor,2
C003290,2026-02-09 19:25:00,Product View,2
C003290,2026-02-09 19:27:00,Exit,2
C003291,2026-02-07 03:27:00,Visitor,2
C003291,2026-02-07 03:29:00,Product View,2
C003291,2026-02-07 03:31:00,Exit,2
C003292,2026-02-02 20:17:00,Visitor,2
C003292,2026-02-02 20:23:00,Exit,2
C003293,2026-02-13 05:55:00,Visitor,2
C003293,2026-02-13 05:56:00,Exit,2
C003294,2026-02-14 13:49:00,Visitor,2
C003294,2026-02-14 13:57:00,Exit,2
C003295,2026-02-05 08:00:00,Visitor,2
C003295,2026-02-05 08:02:00,Product View,2
C003295,2026-02-05 08:04:00,Exit,2
C003296,2026-02-03 07:28:00,Visitor,2
C003296,2026-02-03 07:40:00,Product View,2
C003296,2026-02-03 07:43:00,Exit,2
C003297,2026-02-05 15:57:00,Visitor,2
C003297,2026-02-05 16:06:00,Exit,2
C003298,2026-02-02 16:43:00,Visitor,2
C003298,2026-02-02 16:45:00,Exit,2
C003299,2026-02-12 17:54:00,Visitor,2
C003299,2026-02-12 17:56:00,Product View,2
C003299,2026-02-12 17:57:00,Exit,2
C003300,2026-02-05 15:29:00,Visitor,2
C003300,2026-02-05 15:32:00,Exit,2
C003301,2026-02-07 10:49:00,Visitor,2
C003301,2026-02-07 10:51:00,Product View,2
C003301,2026-02-07 10:52:00,Add to Cart,2
C003301,2026-02-07 10:57:00,Purchase,2
C003301,2026-02-07 11:01:00,Exit,2
C003302,2026-02-14 10:38:00,Visitor,2
C003302,2026-02-14 10:40:00,Product View,2
C003302,2026-02-14 10:45:00,Exit,2
C003303,2026-02-01 17:32:00,Visitor,2
C003303,2026-02-01 17:42:00,Exit,2
C003304,2026-02-14 06:11:00,Visitor,2
C003304,2026-02-14 06:17:00,Exit,2
C003305,2026-02-05 10:35:00,Visitor,2
C003305,2026-02-05 10:41:00,Product View,2
C003305,2026-02-05 10:49:00,Exit,2
C003306,2026-02-10 16:21:00,Visitor,2
C003306,2026-02-10 16:25:00,Product View,2
C003306,2026-02-10 16:31:00,Exit,2
C003307,2026-02-05 14:04:00,Visitor,2
C003307,2026-02-05 14:09:00,Product View,2
C003307,2026-02-05 14:26:00,Exit,2
C003308,2026-02-10 12:21:00,Visitor,2
C003308,2026-02-10 12:23:00,Product View,2
C003308,2026-02-10 12:36:00,Add to Cart,2
C003308,2026-02-10 12:40:00,Purchase,2
C003308,2026-02-10 12:41:00,Exit,2
C003309,2026-02-14 14:05:00,Visitor,2
C003309,2026-02-14 14:11:00,Product View,2
C003309,2026-02-14 14:28:00,Exit,2
C003310,2026-02-07 11:14:00,Visitor,2
C003310,2026-02-07 11:15:00,Exit,2
C003311,2026-02-08 05:25:00,Visitor,2
C003311,2026-02-08 05:26:00,Product View,2
C003311,2026-02-08 05:28:00,Exit,2
C003312,2026-02-09 17:12:00,Visitor,2
C003312,2026-02-09 17:32:00,Product View,2
C003312,2026-02-09 17:46:00,Exit,2
C003313,2026-02-12 03:36:00,Visitor,2
C003313,2026-02-12 03:37:00,Product View,2
C003313,2026-02-12 03:41:00,Exit,2
C003314,2026-02-02 16:57:00,Visitor,2
C003314,2026-02-02 17:09:00,Exit,2
C003315,2026-02-13 22:38:00,Visitor,2
C003315,2026-02-13 22:40:00,Exit,2
C003316,2026-02-05 13:15:00,Visitor,2
C003316,2026-02-05 13:20:00,Exit,2
C003317,2026-02-14 23:57:00,Visitor,2
C003317,2026-02-15 00:05:00,Product View,2
C003317,2026-02-15 00:10:00,Exit,2
C003318,2026-02-12 20:52:00,Visitor,2
C003318,2026-02-12 20:56:00,Product View,2
C003318,2026-02-12 20:57:00,Exit,2
C003319,2026-02-12 09:37:00,Visitor,2
C003319,2026-02-12 09:46:00,Product View,2
C003319,2026-02-12 09:47:00,Add to Cart,2
C003319,2026-02-12 09:52:00,Exit,2
C003320,2026-02-09 14:23:00,Visitor,2
C003320,2026-02-09 14:33:00,Product View,2
C003320,2026-02-09 14:34:00,Exit,2
C003321,2026-02-10 18:59:00,Visitor,2
C003321,2026-02-10 19:00:00,Product View,2
C003321,2026-02-10 19:02:00,Exit,2
C003322,2026-02-03 20:55:00,Visitor,2
C003322,2026-02-03 20:58:00,Product View,2
C003322,2026-02-03 21:02:00,Exit,2
C003323,2026-02-02 10:35:00,Visitor,2
C003323,2026-02-02 10:39:00,Exit,2
C003324,2026-02-08 00:56:00,Visitor,2
C003324,2026-02-08 01:03:00,Product View,2
C003324,2026-02-08 01:10:00,Exit,2
C003325,2026-02-13 08:47:00,Visitor,2
C003325,2026-02-13 08:48:00,Product View,2
C003325,2026-02-13 08:54:00,Exit,2
C003326,2026-02-13 22:16:00,Visitor,2
C003326,2026-02-13 22:18:00,Product View,2
C003326,2026-02-13 22:24:00,Exit,2
C003327,2026-02-08 00:06:00,Visitor,2
C003327,2026-02-08 00:10:00,Product View,2
C003327,2026-02-08 00:18:00,Add to Cart,2
C003327,2026-02-08 00:29:00,Exit,2
C003328,2026-02-09 13:39:00,Visitor,2
C003328,2026-02-09 13:43:00,Exit,2
C003329,2026-02-11 13:25:00,Visitor,2
C003329,2026-02-11 13:26:00,Product View,2
C003329,2026-02-11 13:27:00,Exit,2
C003330,2026-02-10 23:05:00,Visitor,2
C003330,2026-02-10 23:08:00,Exit,2
C003331,2026-02-07 01:06:00,Visitor,2
C003331,2026-02-07 01:07:00,Exit,2
C003332,2026-02-09 12:46:00,Visitor,2
C003332,2026-02-09 12:47:00,Product View,2
C003332,2026-02-09 12:51:00,Exit,2
C003333,2026-02-14 06:16:00,Visitor,2
C003333,2026-02-14 06:19:00,Exit,2
C003334,2026-02-08 00:15:00,Visitor,2
C003334,2026-02-08 00:23:00,Product View,2
C003334,2026-02-08 00:30:00,Exit,2
C003335,2026-02-14 06:20:00,Visitor,2
C003335,2026-02-14 06:21:00,Exit,2
C003336,2026-02-12 01:09:00,Visitor,2
C003336,2026-02-12 01:10:00,Exit,2
C003337,2026-02-04 14:12:00,Visitor,2
C003337,2026-02-04 14:18:00,Product View,2
C003337,2026-02-04 14:20:00,Add to Cart,2
C003337,2026-02-04 14:30:00,Exit,2
C003338,2026-02-13 22:33:00,Visitor,2
C003338,2026-02-13 22:41:00,Product View,2
C003338,2026-02-13 22:46:00,Exit,2
C003339,2026-02-02 23:59:00,Visitor,2
C003339,2026-02-03 00:00:00,Product View,2
C003339,2026-02-03 00:07:00,Exit,2
C003340,2026-02-11 02:59:00,Visitor,2
C003340,2026-02-11 03:02:00,Product View,2
C003340,2026-02-11 03:05:00,Add to Cart,2
C003340,2026-02-11 03:06:00,Purchase,2
C003340,2026-02-11 03:07:00,Exit,2
C003341,2026-02-06 23:21:00,Visitor,2
C003341,2026-02-06 23:31:00,Product View,2
C003341,2026-02-06 23:40:00,Exit,2
C003342,2026-02-12 21:40:00,Visitor,2
C003342,2026-02-12 21:42:00,Exit,2
C003343,2026-02-01 18:35:00,Visitor,2
C003343,2026-02-01 18:42:00,Exit,2
C003344,2026-02-09 06:41:00,Visitor,2
C003344,2026-02-09 06:45:00,Exit,2
C003345,2026-02-14 11:56:00,Visitor,2
C003345,2026-02-14 11:58:00,Product View,2
C003345,2026-02-14 12:01:00,Exit,2
C003346,2026-02-13 20:35:00,Visitor,2
C003346,2026-02-13 20:38:00,Product View,2
C003346,2026-02-13 20:47:00,Add to Cart,2
C003346,2026-02-13 20:56:00,Purchase,2
C003346,2026-02-13 20:57:00,Exit,2
C003347,2026-02-14 10:45:00,Visitor,2
C003347,2026-02-14 10:49:00,Product View,2
C003347,2026-02-14 10:51:00,Exit,2
C003348,2026-02-05 08:19:00,Visitor,2
C003348,2026-02-05 08:22:00,Exit,2
C003349,2026-02-12 17:02:00,Visitor,2
C003349,2026-02-12 17:03:00,Exit,2
C003350,2026-02-14 15:25:00,Visitor,2
C003350,2026-02-14 15:33:00,Exit,2
C003351,2026-02-07 09:03:00,Visitor,2
C003351,2026-02-07 09:15:00,Exit,2
C003352,2026-02-13 00:14:00,Visitor,2
C003352,2026-02-13 00:15:00,Product View,2
C003352,2026-02-13 00:17:00,Add to Cart,2
C003352,2026-02-13 00:18:00,Exit,2
C003353,2026-02-13 22:15:00,Visitor,2
C003353,2026-02-13 22:18:00,Exit,2
C003354,2026-02-02 07:27:00,Visitor,2
C003354,2026-02-02 07:30:00,Product View,2
C003354,2026-02-02 07:33:00,Exit,2
C003355,2026-02-11 01:08:00,Visitor,2
C003355,2026-02-11 01:13:00,Exit,2
C003356,2026-02-03 09:36:00,Visitor,2
C003356,2026-02-03 09:40:00,Exit,2
C003357,2026-02-09 20:12:00,Visitor,2
C003357,2026-02-09 20:13:00,Product View,2
C003357,2026-02-09 20:19:00,Add to Cart,2
C003357,2026-02-09 20:23:00,Exit,2
C003358,2026-02-04 09:56:00,Visitor,2
C003358,2026-02-04 10:05:00,Exit,2
C003359,2026-02-03 12:08:00,Visitor,2
C003359,2026-02-03 12:22:00,Exit,2
C003360,2026-02-11 03:30:00,Visitor,2
C003360,2026-02-11 03:31:00,Product View,2
C003360,2026-02-11 03:32:00,Add to Cart,2
C003360,2026-02-11 03:41:00,Purchase,2
C003360,2026-02-11 03:42:00,Exit,2
C003361,2026-02-02 19:31:00,Visitor,2
C003361,2026-02-02 19:32:00,Product View,2
C003361,2026-02-02 19:36:00,Add to Cart,2
C003361,2026-02-02 19:41:00,Purchase,2
C003361,2026-02-02 19:44:00,Exit,2
C003362,2026-02-10 15:00:00,Visitor,2
C003362,2026-02-10 15:03:00,Product View,2
C003362,2026-02-10 15:12:00,Add to Cart,2
C003362,2026-02-10 15:15:00,Exit,2
C003363,2026-02-03 06:35:00,Visitor,2
C003363,2026-02-03 06:37:00,Exit,2
C003364,2026-02-12 14:37:00,Visitor,2
C003364,2026-02-12 14:38:00,Product View,2
C003364,2026-02-12 14:47:00,Exit,2
C003365,2026-02-07 09:40:00,Visitor,2
C003365,2026-02-07 09:42:00,Product View,2
C003365,2026-02-07 09:44:00,Exit,2
C003366,2026-02-02 06:24:00,Visitor,2
C003366,2026-02-02 06:32:00,Exit,2
C003367,2026-02-11 16:03:00,Visitor,2
C003367,2026-02-11 16:13:00,Exit,2
C003368,2026-02-06 14:51:00,Visitor,2
C003368,2026-02-06 14:52:00,Exit,2
C003369,2026-02-04 07:43:00,Visitor,2
C003369,2026-02-04 07:45:00,Exit,2
C003370,2026-02-01 20:55:00,Visitor,2
C003370,2026-02-01 20:56:00,Exit,2
C003371,2026-02-04 17:15:00,Visitor,2
C003371,2026-02-04 17:18:00,Product View,2
C003371,2026-02-04 17:20:00,Exit,2
C003372,2026-02-03 09:51:00,Visitor,2
C003372,2026-02-03 09:55:00,Product View,2
C003372,2026-02-03 09:56:00,Product View,2
C003372,2026-02-03 09:57:00,Add to Cart,2
C003372,2026-02-03 09:59:00,Purchase,2
C003372,2026-02-03 10:05:00,Exit,2
C003373,2026-02-03 06:03:00,Visitor,2
C003373,2026-02-03 06:14:00,Product View,2
C003373,2026-02-03 06:19:00,Exit,2
C003374,2026-02-06 18:42:00,Visitor,2
C003374,2026-02-06 18:45:00,Exit,2
C003375,2026-02-01 01:38:00,Visitor,2
C003375,2026-02-01 01:39:00,Product View,2
C003375,2026-02-01 01:48:00,Add to Cart,2
C003375,2026-02-01 01:54:00,Purchase,2
C003375,2026-02-01 01:58:00,Repeat Purchase,2
C003375,2026-02-01 02:14:00,Exit,2
C003376,2026-02-01 17:19:00,Visitor,2
C003376,2026-02-01 17:24:00,Exit,2
C003377,2026-02-11 09:17:00,Visitor,2
C003377,2026-02-11 09:19:00,Product View,2
C003377,2026-02-11 09:22:00,Exit,2
C003378,2026-02-06 13:24:00,Visitor,2
C003378,2026-02-06 13:26:00,Exit,2
C003379,2026-02-08 15:19:00,Visitor,2
C003379,2026-02-08 15:21:00,Product View,2
C003379,2026-02-08 15:23:00,Exit,2
C003380,2026-02-03 13:04:00,Visitor,2
C003380,2026-02-03 13:06:00,Product View,2
C003380,2026-02-03 13:31:00,Exit,2
C003381,2026-02-14 04:01:00,Visitor,2
C003381,2026-02-14 04:04:00,Product View,2
C003381,2026-02-14 04:16:00,Exit,2
C003382,2026-02-08 23:31:00,Visitor,2
C003382,2026-02-08 23:33:00,Exit,2
C003383,2026-02-13 10:28:00,Visitor,2
C003383,2026-02-13 10:29:00,Product View,2
C003383,2026-02-13 10:31:00,Add to Cart,2
C003383,2026-02-13 10:43:00,Purchase,2
C003383,2026-02-13 10:45:00,Exit,2
C003384,2026-02-05 01:57:00,Visitor,2
C003384,2026-02-05 02:04:00,Product View,2
C003384,2026-02-05 02:10:00,Exit,2
C003385,2026-02-08 05:55:00,Visitor,2
C003385,2026-02-08 05:58:00,Product View,2
C003385,2026-02-08 06:01:00,Exit,2
C003386,2026-02-05 15:52:00,Visitor,2
C003386,2026-02-05 15:55:00,Exit,2
C003387,2026-02-09 06:34:00,Visitor,2
C003387,2026-02-09 06:37:00,Product View,2
C003387,2026-02-09 06:39:00,Add to Cart,2
C003387,2026-02-09 06:55:00,Purchase,2
C003387,2026-02-09 06:57:00,Exit,2
C003388,2026-02-14 12:23:00,Visitor,2
C003388,2026-02-14 12:26:00,Product View,2
C003388,2026-02-14 12:39:00,Exit,2
C003389,2026-02-04 17:51:00,Visitor,2
C003389,2026-02-04 17:52:00,Product View,2
C003389,2026-02-04 17:55:00,Add to Cart,2
C003389,2026-02-04 17:57:00,Exit,2
C003390,2026-02-12 21:21:00,Visitor,2
C003390,2026-02-12 21:22:00,Product View,2
C003390,2026-02-12 21:24:00,Exit,2
C003391,2026-02-12 22:25:00,Visitor,2
C003391,2026-02-12 22:29:00,Product View,2
C003391,2026-02-12 22:32:00,Exit,2
C003392,2026-02-12 21:13:00,Visitor,2
C003392,2026-02-12 21:14:00,Product View,2
C003392,2026-02-12 21:15:00,Exit,2
C003393,2026-02-06 07:08:00,Visitor,2
C003393,2026-02-06 07:09:00,Product View,2
C003393,2026-02-06 07:11:00,Add to Cart,2
C003393,2026-02-06 07:12:00,Purchase,2
C003393,2026-02-06 07:17:00,Exit,2
C003394,2026-02-06 17:21:00,Visitor,2
C003394,2026-02-06 17:24:00,Product View,2
C003394,2026-02-06 17:26:00,Exit,2
C003395,2026-02-13 22:03:00,Visitor,2
C003395,2026-02-13 22:18:00,Product View,2
C003395,2026-02-13 22:20:00,Exit,2
C003396,2026-02-09 11:26:00,Visitor,2
C003396,2026-02-09 11:28:00,Exit,2
C003397,2026-02-14 17:13:00,Visitor,2
C003397,2026-02-14 17:15:00,Product View,2
C003397,2026-02-14 17:19:00,Exit,2
C003398,2026-02-04 17:56:00,Visitor,2
C003398,2026-02-04 17:59:00,Product View,2
C003398,2026-02-04 18:03:00,Product View,2
C003398,2026-02-04 18:04:00,Add to Cart,2
C003398,2026-02-04 18:05:00,Purchase,2
C003398,2026-02-04 18:06:00,Exit,2
C003399,2026-02-07 22:06:00,Visitor,2
C003399,2026-02-07 22:07:00,Exit,2
C003400,2026-02-02 20:59:00,Visitor,2
C003400,2026-02-02 21:02:00,Product View,2
C003400,2026-02-02 21:07:00,Add to Cart,2
C003400,2026-02-02 21:08:00,Purchase,2
C003400,2026-02-02 21:13:00,Exit,2
C003401,2026-02-11 16:24:00,Visitor,2
C003401,2026-02-11 16:27:00,Product View,2
C003401,2026-02-11 16:30:00,Add to Cart,2
C003401,2026-02-11 16:35:00,Purchase,2
C003401,2026-02-11 16:37:00,Exit,2
C003402,2026-02-13 12:46:00,Visitor,2
C003402,2026-02-13 12:49:00,Product View,2
C003402,2026-02-13 12:50:00,Exit,2
C003403,2026-02-02 22:09:00,Visitor,2
C003403,2026-02-02 22:24:00,Exit,2
C003404,2026-02-01 12:03:00,Visitor,2
C003404,2026-02-01 12:05:00,Product View,2
C003404,2026-02-01 12:09:00,Product View,2
C003404,2026-02-01 12:12:00,Exit,2
C003405,2026-02-04 11:34:00,Visitor,2
C003405,2026-02-04 11:37:00,Product View,2
C003405,2026-02-04 11:42:00,Add to Cart,2
C003405,2026-02-04 11:44:00,Purchase,2
C003405,2026-02-04 11:45:00,Exit,2
C003406,2026-02-07 23:25:00,Visitor,2
C003406,2026-02-07 23:27:00,Exit,2
C003407,2026-02-08 06:31:00,Visitor,2
C003407,2026-02-08 06:39:00,Product View,2
C003407,2026-02-08 06:47:00,Add to Cart,2
C003407,2026-02-08 06:51:00,Purchase,2
C003407,2026-02-08 07:01:00,Exit,2
C003408,2026-02-03 16:08:00,Visitor,2
C003408,2026-02-03 16:10:00,Exit,2
C003409,2026-02-14 18:16:00,Visitor,2
C003409,2026-02-14 18:20:00,Product View,2
C003409,2026-02-14 18:30:00,Exit,2
C003410,2026-02-11 06:30:00,Visitor,2
C003410,2026-02-11 06:33:00,Product View,2
C003410,2026-02-11 06:34:00,Exit,2
C003411,2026-02-03 22:02:00,Visitor,2
C003411,2026-02-03 22:04:00,Exit,2
C003412,2026-02-03 04:45:00,Visitor,2
C003412,2026-02-03 04:46:00,Product View,2
C003412,2026-02-03 04:49:00,Exit,2
C003413,2026-02-14 08:52:00,Visitor,2
C003413,2026-02-14 08:56:00,Exit,2
C003414,2026-02-06 04:35:00,Visitor,2
C003414,2026-02-06 04:36:00,Exit,2
C003415,2026-02-13 17:44:00,Visitor,2
C003415,2026-02-13 17:48:00,Product View,2
C003415,2026-02-13 17:54:00,Add to Cart,2
C003415,2026-02-13 17:56:00,Exit,2
C003416,2026-02-08 04:29:00,Visitor,2
C003416,2026-02-08 04:32:00,Product View,2
C003416,2026-02-08 04:37:00,Exit,2
C003417,2026-02-06 19:13:00,Visitor,2
C003417,2026-02-06 19:15:00,Product View,2
C003417,2026-02-06 19:20:00,Exit,2
C003418,2026-02-06 02:08:00,Visitor,2
C003418,2026-02-06 02:15:00,Exit,2
C003419,2026-02-11 04:13:00,Visitor,2
C003419,2026-02-11 04:16:00,Product View,2
C003419,2026-02-11 04:17:00,Add to Cart,2
C003419,2026-02-11 04:36:00,Exit,2
C003420,2026-02-02 12:32:00,Visitor,2
C003420,2026-02-02 12:34:00,Exit,2
C003421,2026-02-13 17:48:00,Visitor,2
C003421,2026-02-13 17:49:00,Product View,2
C003421,2026-02-13 17:51:00,Add to Cart,2
C003421,2026-02-13 17:52:00,Purchase,2
C003421,2026-02-13 17:54:00,Exit,2
C003422,2026-02-01 08:10:00,Visitor,2
C003422,2026-02-01 08:14:00,Product View,2
C003422,2026-02-01 08:15:00,Exit,2
C003423,2026-02-11 09:27:00,Visitor,2
C003423,2026-02-11 09:48:00,Product View,2
C003423,2026-02-11 09:54:00,Exit,2
C003424,2026-02-02 00:04:00,Visitor,2
C003424,2026-02-02 00:12:00,Product View,2
C003424,2026-02-02 00:15:00,Exit,2
C003425,2026-02-13 15:05:00,Visitor,2
C003425,2026-02-13 15:06:00,Product View,2
C003425,2026-02-13 15:11:00,Product View,2
C003425,2026-02-13 15:23:00,Exit,2
C003426,2026-02-09 02:33:00,Visitor,2
C003426,2026-02-09 02:34:00,Exit,2
C003427,2026-02-02 18:14:00,Visitor,2
C003427,2026-02-02 18:16:00,Exit,2
C003428,2026-02-02 10:17:00,Visitor,2
C003428,2026-02-02 10:18:00,Exit,2
C003429,2026-02-14 03:17:00,Visitor,2
C003429,2026-02-14 03:18:00,Product View,2
C003429,2026-02-14 03:20:00,Exit,2
C003430,2026-02-13 20:52:00,Visitor,2
C003430,2026-02-13 20:53:00,Product View,2
C003430,2026-02-13 20:54:00,Add to Cart,2
C003430,2026-02-13 20:55:00,Product View,2
C003430,2026-02-13 20:57:00,Exit,2
C003431,2026-02-13 11:18:00,Visitor,2
C003431,2026-02-13 11:20:00,Product View,2
C003431,2026-02-13 11:21:00,Exit,2
C003432,2026-02-09 18:48:00,Visitor,2
C003432,2026-02-09 18:51:00,Product View,2
C003432,2026-02-09 18:52:00,Exit,2
C003433,2026-02-04 19:00:00,Visitor,2
C003433,2026-02-04 19:01:00,Product View,2
C003433,2026-02-04 19:04:00,Exit,2
C003434,2026-02-07 19:03:00,Visitor,2
C003434,2026-02-07 19:13:00,Product View,2
C003434,2026-02-07 19:15:00,Exit,2
C003435,2026-02-07 16:02:00,Visitor,2
C003435,2026-02-07 16:09:00,Exit,2
C003436,2026-02-11 11:53:00,Visitor,2
C003436,2026-02-11 11:54:00,Exit,2
C003437,2026-02-06 09:47:00,Visitor,2
C003437,2026-02-06 09:51:00,Product View,2
C003437,2026-02-06 09:58:00,Exit,2
C003438,2026-02-03 15:03:00,Visitor,2
C003438,2026-02-03 15:08:00,Product View,2
C003438,2026-02-03 15:14:00,Add to Cart,2
C003438,2026-02-03 15:17:00,Purchase,2
C003438,2026-02-03 15:18:00,Exit,2
C003439,2026-02-10 16:26:00,Visitor,2
C003439,2026-02-10 16:32:00,Exit,2
C003440,2026-02-13 23:10:00,Visitor,2
C003440,2026-02-13 23:13:00,Product View,2
C003440,2026-02-13 23:18:00,Add to Cart,2
C003440,2026-02-13 23:19:00,Exit,2
C003441,2026-02-03 02:25:00,Visitor,2
C003441,2026-02-03 02:26:00,Product View,2
C003441,2026-02-03 02:28:00,Exit,2
C003442,2026-02-12 17:02:00,Visitor,2
C003442,2026-02-12 17:11:00,Product View,2
C003442,2026-02-12 17:20:00,Exit,2
C003443,2026-02-10 12:43:00,Visitor,2
C003443,2026-02-10 12:44:00,Product View,2
C003443,2026-02-10 12:50:00,Exit,2
C003444,2026-02-04 01:28:00,Visitor,2
C003444,2026-02-04 01:31:00,Exit,2
C003445,2026-02-11 05:55:00,Visitor,2
C003445,2026-02-11 06:00:00,Product View,2
C003445,2026-02-11 06:01:00,Exit,2
C003446,2026-02-11 22:32:00,Visitor,2
C003446,2026-02-11 22:41:00,Exit,2
C003447,2026-02-03 13:11:00,Visitor,2
C003447,2026-02-03 13:35:00,Product View,2
C003447,2026-02-03 13:43:00,Exit,2
C003448,2026-02-07 21:24:00,Visitor,2
C003448,2026-02-07 21:37:00,Exit,2
C003449,2026-02-11 18:15:00,Visitor,2
C003449,2026-02-11 18:17:00,Exit,2
C003450,2026-02-02 18:13:00,Visitor,2
C003450,2026-02-02 18:14:00,Product View,2
C003450,2026-02-02 18:24:00,Exit,2
C003451,2026-02-11 14:05:00,Visitor,2
C003451,2026-02-11 14:07:00,Product View,2
C003451,2026-02-11 14:09:00,Add to Cart,2
C003451,2026-02-11 14:14:00,Purchase,2
C003451,2026-02-11 14:16:00,Exit,2
C003452,2026-02-12 08:07:00,Visitor,2
C003452,2026-02-12 08:09:00,Product View,2
C003452,2026-02-12 08:12:00,Exit,2
C003453,2026-02-06 01:40:00,Visitor,2
C003453,2026-02-06 01:46:00,Product View,2
C003453,2026-02-06 01:47:00,Exit,2
C003454,2026-02-14 21:13:00,Visitor,2
C003454,2026-02-14 21:15:00,Product View,2
C003454,2026-02-14 21:16:00,Exit,2
C003455,2026-02-01 14:49:00,Visitor,2
C003455,2026-02-01 14:51:00,Product View,2
C003455,2026-02-01 14:53:00,Exit,2
C003456,2026-02-07 20:06:00,Visitor,2
C003456,2026-02-07 20:10:00,Exit,2
C003457,2026-02-11 16:19:00,Visitor,2
C003457,2026-02-11 16:29:00,Exit,2
C003458,2026-02-03 08:04:00,Visitor,2
C003458,2026-02-03 08:09:00,Exit,2
C003459,2026-02-05 15:50:00,Visitor,2
C003459,2026-02-05 15:52:00,Product View,2
C003459,2026-02-05 16:04:00,Add to Cart,2
C003459,2026-02-05 16:09:00,Purchase,2
C003459,2026-02-05 16:10:00,Exit,2
C003460,2026-02-11 10:01:00,Visitor,2
C003460,2026-02-11 10:02:00,Exit,2
C003461,2026-02-08 04:02:00,Visitor,2
C003461,2026-02-08 04:03:00,Product View,2
C003461,2026-02-08 04:10:00,Exit,2
C003462,2026-02-11 21:45:00,Visitor,2
C003462,2026-02-11 21:47:00,Product View,2
C003462,2026-02-11 21:48:00,Exit,2
C003463,2026-02-08 01:13:00,Visitor,2
C003463,2026-02-08 01:15:00,Product View,2
C003463,2026-02-08 01:19:00,Add to Cart,2
C003463,2026-02-08 01:31:00,Exit,2
C003464,2026-02-04 05:13:00,Visitor,2
C003464,2026-02-04 05:16:00,Product View,2
C003464,2026-02-04 05:28:00,Exit,2
C003465,2026-02-13 07:17:00,Visitor,2
C003465,2026-02-13 07:22:00,Exit,2
C003466,2026-02-04 08:37:00,Visitor,2
C003466,2026-02-04 08:46:00,Exit,2
C003467,2026-02-09 03:24:00,Visitor,2
C003467,2026-02-09 03:42:00,Exit,2
C003468,2026-02-11 04:07:00,Visitor,2
C003468,2026-02-11 04:12:00,Product View,2
C003468,2026-02-11 04:16:00,Exit,2
C003469,2026-02-08 02:38:00,Visitor,2
C003469,2026-02-08 02:40:00,Product View,2
C003469,2026-02-08 02:53:00,Exit,2
C003470,2026-02-04 23:21:00,Visitor,2
C003470,2026-02-04 23:23:00,Exit,2
C003471,2026-02-13 14:26:00,Visitor,2
C003471,2026-02-13 14:38:00,Exit,2
C003472,2026-02-09 18:30:00,Visitor,2
C003472,2026-02-09 18:32:00,Product View,2
C003472,2026-02-09 18:42:00,Exit,2
C003473,2026-02-06 23:03:00,Visitor,2
C003473,2026-02-06 23:09:00,Product View,2
C003473,2026-02-06 23:16:00,Add to Cart,2
C003473,2026-02-06 23:19:00,Purchase,2
C003473,2026-02-06 23:24:00,Exit,2
C003474,2026-02-02 09:54:00,Visitor,2
C003474,2026-02-02 09:57:00,Product View,2
C003474,2026-02-02 09:58:00,Exit,2
C003475,2026-02-08 02:20:00,Visitor,2
C003475,2026-02-08 02:28:00,Exit,2
C003476,2026-02-12 10:59:00,Visitor,2
C003476,2026-02-12 11:03:00,Product View,2
C003476,2026-02-12 11:05:00,Add to Cart,2
C003476,2026-02-12 11:17:00,Exit,2
C003477,2026-02-03 12:46:00,Visitor,2
C003477,2026-02-03 12:49:00,Product View,2
C003477,2026-02-03 12:52:00,Exit,2
C003478,2026-02-09 10:44:00,Visitor,2
C003478,2026-02-09 11:02:00,Exit,2
C003479,2026-02-13 00:30:00,Visitor,2
C003479,2026-02-13 00:32:00,Product View,2
C003479,2026-02-13 00:41:00,Add to Cart,2
C003479,2026-02-13 00:43:00,Product View,2
C003479,2026-02-13 00:54:00,Add to Cart,2
C003479,2026-02-13 01:04:00,Exit,2
C003480,2026-02-12 12:01:00,Visitor,2
C003480,2026-02-12 12:03:00,Exit,2
C003481,2026-02-10 23:12:00,Visitor,2
C003481,2026-02-10 23:13:00,Exit,2
C003482,2026-02-07 06:16:00,Visitor,2
C003482,2026-02-07 06:19:00,Product View,2
C003482,2026-02-07 06:22:00,Add to Cart,2
C003482,2026-02-07 06:28:00,Exit,2
C003483,2026-02-10 00:58:00,Visitor,2
C003483,2026-02-10 00:59:00,Exit,2
C003484,2026-02-03 05:11:00,Visitor,2
C003484,2026-02-03 05:20:00,Product View,2
C003484,2026-02-03 05:27:00,Add to Cart,2
C003484,2026-02-03 05:31:00,Exit,2
C003485,2026-02-07 10:58:00,Visitor,2
C003485,2026-02-07 11:00:00,Product View,2
C003485,2026-02-07 11:03:00,Exit,2
C003486,2026-02-07 17:22:00,Visitor,2
C003486,2026-02-07 17:26:00,Product View,2
C003486,2026-02-07 17:27:00,Add to Cart,2
C003486,2026-02-07 17:28:00,Exit,2
C003487,2026-02-07 07:35:00,Visitor,2
C003487,2026-02-07 07:37:00,Product View,2
C003487,2026-02-07 07:41:00,Product View,2
C003487,2026-02-07 07:47:00,Exit,2
C003488,2026-02-01 22:09:00,Visitor,2
C003488,2026-02-01 22:11:00,Exit,2
C003489,2026-02-10 10:19:00,Visitor,2
C003489,2026-02-10 10:27:00,Exit,2
C003490,2026-02-12 23:57:00,Visitor,2
C003490,2026-02-13 00:02:00,Product View,2
C003490,2026-02-13 00:03:00,Exit,2
C003491,2026-02-07 07:52:00,Visitor,2
C003491,2026-02-07 07:59:00,Product View,2
C003491,2026-02-07 08:07:00,Add to Cart,2
C003491,2026-02-07 08:14:00,Purchase,2
C003491,2026-02-07 08:17:00,Exit,2
C003492,2026-02-09 04:37:00,Visitor,2
C003492,2026-02-09 04:41:00,Exit,2
C003493,2026-02-14 17:25:00,Visitor,2
C003493,2026-02-14 17:36:00,Product View,2
C003493,2026-02-14 17:45:00,Exit,2
C003494,2026-02-11 13:56:00,Visitor,2
C003494,2026-02-11 13:57:00,Product View,2
C003494,2026-02-11 14:03:00,Add to Cart,2
C003494,2026-02-11 14:04:00,Exit,2
C003495,2026-02-14 09:35:00,Visitor,2
C003495,2026-02-14 09:37:00,Product View,2
C003495,2026-02-14 09:45:00,Add to Cart,2
C003495,2026-02-14 09:47:00,Product View,2
C003495,2026-02-14 09:52:00,Exit,2
C003496,2026-02-03 00:26:00,Visitor,2
C003496,2026-02-03 00:35:00,Exit,2
C003497,2026-02-09 20:13:00,Visitor,2
C003497,2026-02-09 20:21:00,Exit,2
C003498,2026-02-05 22:10:00,Visitor,2
C003498,2026-02-05 22:20:00,Product View,2
C003498,2026-02-05 22:21:00,Add to Cart,2
C003498,2026-02-05 22:25:00,Exit,2
C003499,2026-02-12 13:30:00,Visitor,2
C003499,2026-02-12 13:33:00,Product View,2
C003499,2026-02-12 13:40:00,Exit,2
C003500,2026-02-12 02:20:00,Visitor,2
C003500,2026-02-12 02:39:00,Product View,2
C003500,2026-02-12 02:49:00,Exit,2
C003501,2026-02-04 17:17:00,Visitor,2
C003501,2026-02-04 17:19:00,Product View,2
C003501,2026-02-04 17:21:00,Exit,2
C003502,2026-02-06 21:48:00,Visitor,2
C003502,2026-02-06 21:49:00,Exit,2
C003503,2026-02-11 05:22:00,Visitor,2
C003503,2026-02-11 05:25:00,Product View,2
C003503,2026-02-11 05:28:00,Exit,2
C003504,2026-02-13 12:58:00,Visitor,2
C003504,2026-02-13 13:04:00,Product View,2
C003504,2026-02-13 13:08:00,Exit,2
C003505,2026-02-11 22:18:00,Visitor,2
C003505,2026-02-11 22:20:00,Exit,2
C003506,2026-02-11 01:00:00,Visitor,2
C003506,2026-02-11 01:07:00,Product View,2
C003506,2026-02-11 01:11:00,Add to Cart,2
C003506,2026-02-11 01:21:00,Purchase,2
C003506,2026-02-11 01:22:00,Exit,2
C003507,2026-02-08 22:49:00,Visitor,2
C003507,2026-02-08 22:50:00,Product View,2
C003507,2026-02-08 22:54:00,Exit,2
C003508,2026-02-10 19:52:00,Visitor,2
C003508,2026-02-10 19:56:00,Product View,2
C003508,2026-02-10 20:04:00,Exit,2
C003509,2026-02-05 22:26:00,Visitor,2
C003509,2026-02-05 22:29:00,Exit,2
C003510,2026-02-04 21:39:00,Visitor,2
C003510,2026-02-04 21:41:00,Product View,2
C003510,2026-02-04 21:42:00,Exit,2
C003511,2026-02-07 13:25:00,Visitor,2
C003511,2026-02-07 13:26:00,Product View,2
C003511,2026-02-07 13:27:00,Add to Cart,2
C003511,2026-02-07 13:34:00,Purchase,2
C003511,2026-02-07 13:37:00,Exit,2
C003512,2026-02-13 22:35:00,Visitor,2
C003512,2026-02-13 22:38:00,Product View,2
C003512,2026-02-13 22:50:00,Add to Cart,2
C003512,2026-02-13 22:51:00,Purchase,2
C003512,2026-02-13 22:53:00,Repeat Purchase,2
C003512,2026-02-13 22:58:00,Loyal Customer,2
C003512,2026-02-13 23:00:00,Exit,2
C003513,2026-02-03 18:21:00,Visitor,2
C003513,2026-02-03 18:22:00,Product View,2
C003513,2026-02-03 18:31:00,Add to Cart,2
C003513,2026-02-03 18:32:00,Exit,2
C003514,2026-02-04 18:04:00,Visitor,2
C003514,2026-02-04 18:10:00,Product View,2
C003514,2026-02-04 18:23:00,Add to Cart,2
C003514,2026-02-04 18:24:00,Exit,2
C003515,2026-02-04 12:15:00,Visitor,2
C003515,2026-02-04 12:20:00,Product View,2
C003515,2026-02-04 12:25:00,Add to Cart,2
C003515,2026-02-04 12:31:00,Purchase,2
C003515,2026-02-04 12:38:00,Exit,2
C003516,2026-02-08 13:39:00,Visitor,2
C003516,2026-02-08 13:48:00,Exit,2
C003517,2026-02-05 17:11:00,Visitor,2
C003517,2026-02-05 17:29:00,Product View,2
C003517,2026-02-05 17:35:00,Add to Cart,2
C003517,2026-02-05 17:38:00,Purchase,2
C003517,2026-02-05 17:46:00,Exit,2
C003518,2026-02-02 11:30:00,Visitor,2
C003518,2026-02-02 11:33:00,Exit,2
C003519,2026-02-10 07:37:00,Visitor,2
C003519,2026-02-10 07:41:00,Product View,2
C003519,2026-02-10 07:43:00,Exit,2
C003520,2026-02-13 01:50:00,Visitor,2
C003520,2026-02-13 01:51:00,Product View,2
C003520,2026-02-13 01:53:00,Add to Cart,2
C003520,2026-02-13 01:54:00,Exit,2
C003521,2026-02-01 00:45:00,Visitor,2
C003521,2026-02-01 00:51:00,Exit,2
C003522,2026-02-01 23:33:00,Visitor,2
C003522,2026-02-01 23:38:00,Exit,2
C003523,2026-02-08 18:30:00,Visitor,2
C003523,2026-02-08 18:37:00,Exit,2
C003524,2026-02-03 04:13:00,Visitor,2
C003524,2026-02-03 04:18:00,Exit,2
C003525,2026-02-08 01:17:00,Visitor,2
C003525,2026-02-08 01:18:00,Product View,2
C003525,2026-02-08 01:19:00,Exit,2
C003526,2026-02-05 16:47:00,Visitor,2
C003526,2026-02-05 16:52:00,Exit,2
C003527,2026-02-04 00:21:00,Visitor,2
C003527,2026-02-04 00:22:00,Product View,2
C003527,2026-02-04 00:25:00,Product View,2
C003527,2026-02-04 00:29:00,Exit,2
C003528,2026-02-03 06:09:00,Visitor,2
C003528,2026-02-03 06:11:00,Exit,2
C003529,2026-02-07 01:59:00,Visitor,2
C003529,2026-02-07 02:02:00,Exit,2
C003530,2026-02-04 21:59:00,Visitor,2
C003530,2026-02-04 22:00:00,Product View,2
C003530,2026-02-04 22:09:00,Exit,2
C003531,2026-02-06 11:01:00,Visitor,2
C003531,2026-02-06 11:05:00,Product View,2
C003531,2026-02-06 11:18:00,Exit,2
C003532,2026-02-13 11:16:00,Visitor,2
C003532,2026-02-13 11:18:00,Exit,2
C003533,2026-02-10 08:11:00,Visitor,2
C003533,2026-02-10 08:12:00,Product View,2
C003533,2026-02-10 08:13:00,Exit,2
C003534,2026-02-02 17:22:00,Visitor,2
C003534,2026-02-02 17:23:00,Product View,2
C003534,2026-02-02 17:24:00,Add to Cart,2
C003534,2026-02-02 17:45:00,Exit,2
C003535,2026-02-10 15:45:00,Visitor,2
C003535,2026-02-10 15:47:00,Product View,2
C003535,2026-02-10 16:01:00,Exit,2
C003536,2026-02-11 18:59:00,Visitor,2
C003536,2026-02-11 19:21:00,Product View,2
C003536,2026-02-11 19:29:00,Exit,2
C003537,2026-02-14 23:54:00,Visitor,2
C003537,2026-02-15 00:06:00,Exit,2
C003538,2026-02-02 13:28:00,Visitor,2
C003538,2026-02-02 13:30:00,Product View,2
C003538,2026-02-02 13:31:00,Exit,2
C003539,2026-02-05 05:10:00,Visitor,2
C003539,2026-02-05 05:12:00,Product View,2
C003539,2026-02-05 05:18:00,Product View,2
C003539,2026-02-05 05:19:00,Exit,2
C003540,2026-02-06 00:16:00,Visitor,2
C003540,2026-02-06 00:20:00,Product View,2
C003540,2026-02-06 00:21:00,Exit,2
C003541,2026-02-08 10:14:00,Visitor,2
C003541,2026-02-08 10:18:00,Exit,2
C003542,2026-02-10 06:17:00,Visitor,2
C003542,2026-02-10 06:19:00,Exit,2
C003543,2026-02-05 06:51:00,Visitor,2
C003543,2026-02-05 06:56:00,Product View,2
C003543,2026-02-05 06:57:00,Add to Cart,2
C003543,2026-02-05 06:58:00,Purchase,2
C003543,2026-02-05 07:05:00,Exit,2
C003544,2026-02-03 11:22:00,Visitor,2
C003544,2026-02-03 11:24:00,Product View,2
C003544,2026-02-03 11:25:00,Exit,2
C003545,2026-02-04 00:47:00,Visitor,2
C003545,2026-02-04 00:48:00,Product View,2
C003545,2026-02-04 01:00:00,Exit,2
C003546,2026-02-09 03:01:00,Visitor,2
C003546,2026-02-09 03:04:00,Exit,2
C003547,2026-02-04 23:44:00,Visitor,2
C003547,2026-02-04 23:49:00,Product View,2
C003547,2026-02-04 23:52:00,Exit,2
C003548,2026-02-11 23:26:00,Visitor,2
C003548,2026-02-11 23:28:00,Product View,2
C003548,2026-02-11 23:31:00,Exit,2
C003549,2026-02-07 06:33:00,Visitor,2
C003549,2026-02-07 06:34:00,Exit,2
C003550,2026-02-09 04:47:00,Visitor,2
C003550,2026-02-09 04:50:00,Product View,2
C003550,2026-02-09 05:04:00,Exit,2
C003551,2026-02-04 13:55:00,Visitor,2
C003551,2026-02-04 13:59:00,Product View,2
C003551,2026-02-04 14:04:00,Exit,2
C003552,2026-02-03 23:47:00,Visitor,2
C003552,2026-02-03 23:49:00,Product View,2
C003552,2026-02-03 23:56:00,Add to Cart,2
C003552,2026-02-04 00:08:00,Purchase,2
C003552,2026-02-04 00:18:00,Exit,2
C003553,2026-02-12 00:08:00,Visitor,2
C003553,2026-02-12 00:24:00,Product View,2
C003553,2026-02-12 00:27:00,Exit,2
C003554,2026-02-02 09:24:00,Visitor,2
C003554,2026-02-02 09:31:00,Product View,2
C003554,2026-02-02 09:32:00,Exit,2
C003555,2026-02-04 22:34:00,Visitor,2
C003555,2026-02-04 22:46:00,Exit,2
C003556,2026-02-13 04:04:00,Visitor,2
C003556,2026-02-13 04:07:00,Product View,2
C003556,2026-02-13 04:09:00,Exit,2
C003557,2026-02-12 11:08:00,Visitor,2
C003557,2026-02-12 11:17:00,Product View,2
C003557,2026-02-12 11:19:00,Product View,2
C003557,2026-02-12 11:20:00,Add to Cart,2
C003557,2026-02-12 11:21:00,Purchase,2
C003557,2026-02-12 11:22:00,Exit,2
C003558,2026-02-06 18:45:00,Visitor,2
C003558,2026-02-06 18:50:00,Exit,2
C003559,2026-02-13 19:33:00,Visitor,2
C003559,2026-02-13 19:40:00,Exit,2
C003560,2026-02-14 14:49:00,Visitor,2
C003560,2026-02-14 14:50:00,Product View,2
C003560,2026-02-14 14:54:00,Exit,2
C003561,2026-02-10 05:39:00,Visitor,2
C003561,2026-02-10 05:43:00,Product View,2
C003561,2026-02-10 05:47:00,Exit,2
C003562,2026-02-06 20:03:00,Visitor,2
C003562,2026-02-06 20:10:00,Product View,2
C003562,2026-02-06 20:11:00,Exit,2
C003563,2026-02-11 06:31:00,Visitor,2
C003563,2026-02-11 06:33:00,Product View,2
C003563,2026-02-11 06:36:00,Add to Cart,2
C003563,2026-02-11 06:38:00,Product View,2
C003563,2026-02-11 06:41:00,Exit,2
C003564,2026-02-10 10:36:00,Visitor,2
C003564,2026-02-10 10:39:00,Product View,2
C003564,2026-02-10 10:47:00,Add to Cart,2
C003564,2026-02-10 10:49:00,Purchase,2
C003564,2026-02-10 10:57:00,Exit,2
C003565,2026-02-04 10:59:00,Visitor,2
C003565,2026-02-04 11:01:00,Product View,2
C003565,2026-02-04 11:17:00,Exit,2
C003566,2026-02-03 22:31:00,Visitor,2
C003566,2026-02-03 22:38:00,Product View,2
C003566,2026-02-03 22:42:00,Product View,2
C003566,2026-02-03 22:45:00,Add to Cart,2
C003566,2026-02-03 22:46:00,Exit,2
C003567,2026-02-06 08:34:00,Visitor,2
C003567,2026-02-06 08:36:00,Product View,2
C003567,2026-02-06 08:39:00,Exit,2
C003568,2026-02-13 07:07:00,Visitor,2
C003568,2026-02-13 07:10:00,Product View,2
C003568,2026-02-13 07:11:00,Exit,2
C003569,2026-02-14 12:03:00,Visitor,2
C003569,2026-02-14 12:07:00,Product View,2
C003569,2026-02-14 12:11:00,Product View,2
C003569,2026-02-14 12:15:00,Exit,2
C003570,2026-02-13 10:41:00,Visitor,2
C003570,2026-02-13 10:54:00,Product View,2
C003570,2026-02-13 10:57:00,Exit,2
C003571,2026-02-06 19:47:00,Visitor,2
C003571,2026-02-06 19:50:00,Product View,2
C003571,2026-02-06 19:52:00,Product View,2
C003571,2026-02-06 20:01:00,Add to Cart,2
C003571,2026-02-06 20:07:00,Purchase,2
C003571,2026-02-06 20:12:00,Exit,2
C003572,2026-02-07 13:28:00,Visitor,2
C003572,2026-02-07 13:36:00,Product View,2
C003572,2026-02-07 13:37:00,Exit,2
C003573,2026-02-13 08:00:00,Visitor,2
C003573,2026-02-13 08:03:00,Exit,2
C003574,2026-02-04 21:00:00,Visitor,2
C003574,2026-02-04 21:02:00,Product View,2
C003574,2026-02-04 21:11:00,Add to Cart,2
C003574,2026-02-04 21:14:00,Purchase,2
C003574,2026-02-04 21:15:00,Exit,2
C003575,2026-02-05 23:30:00,Visitor,2
C003575,2026-02-05 23:35:00,Exit,2
C003576,2026-02-10 02:54:00,Visitor,2
C003576,2026-02-10 02:55:00,Product View,2
C003576,2026-02-10 03:12:00,Exit,2
C003577,2026-02-05 07:48:00,Visitor,2
C003577,2026-02-05 07:51:00,Product View,2
C003577,2026-02-05 08:03:00,Exit,2
C003578,2026-02-08 09:14:00,Visitor,2
C003578,2026-02-08 09:15:00,Product View,2
C003578,2026-02-08 09:22:00,Exit,2
C003579,2026-02-09 18:42:00,Visitor,2
C003579,2026-02-09 18:43:00,Exit,2
C003580,2026-02-06 14:36:00,Visitor,2
C003580,2026-02-06 14:37:00,Product View,2
C003580,2026-02-06 14:38:00,Exit,2
C003581,2026-02-09 03:37:00,Visitor,2
C003581,2026-02-09 03:39:00,Exit,2
C003582,2026-02-08 04:33:00,Visitor,2
C003582,2026-02-08 04:34:00,Product View,2
C003582,2026-02-08 04:41:00,Exit,2
C003583,2026-02-08 12:00:00,Visitor,2
C003583,2026-02-08 12:05:00,Exit,2
C003584,2026-02-01 05:42:00,Visitor,2
C003584,2026-02-01 05:46:00,Product View,2
C003584,2026-02-01 05:48:00,Product View,2
C003584,2026-02-01 05:53:00,Add to Cart,2
C003584,2026-02-01 05:55:00,Purchase,2
C003584,2026-02-01 05:56:00,Exit,2
C003585,2026-02-10 14:35:00,Visitor,2
C003585,2026-02-10 14:38:00,Exit,2
C003586,2026-02-10 19:21:00,Visitor,2
C003586,2026-02-10 19:23:00,Exit,2
C003587,2026-02-09 23:50:00,Visitor,2
C003587,2026-02-09 23:51:00,Product View,2
C003587,2026-02-09 23:53:00,Exit,2
C003588,2026-02-02 14:48:00,Visitor,2
C003588,2026-02-02 14:50:00,Product View,2
C003588,2026-02-02 14:56:00,Add to Cart,2
C003588,2026-02-02 14:57:00,Purchase,2
C003588,2026-02-02 14:59:00,Exit,2
C003589,2026-02-06 17:44:00,Visitor,2
C003589,2026-02-06 17:51:00,Exit,2
C003590,2026-02-02 15:00:00,Visitor,2
C003590,2026-02-02 15:05:00,Exit,2
C003591,2026-02-04 14:34:00,Visitor,2
C003591,2026-02-04 14:45:00,Exit,2
C003592,2026-02-04 23:06:00,Visitor,2
C003592,2026-02-04 23:15:00,Product View,2
C003592,2026-02-04 23:17:00,Exit,2
C003593,2026-02-08 11:19:00,Visitor,2
C003593,2026-02-08 11:24:00,Exit,2
C003594,2026-02-04 14:16:00,Visitor,2
C003594,2026-02-04 14:23:00,Product View,2
C003594,2026-02-04 14:25:00,Exit,2
C003595,2026-02-02 22:03:00,Visitor,2
C003595,2026-02-02 22:04:00,Product View,2
C003595,2026-02-02 22:15:00,Add to Cart,2
C003595,2026-02-02 22:27:00,Purchase,2
C003595,2026-02-02 22:29:00,Exit,2
C003596,2026-02-14 21:00:00,Visitor,2
C003596,2026-02-14 21:01:00,Exit,2
C003597,2026-02-05 03:08:00,Visitor,2
C003597,2026-02-05 03:10:00,Exit,2
C003598,2026-02-06 11:29:00,Visitor,2
C003598,2026-02-06 11:30:00,Product View,2
C003598,2026-02-06 11:32:00,Product View,2
C003598,2026-02-06 11:37:00,Product View,2
C003598,2026-02-06 11:46:00,Exit,2
C003599,2026-02-14 06:31:00,Visitor,2
C003599,2026-02-14 06:32:00,Product View,2
C003599,2026-02-14 06:39:00,Add to Cart,2
C003599,2026-02-14 06:43:00,Exit,2
C003600,2026-02-08 06:11:00,Visitor,2
C003600,2026-02-08 06:16:00,Product View,2
C003600,2026-02-08 06:22:00,Exit,2
C003601,2026-02-12 09:06:00,Visitor,2
C003601,2026-02-12 09:10:00,Exit,2
C003602,2026-02-01 12:10:00,Visitor,2
C003602,2026-02-01 12:12:00,Exit,2
C003603,2026-02-04 13:43:00,Visitor,2
C003603,2026-02-04 13:44:00,Exit,2
C003604,2026-02-04 01:35:00,Visitor,2
C003604,2026-02-04 01:36:00,Product View,2
C003604,2026-02-04 01:38:00,Product View,2
C003604,2026-02-04 01:42:00,Exit,2
C003605,2026-02-02 02:01:00,Visitor,2
C003605,2026-02-02 02:09:00,Exit,2
C003606,2026-02-11 16:34:00,Visitor,2
C003606,2026-02-11 16:39:00,Product View,2
C003606,2026-02-11 16:45:00,Exit,2
C003607,2026-02-05 21:02:00,Visitor,2
C003607,2026-02-05 21:04:00,Product View,2
C003607,2026-02-05 21:07:00,Exit,2
C003608,2026-02-08 04:45:00,Visitor,2
C003608,2026-02-08 05:00:00,Product View,2
C003608,2026-02-08 05:07:00,Exit,2
C003609,2026-02-01 23:49:00,Visitor,2
C003609,2026-02-01 23:54:00,Exit,2
C003610,2026-02-09 00:21:00,Visitor,2
C003610,2026-02-09 00:29:00,Product View,2
C003610,2026-02-09 00:41:00,Add to Cart,2
C003610,2026-02-09 00:52:00,Purchase,2
C003610,2026-02-09 00:58:00,Exit,2
C003611,2026-02-07 23:54:00,Visitor,2
C003611,2026-02-07 23:55:00,Product View,2
C003611,2026-02-07 23:56:00,Exit,2
C003612,2026-02-13 09:31:00,Visitor,2
C003612,2026-02-13 09:33:00,Product View,2
C003612,2026-02-13 09:43:00,Add to Cart,2
C003612,2026-02-13 09:45:00,Purchase,2
C003612,2026-02-13 09:52:00,Exit,2
C003613,2026-02-12 08:46:00,Visitor,2
C003613,2026-02-12 08:47:00,Product View,2
C003613,2026-02-12 08:53:00,Add to Cart,2
C003613,2026-02-12 08:55:00,Exit,2
C003614,2026-02-10 13:17:00,Visitor,2
C003614,2026-02-10 13:23:00,Product View,2
C003614,2026-02-10 13:26:00,Product View,2
C003614,2026-02-10 13:33:00,Add to Cart,2
C003614,2026-02-10 13:36:00,Purchase,2
C003614,2026-02-10 13:42:00,Exit,2
C003615,2026-02-07 23:35:00,Visitor,2
C003615,2026-02-07 23:45:00,Product View,2
C003615,2026-02-07 23:55:00,Product View,2
C003615,2026-02-07 23:57:00,Add to Cart,2
C003615,2026-02-08 00:07:00,Exit,2
C003616,2026-02-02 23:40:00,Visitor,2
C003616,2026-02-02 23:41:00,Exit,2
C003617,2026-02-01 05:34:00,Visitor,2
C003617,2026-02-01 05:39:00,Exit,2
C003618,2026-02-08 05:59:00,Visitor,2
C003618,2026-02-08 06:02:00,Exit,2
C003619,2026-02-03 22:11:00,Visitor,2
C003619,2026-02-03 22:12:00,Exit,2
C003620,2026-02-06 20:06:00,Visitor,2
C003620,2026-02-06 20:11:00,Product View,2
C003620,2026-02-06 20:19:00,Add to Cart,2
C003620,2026-02-06 20:20:00,Purchase,2
C003620,2026-02-06 20:21:00,Exit,2
C003621,2026-02-08 04:06:00,Visitor,2
C003621,2026-02-08 04:08:00,Exit,2
C003622,2026-02-08 08:41:00,Visitor,2
C003622,2026-02-08 08:56:00,Product View,2
C003622,2026-02-08 08:58:00,Add to Cart,2
C003622,2026-02-08 09:06:00,Purchase,2
C003622,2026-02-08 09:07:00,Exit,2
C003623,2026-02-06 08:46:00,Visitor,2
C003623,2026-02-06 08:50:00,Product View,2
C003623,2026-02-06 08:59:00,Exit,2
C003624,2026-02-08 11:42:00,Visitor,2
C003624,2026-02-08 11:50:00,Product View,2
C003624,2026-02-08 11:53:00,Add to Cart,2
C003624,2026-02-08 11:55:00,Purchase,2
C003624,2026-02-08 11:59:00,Exit,2
C003625,2026-02-13 21:51:00,Visitor,2
C003625,2026-02-13 21:53:00,Exit,2
C003626,2026-02-11 04:20:00,Visitor,2
C003626,2026-02-11 04:29:00,Product View,2
C003626,2026-02-11 04:34:00,Add to Cart,2
C003626,2026-02-11 04:38:00,Exit,2
C003627,2026-02-09 12:16:00,Visitor,2
C003627,2026-02-09 12:19:00,Product View,2
C003627,2026-02-09 12:26:00,Exit,2
C003628,2026-02-11 23:08:00,Visitor,2
C003628,2026-02-11 23:16:00,Product View,2
C003628,2026-02-11 23:17:00,Add to Cart,2
C003628,2026-02-11 23:21:00,Exit,2
C003629,2026-02-13 12:49:00,Visitor,2
C003629,2026-02-13 12:50:00,Product View,2
C003629,2026-02-13 13:00:00,Exit,2
C003630,2026-02-11 22:26:00,Visitor,2
C003630,2026-02-11 22:27:00,Exit,2
C003631,2026-02-02 03:17:00,Visitor,2
C003631,2026-02-02 03:18:00,Exit,2
C003632,2026-02-08 01:25:00,Visitor,2
C003632,2026-02-08 01:39:00,Exit,2
C003633,2026-02-05 10:27:00,Visitor,2
C003633,2026-02-05 10:28:00,Product View,2
C003633,2026-02-05 10:38:00,Exit,2
C003634,2026-02-09 19:25:00,Visitor,2
C003634,2026-02-09 19:26:00,Product View,2
C003634,2026-02-09 19:29:00,Add to Cart,2
C003634,2026-02-09 19:31:00,Exit,2
C003635,2026-02-07 14:53:00,Visitor,2
C003635,2026-02-07 14:56:00,Product View,2
C003635,2026-02-07 15:04:00,Exit,2
C003636,2026-02-10 12:01:00,Visitor,2
C003636,2026-02-10 12:02:00,Exit,2
C003637,2026-02-11 04:05:00,Visitor,2
C003637,2026-02-11 04:07:00,Product View,2
C003637,2026-02-11 04:10:00,Add to Cart,2
C003637,2026-02-11 04:13:00,Exit,2
C003638,2026-02-04 23:10:00,Visitor,2
C003638,2026-02-04 23:17:00,Product View,2
C003638,2026-02-04 23:18:00,Product View,2
C003638,2026-02-04 23:22:00,Exit,2
C003639,2026-02-03 08:39:00,Visitor,2
C003639,2026-02-03 08:54:00,Exit,2
C003640,2026-02-09 22:06:00,Visitor,2
C003640,2026-02-09 22:11:00,Exit,2
C003641,2026-02-05 11:48:00,Visitor,2
C003641,2026-02-05 11:53:00,Exit,2
C003642,2026-02-02 23:16:00,Visitor,2
C003642,2026-02-02 23:17:00,Exit,2
C003643,2026-02-10 22:14:00,Visitor,2
C003643,2026-02-10 22:15:00,Exit,2
C003644,2026-02-07 20:01:00,Visitor,2
C003644,2026-02-07 20:02:00,Product View,2
C003644,2026-02-07 20:06:00,Exit,2
C003645,2026-02-09 07:33:00,Visitor,2
C003645,2026-02-09 07:35:00,Product View,2
C003645,2026-02-09 07:46:00,Exit,2
C003646,2026-02-14 19:01:00,Visitor,2
C003646,2026-02-14 19:04:00,Exit,2
C003647,2026-02-14 19:40:00,Visitor,2
C003647,2026-02-14 19:43:00,Exit,2
C003648,2026-02-09 18:33:00,Visitor,2
C003648,2026-02-09 18:38:00,Exit,2
C003649,2026-02-12 02:44:00,Visitor,2
C003649,2026-02-12 02:55:00,Product View,2
C003649,2026-02-12 02:57:00,Add to Cart,2
C003649,2026-02-12 03:01:00,Purchase,2
C003649,2026-02-12 03:02:00,Exit,2
C003650,2026-02-09 19:42:00,Visitor,2
C003650,2026-02-09 19:43:00,Exit,2
C003651,2026-02-02 12:42:00,Visitor,2
C003651,2026-02-02 12:45:00,Product View,2
C003651,2026-02-02 12:46:00,Exit,2
C003652,2026-02-03 22:00:00,Visitor,2
C003652,2026-02-03 22:01:00,Exit,2
C003653,2026-02-08 22:25:00,Visitor,2
C003653,2026-02-08 22:30:00,Product View,2
C003653,2026-02-08 22:34:00,Exit,2
C003654,2026-02-14 08:46:00,Visitor,2
C003654,2026-02-14 08:56:00,Exit,2
C003655,2026-02-07 17:45:00,Visitor,2
C003655,2026-02-07 17:47:00,Product View,2
C003655,2026-02-07 17:48:00,Exit,2
C003656,2026-02-08 16:40:00,Visitor,2
C003656,2026-02-08 16:41:00,Product View,2
C003656,2026-02-08 16:43:00,Exit,2
C003657,2026-02-03 23:22:00,Visitor,2
C003657,2026-02-03 23:31:00,Exit,2
C003658,2026-02-02 17:17:00,Visitor,2
C003658,2026-02-02 17:18:00,Exit,2
C003659,2026-02-14 03:38:00,Visitor,2
C003659,2026-02-14 03:45:00,Exit,2
C003660,2026-02-09 07:40:00,Visitor,2
C003660,2026-02-09 07:43:00,Product View,2
C003660,2026-02-09 07:55:00,Exit,2
C003661,2026-02-02 16:27:00,Visitor,2
C003661,2026-02-02 16:36:00,Product View,2
C003661,2026-02-02 16:40:00,Add to Cart,2
C003661,2026-02-02 16:43:00,Purchase,2
C003661,2026-02-02 17:02:00,Repeat Purchase,2
C003661,2026-02-02 17:08:00,Loyal Customer,2
C003661,2026-02-02 17:09:00,Exit,2
C003662,2026-02-12 10:33:00,Visitor,2
C003662,2026-02-12 10:38:00,Exit,2
C003663,2026-02-09 06:10:00,Visitor,2
C003663,2026-02-09 06:15:00,Product View,2
C003663,2026-02-09 06:19:00,Exit,2
C003664,2026-02-11 01:07:00,Visitor,2
C003664,2026-02-11 01:11:00,Exit,2
C003665,2026-02-05 00:28:00,Visitor,2
C003665,2026-02-05 00:32:00,Product View,2
C003665,2026-02-05 00:33:00,Add to Cart,2
C003665,2026-02-05 00:38:00,Purchase,2
C003665,2026-02-05 00:46:00,Exit,2
C003666,2026-02-05 20:23:00,Visitor,2
C003666,2026-02-05 20:25:00,Exit,2
C003667,2026-02-03 14:48:00,Visitor,2
C003667,2026-02-03 14:50:00,Product View,2
C003667,2026-02-03 14:52:00,Add to Cart,2
C003667,2026-02-03 14:55:00,Purchase,2
C003667,2026-02-03 15:01:00,Exit,2
C003668,2026-02-08 02:22:00,Visitor,2
C003668,2026-02-08 02:24:00,Product View,2
C003668,2026-02-08 02:30:00,Add to Cart,2
C003668,2026-02-08 02:31:00,Product View,2
C003668,2026-02-08 02:38:00,Add to Cart,2
C003668,2026-02-08 02:43:00,Product View,2
C003668,2026-02-08 02:50:00,Product View,2
C003668,2026-02-08 02:53:00,Exit,2
C003669,2026-02-10 02:20:00,Visitor,2
C003669,2026-02-10 02:22:00,Exit,2
C003670,2026-02-02 08:53:00,Visitor,2
C003670,2026-02-02 08:54:00,Product View,2
C003670,2026-02-02 08:56:00,Add to Cart,2
C003670,2026-02-02 09:01:00,Exit,2
C003671,2026-02-07 23:46:00,Visitor,2
C003671,2026-02-07 23:47:00,Product View,2
C003671,2026-02-08 00:00:00,Exit,2
C003672,2026-02-08 11:35:00,Visitor,2
C003672,2026-02-08 11:40:00,Product View,2
C003672,2026-02-08 11:45:00,Exit,2
C003673,2026-02-14 08:17:00,Visitor,2
C003673,2026-02-14 08:21:00,Product View,2
C003673,2026-02-14 08:26:00,Add to Cart,2
C003673,2026-02-14 08:30:00,Purchase,2
C003673,2026-02-14 08:35:00,Exit,2
C003674,2026-02-14 22:47:00,Visitor,2
C003674,2026-02-14 22:51:00,Exit,2
C003675,2026-02-10 03:43:00,Visitor,2
C003675,2026-02-10 03:49:00,Product View,2
C003675,2026-02-10 03:53:00,Exit,2
C003676,2026-02-05 06:25:00,Visitor,2
C003676,2026-02-05 06:27:00,Product View,2
C003676,2026-02-05 06:29:00,Add to Cart,2
C003676,2026-02-05 06:31:00,Purchase,2
C003676,2026-02-05 06:37:00,Exit,2
C003677,2026-02-09 09:59:00,Visitor,2
C003677,2026-02-09 10:01:00,Product View,2
C003677,2026-02-09 10:09:00,Exit,2
C003678,2026-02-03 09:50:00,Visitor,2
C003678,2026-02-03 09:51:00,Exit,2
C003679,2026-02-08 03:57:00,Visitor,2
C003679,2026-02-08 04:03:00,Product View,2
C003679,2026-02-08 04:07:00,Product View,2
C003679,2026-02-08 04:09:00,Exit,2
C003680,2026-02-13 01:34:00,Visitor,2
C003680,2026-02-13 01:35:00,Product View,2
C003680,2026-02-13 01:36:00,Exit,2
C003681,2026-02-05 16:02:00,Visitor,2
C003681,2026-02-05 16:12:00,Product View,2
C003681,2026-02-05 16:17:00,Product View,2
C003681,2026-02-05 16:20:00,Add to Cart,2
C003681,2026-02-05 16:36:00,Exit,2
C003682,2026-02-10 00:58:00,Visitor,2
C003682,2026-02-10 01:00:00,Product View,2
C003682,2026-02-10 01:08:00,Exit,2
C003683,2026-02-12 22:31:00,Visitor,2
C003683,2026-02-12 22:33:00,Product View,2
C003683,2026-02-12 22:37:00,Add to Cart,2
C003683,2026-02-12 22:43:00,Exit,2
C003684,2026-02-06 00:40:00,Visitor,2
C003684,2026-02-06 00:41:00,Product View,2
C003684,2026-02-06 00:42:00,Exit,2
C003685,2026-02-13 16:20:00,Visitor,2
C003685,2026-02-13 16:21:00,Exit,2
C003686,2026-02-06 19:46:00,Visitor,2
C003686,2026-02-06 19:54:00,Product View,2
C003686,2026-02-06 20:03:00,Add to Cart,2
C003686,2026-02-06 20:11:00,Purchase,2
C003686,2026-02-06 20:15:00,Exit,2
C003687,2026-02-11 06:42:00,Visitor,2
C003687,2026-02-11 06:44:00,Exit,2
C003688,2026-02-12 15:38:00,Visitor,2
C003688,2026-02-12 15:43:00,Product View,2
C003688,2026-02-12 15:46:00,Exit,2
C003689,2026-02-14 10:33:00,Visitor,2
C003689,2026-02-14 10:36:00,Product View,2
C003689,2026-02-14 10:39:00,Add to Cart,2
C003689,2026-02-14 10:40:00,Purchase,2
C003689,2026-02-14 10:41:00,Exit,2
C003690,2026-02-04 20:13:00,Visitor,2
C003690,2026-02-04 20:18:00,Product View,2
C003690,2026-02-04 20:24:00,Exit,2
C003691,2026-02-07 22:04:00,Visitor,2
C003691,2026-02-07 22:08:00,Exit,2
C003692,2026-02-05 09:03:00,Visitor,2
C003692,2026-02-05 09:11:00,Product View,2
C003692,2026-02-05 09:17:00,Add to Cart,2
C003692,2026-02-05 09:23:00,Purchase,2
C003692,2026-02-05 09:39:00,Exit,2
C003693,2026-02-13 01:18:00,Visitor,2
C003693,2026-02-13 01:20:00,Product View,2
C003693,2026-02-13 01:21:00,Add to Cart,2
C003693,2026-02-13 01:24:00,Purchase,2
C003693,2026-02-13 01:25:00,Repeat Purchase,2
C003693,2026-02-13 01:35:00,Exit,2
C003694,2026-02-05 03:57:00,Visitor,2
C003694,2026-02-05 04:03:00,Product View,2
C003694,2026-02-05 04:08:00,Add to Cart,2
C003694,2026-02-05 04:14:00,Exit,2
C003695,2026-02-12 12:32:00,Visitor,2
C003695,2026-02-12 12:34:00,Exit,2
C003696,2026-02-14 20:36:00,Visitor,2
C003696,2026-02-14 20:38:00,Exit,2
C003697,2026-02-08 16:16:00,Visitor,2
C003697,2026-02-08 16:19:00,Product View,2
C003697,2026-02-08 16:20:00,Exit,2
C003698,2026-02-02 02:58:00,Visitor,2
C003698,2026-02-02 02:59:00,Product View,2
C003698,2026-02-02 03:00:00,Exit,2
C003699,2026-02-04 08:56:00,Visitor,2
C003699,2026-02-04 08:57:00,Exit,2
C003700,2026-02-08 22:11:00,Visitor,2
C003700,2026-02-08 22:12:00,Exit,2
C003701,2026-02-01 21:36:00,Visitor,2
C003701,2026-02-01 21:37:00,Exit,2
C003702,2026-02-06 09:25:00,Visitor,2
C003702,2026-02-06 09:26:00,Exit,2
C003703,2026-02-07 09:36:00,Visitor,2
C003703,2026-02-07 09:39:00,Exit,2
C003704,2026-02-05 23:27:00,Visitor,2
C003704,2026-02-05 23:29:00,Exit,2
C003705,2026-02-05 22:18:00,Visitor,2
C003705,2026-02-05 22:25:00,Product View,2
C003705,2026-02-05 22:28:00,Exit,2
C003706,2026-02-12 08:23:00,Visitor,2
C003706,2026-02-12 08:30:00,Exit,2
C003707,2026-02-09 02:47:00,Visitor,2
C003707,2026-02-09 02:51:00,Exit,2
C003708,2026-02-09 22:48:00,Visitor,2
C003708,2026-02-09 22:56:00,Product View,2
C003708,2026-02-09 23:11:00,Exit,2
C003709,2026-02-02 19:35:00,Visitor,2
C003709,2026-02-02 19:36:00,Exit,2
C003710,2026-02-12 14:48:00,Visitor,2
C003710,2026-02-12 14:49:00,Exit,2
C003711,2026-02-09 15:31:00,Visitor,2
C003711,2026-02-09 15:32:00,Exit,2
C003712,2026-02-09 07:22:00,Visitor,2
C003712,2026-02-09 07:25:00,Product View,2
C003712,2026-02-09 07:26:00,Exit,2
C003713,2026-02-06 13:17:00,Visitor,2
C003713,2026-02-06 13:33:00,Product View,2
C003713,2026-02-06 13:36:00,Exit,2
C003714,2026-02-13 23:39:00,Visitor,2
C003714,2026-02-13 23:40:00,Exit,2
C003715,2026-02-14 01:01:00,Visitor,2
C003715,2026-02-14 01:04:00,Exit,2
C003716,2026-02-03 17:04:00,Visitor,2
C003716,2026-02-03 17:05:00,Exit,2
C003717,2026-02-03 11:11:00,Visitor,2
C003717,2026-02-03 11:15:00,Product View,2
C003717,2026-02-03 11:20:00,Exit,2
C003718,2026-02-02 02:15:00,Visitor,2
C003718,2026-02-02 02:19:00,Exit,2
C003719,2026-02-06 03:58:00,Visitor,2
C003719,2026-02-06 04:07:00,Exit,2
C003720,2026-02-07 04:25:00,Visitor,2
C003720,2026-02-07 04:36:00,Product View,2
C003720,2026-02-07 04:38:00,Exit,2
C003721,2026-02-09 22:22:00,Visitor,2
C003721,2026-02-09 22:32:00,Exit,2
C003722,2026-02-10 04:56:00,Visitor,2
C003722,2026-02-10 04:57:00,Product View,2
C003722,2026-02-10 05:07:00,Product View,2
C003722,2026-02-10 05:08:00,Exit,2
C003723,2026-02-07 07:42:00,Visitor,2
C003723,2026-02-07 07:50:00,Product View,2
C003723,2026-02-07 07:55:00,Exit,2
C003724,2026-02-14 02:14:00,Visitor,2
C003724,2026-02-14 02:21:00,Exit,2
C003725,2026-02-08 02:28:00,Visitor,2
C003725,2026-02-08 02:29:00,Exit,2
C003726,2026-02-14 16:43:00,Visitor,2
C003726,2026-02-14 16:44:00,Exit,2
C003727,2026-02-02 03:13:00,Visitor,2
C003727,2026-02-02 03:28:00,Product View,2
C003727,2026-02-02 03:30:00,Exit,2
C003728,2026-02-08 04:37:00,Visitor,2
C003728,2026-02-08 04:38:00,Product View,2
C003728,2026-02-08 04:42:00,Exit,2
C003729,2026-02-11 01:21:00,Visitor,2
C003729,2026-02-11 01:26:00,Exit,2
C003730,2026-02-01 03:13:00,Visitor,2
C003730,2026-02-01 03:18:00,Exit,2
C003731,2026-02-08 01:18:00,Visitor,2
C003731,2026-02-08 01:24:00,Exit,2
C003732,2026-02-04 23:52:00,Visitor,2
C003732,2026-02-04 23:54:00,Product View,2
C003732,2026-02-05 00:04:00,Exit,2
C003733,2026-02-12 15:08:00,Visitor,2
C003733,2026-02-12 15:13:00,Product View,2
C003733,2026-02-12 15:18:00,Add to Cart,2
C003733,2026-02-12 15:20:00,Exit,2
C003734,2026-02-01 03:12:00,Visitor,2
C003734,2026-02-01 03:16:00,Product View,2
C003734,2026-02-01 03:18:00,Exit,2
C003735,2026-02-14 00:08:00,Visitor,2
C003735,2026-02-14 00:09:00,Product View,2
C003735,2026-02-14 00:10:00,Exit,2
C003736,2026-02-13 08:47:00,Visitor,2
C003736,2026-02-13 08:53:00,Exit,2
C003737,2026-02-12 15:59:00,Visitor,2
C003737,2026-02-12 16:01:00,Product View,2
C003737,2026-02-12 16:03:00,Exit,2
C003738,2026-02-02 00:29:00,Visitor,2
C003738,2026-02-02 00:30:00,Exit,2
C003739,2026-02-11 09:28:00,Visitor,2
C003739,2026-02-11 09:36:00,Product View,2
C003739,2026-02-11 09:37:00,Exit,2
C003740,2026-02-12 12:07:00,Visitor,2
C003740,2026-02-12 12:14:00,Exit,2
C003741,2026-02-09 13:40:00,Visitor,2
C003741,2026-02-09 13:47:00,Product View,2
C003741,2026-02-09 13:49:00,Add to Cart,2
C003741,2026-02-09 13:52:00,Purchase,2
C003741,2026-02-09 13:56:00,Exit,2
C003742,2026-02-08 20:12:00,Visitor,2
C003742,2026-02-08 20:16:00,Exit,2
C003743,2026-02-05 08:04:00,Visitor,2
C003743,2026-02-05 08:06:00,Exit,2
C003744,2026-02-12 21:21:00,Visitor,2
C003744,2026-02-12 21:40:00,Exit,2
C003745,2026-02-04 00:21:00,Visitor,2
C003745,2026-02-04 00:23:00,Product View,2
C003745,2026-02-04 00:27:00,Exit,2
C003746,2026-02-06 23:51:00,Visitor,2
C003746,2026-02-06 23:52:00,Product View,2
C003746,2026-02-06 23:55:00,Add to Cart,2
C003746,2026-02-06 23:57:00,Purchase,2
C003746,2026-02-06 23:59:00,Exit,2
C003747,2026-02-06 01:02:00,Visitor,2
C003747,2026-02-06 01:05:00,Product View,2
C003747,2026-02-06 01:09:00,Exit,2
C003748,2026-02-05 05:17:00,Visitor,2
C003748,2026-02-05 05:18:00,Product View,2
C003748,2026-02-05 05:20:00,Exit,2
C003749,2026-02-05 20:54:00,Visitor,2
C003749,2026-02-05 20:56:00,Exit,2
C003750,2026-02-09 00:36:00,Visitor,2
C003750,2026-02-09 00:39:00,Exit,2
C003751,2026-02-02 00:19:00,Visitor,2
C003751,2026-02-02 00:35:00,Product View,2
C003751,2026-02-02 00:37:00,Exit,2
C003752,2026-02-01 02:52:00,Visitor,2
C003752,2026-02-01 02:53:00,Product View,2
C003752,2026-02-01 03:10:00,Exit,2
C003753,2026-02-02 00:05:00,Visitor,2
C003753,2026-02-02 00:09:00,Product View,2
C003753,2026-02-02 00:11:00,Exit,2
C003754,2026-02-01 10:35:00,Visitor,2
C003754,2026-02-01 10:39:00,Product View,2
C003754,2026-02-01 10:44:00,Exit,2
C003755,2026-02-06 00:58:00,Visitor,2
C003755,2026-02-06 01:00:00,Exit,2
C003756,2026-02-03 19:20:00,Visitor,2
C003756,2026-02-03 19:31:00,Product View,2
C003756,2026-02-03 19:34:00,Exit,2
C003757,2026-02-11 04:28:00,Visitor,2
C003757,2026-02-11 04:37:00,Product View,2
C003757,2026-02-11 04:38:00,Add to Cart,2
C003757,2026-02-11 04:40:00,Product View,2
C003757,2026-02-11 04:41:00,Add to Cart,2
C003757,2026-02-11 04:43:00,Product View,2
C003757,2026-02-11 04:44:00,Add to Cart,2
C003757,2026-02-11 04:48:00,Exit,2
C003758,2026-02-14 01:23:00,Visitor,2
C003758,2026-02-14 01:24:00,Product View,2
C003758,2026-02-14 01:29:00,Product View,2
C003758,2026-02-14 01:36:00,Exit,2
C003759,2026-02-13 22:31:00,Visitor,2
C003759,2026-02-13 22:34:00,Product View,2
C003759,2026-02-13 22:40:00,Exit,2
C003760,2026-02-04 19:08:00,Visitor,2
C003760,2026-02-04 19:09:00,Exit,2
C003761,2026-02-02 22:18:00,Visitor,2
C003761,2026-02-02 22:19:00,Exit,2
C003762,2026-02-02 19:19:00,Visitor,2
C003762,2026-02-02 19:21:00,Exit,2
C003763,2026-02-05 11:59:00,Visitor,2
C003763,2026-02-05 12:06:00,Exit,2
C003764,2026-02-05 12:51:00,Visitor,2
C003764,2026-02-05 12:52:00,Exit,2
C003765,2026-02-04 04:15:00,Visitor,2
C003765,2026-02-04 04:24:00,Product View,2
C003765,2026-02-04 04:34:00,Exit,2
C003766,2026-02-12 02:26:00,Visitor,2
C003766,2026-02-12 02:29:00,Exit,2
C003767,2026-02-13 20:42:00,Visitor,2
C003767,2026-02-13 20:46:00,Product View,2
C003767,2026-02-13 20:47:00,Exit,2
C003768,2026-02-08 13:49:00,Visitor,2
C003768,2026-02-08 13:50:00,Product View,2
C003768,2026-02-08 13:51:00,Exit,2
C003769,2026-02-10 23:36:00,Visitor,2
C003769,2026-02-10 23:43:00,Exit,2
C003770,2026-02-03 13:52:00,Visitor,2
C003770,2026-02-03 13:59:00,Exit,2
C003771,2026-02-07 03:16:00,Visitor,2
C003771,2026-02-07 03:20:00,Product View,2
C003771,2026-02-07 03:24:00,Exit,2
C003772,2026-02-11 16:39:00,Visitor,2
C003772,2026-02-11 16:52:00,Product View,2
C003772,2026-02-11 16:53:00,Exit,2
C003773,2026-02-05 02:52:00,Visitor,2
C003773,2026-02-05 03:09:00,Product View,2
C003773,2026-02-05 03:14:00,Exit,2
C003774,2026-02-05 20:41:00,Visitor,2
C003774,2026-02-05 20:54:00,Exit,2
C003775,2026-02-07 08:28:00,Visitor,2
C003775,2026-02-07 08:29:00,Product View,2
C003775,2026-02-07 08:32:00,Exit,2
C003776,2026-02-10 10:55:00,Visitor,2
C003776,2026-02-10 10:56:00,Product View,2
C003776,2026-02-10 11:00:00,Add to Cart,2
C003776,2026-02-10 11:04:00,Exit,2
C003777,2026-02-13 02:26:00,Visitor,2
C003777,2026-02-13 02:27:00,Product View,2
C003777,2026-02-13 02:28:00,Exit,2
C003778,2026-02-09 19:06:00,Visitor,2
C003778,2026-02-09 19:07:00,Product View,2
C003778,2026-02-09 19:10:00,Exit,2
C003779,2026-02-07 16:16:00,Visitor,2
C003779,2026-02-07 16:17:00,Product View,2
C003779,2026-02-07 16:20:00,Exit,2
C003780,2026-02-09 10:48:00,Visitor,2
C003780,2026-02-09 10:49:00,Exit,2
C003781,2026-02-11 14:14:00,Visitor,2
C003781,2026-02-11 14:16:00,Exit,2
C003782,2026-02-05 18:23:00,Visitor,2
C003782,2026-02-05 18:31:00,Exit,2
C003783,2026-02-06 12:49:00,Visitor,2
C003783,2026-02-06 12:51:00,Exit,2
C003784,2026-02-13 15:35:00,Visitor,2
C003784,2026-02-13 15:36:00,Product View,2
C003784,2026-02-13 15:47:00,Add to Cart,2
C003784,2026-02-13 15:48:00,Purchase,2
C003784,2026-02-13 15:53:00,Exit,2
C003785,2026-02-14 05:15:00,Visitor,2
C003785,2026-02-14 05:25:00,Product View,2
C003785,2026-02-14 05:30:00,Exit,2
C003786,2026-02-01 13:25:00,Visitor,2
C003786,2026-02-01 13:39:00,Exit,2
C003787,2026-02-02 06:06:00,Visitor,2
C003787,2026-02-02 06:20:00,Exit,2
C003788,2026-02-12 05:19:00,Visitor,2
C003788,2026-02-12 05:20:00,Exit,2
C003789,2026-02-08 00:58:00,Visitor,2
C003789,2026-02-08 01:13:00,Exit,2
C003790,2026-02-10 12:09:00,Visitor,2
C003790,2026-02-10 12:10:00,Exit,2
C003791,2026-02-05 10:02:00,Visitor,2
C003791,2026-02-05 10:10:00,Product View,2
C003791,2026-02-05 10:13:00,Exit,2
C003792,2026-02-14 11:00:00,Visitor,2
C003792,2026-02-14 11:11:00,Product View,2
C003792,2026-02-14 11:13:00,Exit,2
C003793,2026-02-08 22:16:00,Visitor,2
C003793,2026-02-08 22:25:00,Exit,2
C003794,2026-02-03 06:19:00,Visitor,2
C003794,2026-02-03 06:27:00,Product View,2
C003794,2026-02-03 06:31:00,Add to Cart,2
C003794,2026-02-03 06:34:00,Purchase,2
C003794,2026-02-03 06:44:00,Exit,2
C003795,2026-02-10 04:56:00,Visitor,2
C003795,2026-02-10 05:00:00,Exit,2
C003796,2026-02-03 18:35:00,Visitor,2
C003796,2026-02-03 18:38:00,Exit,2
C003797,2026-02-04 10:54:00,Visitor,2
C003797,2026-02-04 10:58:00,Exit,2
C003798,2026-02-09 20:57:00,Visitor,2
C003798,2026-02-09 21:04:00,Product View,2
C003798,2026-02-09 21:07:00,Exit,2
C003799,2026-02-08 14:24:00,Visitor,2
C003799,2026-02-08 14:27:00,Product View,2
C003799,2026-02-08 14:29:00,Exit,2
C003800,2026-02-14 08:02:00,Visitor,2
C003800,2026-02-14 08:09:00,Product View,2
C003800,2026-02-14 08:10:00,Exit,2
C003801,2026-02-10 15:04:00,Visitor,2
C003801,2026-02-10 15:08:00,Product View,2
C003801,2026-02-10 15:21:00,Exit,2
C003802,2026-02-13 14:00:00,Visitor,2
C003802,2026-02-13 14:01:00,Product View,2
C003802,2026-02-13 14:17:00,Exit,2
C003803,2026-02-02 20:56:00,Visitor,2
C003803,2026-02-02 21:03:00,Exit,2
C003804,2026-02-12 23:10:00,Visitor,2
C003804,2026-02-12 23:11:00,Exit,2
C003805,2026-02-12 03:40:00,Visitor,2
C003805,2026-02-12 03:42:00,Product View,2
C003805,2026-02-12 03:48:00,Add to Cart,2
C003805,2026-02-12 03:51:00,Purchase,2
C003805,2026-02-12 03:52:00,Exit,2
C003806,2026-02-06 21:59:00,Visitor,2
C003806,2026-02-06 22:01:00,Product View,2
C003806,2026-02-06 22:07:00,Exit,2
C003807,2026-02-11 20:22:00,Visitor,2
C003807,2026-02-11 20:23:00,Exit,2
C003808,2026-02-14 18:08:00,Visitor,2
C003808,2026-02-14 18:12:00,Product View,2
C003808,2026-02-14 18:18:00,Exit,2
C003809,2026-02-13 11:02:00,Visitor,2
C003809,2026-02-13 11:10:00,Product View,2
C003809,2026-02-13 11:23:00,Exit,2
C003810,2026-02-07 03:50:00,Visitor,2
C003810,2026-02-07 03:52:00,Product View,2
C003810,2026-02-07 03:56:00,Add to Cart,2
C003810,2026-02-07 04:06:00,Purchase,2
C003810,2026-02-07 04:09:00,Exit,2
C003811,2026-02-07 22:09:00,Visitor,2
C003811,2026-02-07 22:20:00,Product View,2
C003811,2026-02-07 22:23:00,Add to Cart,2
C003811,2026-02-07 22:30:00,Exit,2
C003812,2026-02-03 19:03:00,Visitor,2
C003812,2026-02-03 19:10:00,Product View,2
C003812,2026-02-03 19:16:00,Add to Cart,2
C003812,2026-02-03 19:18:00,Product View,2
C003812,2026-02-03 19:21:00,Product View,2
C003812,2026-02-03 19:22:00,Exit,2
C003813,2026-02-05 11:07:00,Visitor,2
C003813,2026-02-05 11:14:00,Product View,2
C003813,2026-02-05 11:29:00,Exit,2
C003814,2026-02-01 01:25:00,Visitor,2
C003814,2026-02-01 01:32:00,Product View,2
C003814,2026-02-01 01:38:00,Exit,2
C003815,2026-02-06 08:00:00,Visitor,2
C003815,2026-02-06 08:06:00,Exit,2
C003816,2026-02-11 08:35:00,Visitor,2
C003816,2026-02-11 08:38:00,Product View,2
C003816,2026-02-11 08:40:00,Exit,2
C003817,2026-02-10 21:45:00,Visitor,2
C003817,2026-02-10 21:47:00,Product View,2
C003817,2026-02-10 21:49:00,Add to Cart,2
C003817,2026-02-10 21:50:00,Purchase,2
C003817,2026-02-10 22:01:00,Exit,2
C003818,2026-02-03 07:17:00,Visitor,2
C003818,2026-02-03 07:19:00,Product View,2
C003818,2026-02-03 07:24:00,Exit,2
C003819,2026-02-02 05:04:00,Visitor,2
C003819,2026-02-02 05:07:00,Exit,2
C003820,2026-02-08 12:54:00,Visitor,2
C003820,2026-02-08 12:57:00,Exit,2
C003821,2026-02-04 04:23:00,Visitor,2
C003821,2026-02-04 04:29:00,Product View,2
C003821,2026-02-04 04:32:00,Exit,2
C003822,2026-02-03 22:29:00,Visitor,2
C003822,2026-02-03 22:30:00,Exit,2
C003823,2026-02-05 11:53:00,Visitor,2
C003823,2026-02-05 12:04:00,Product View,2
C003823,2026-02-05 12:07:00,Add to Cart,2
C003823,2026-02-05 12:11:00,Purchase,2
C003823,2026-02-05 12:14:00,Exit,2
C003824,2026-02-01 09:32:00,Visitor,2
C003824,2026-02-01 09:37:00,Product View,2
C003824,2026-02-01 09:38:00,Exit,2
C003825,2026-02-07 00:32:00,Visitor,2
C003825,2026-02-07 00:43:00,Product View,2
C003825,2026-02-07 00:45:00,Exit,2
C003826,2026-02-11 20:40:00,Visitor,2
C003826,2026-02-11 20:43:00,Product View,2
C003826,2026-02-11 20:54:00,Exit,2
C003827,2026-02-02 08:43:00,Visitor,2
C003827,2026-02-02 08:44:00,Product View,2
C003827,2026-02-02 08:46:00,Add to Cart,2
C003827,2026-02-02 08:47:00,Purchase,2
C003827,2026-02-02 08:50:00,Exit,2
C003828,2026-02-09 14:56:00,Visitor,2
C003828,2026-02-09 14:57:00,Exit,2
C003829,2026-02-08 05:25:00,Visitor,2
C003829,2026-02-08 05:26:00,Exit,2
C003830,2026-02-03 06:44:00,Visitor,2
C003830,2026-02-03 06:47:00,Product View,2
C003830,2026-02-03 06:49:00,Exit,2
C003831,2026-02-13 19:50:00,Visitor,2
C003831,2026-02-13 19:53:00,Product View,2
C003831,2026-02-13 19:54:00,Exit,2
C003832,2026-02-07 01:42:00,Visitor,2
C003832,2026-02-07 01:44:00,Exit,2
C003833,2026-02-01 14:21:00,Visitor,2
C003833,2026-02-01 14:29:00,Exit,2
C003834,2026-02-06 19:44:00,Visitor,2
C003834,2026-02-06 19:47:00,Product View,2
C003834,2026-02-06 19:48:00,Exit,2
C003835,2026-02-07 13:04:00,Visitor,2
C003835,2026-02-07 13:09:00,Product View,2
C003835,2026-02-07 13:19:00,Exit,2
C003836,2026-02-04 00:15:00,Visitor,2
C003836,2026-02-04 00:19:00,Exit,2
C003837,2026-02-02 16:57:00,Visitor,2
C003837,2026-02-02 17:04:00,Exit,2
C003838,2026-02-14 12:51:00,Visitor,2
C003838,2026-02-14 12:56:00,Product View,2
C003838,2026-02-14 12:58:00,Exit,2
C003839,2026-02-13 00:52:00,Visitor,2
C003839,2026-02-13 00:57:00,Exit,2
C003840,2026-02-08 04:36:00,Visitor,2
C003840,2026-02-08 04:37:00,Product View,2
C003840,2026-02-08 04:40:00,Add to Cart,2
C003840,2026-02-08 04:55:00,Purchase,2
C003840,2026-02-08 04:56:00,Exit,2
C003841,2026-02-14 16:08:00,Visitor,2
C003841,2026-02-14 16:15:00,Exit,2
C003842,2026-02-04 23:17:00,Visitor,2
C003842,2026-02-04 23:21:00,Exit,2
C003843,2026-02-08 12:43:00,Visitor,2
C003843,2026-02-08 12:47:00,Exit,2
C003844,2026-02-14 00:08:00,Visitor,2
C003844,2026-02-14 00:32:00,Product View,2
C003844,2026-02-14 00:38:00,Exit,2
C003845,2026-02-06 02:32:00,Visitor,2
C003845,2026-02-06 02:39:00,Product View,2
C003845,2026-02-06 02:46:00,Exit,2
C003846,2026-02-02 11:25:00,Visitor,2
C003846,2026-02-02 11:27:00,Exit,2
C003847,2026-02-04 18:21:00,Visitor,2
C003847,2026-02-04 18:26:00,Exit,2
C003848,2026-02-03 18:11:00,Visitor,2
C003848,2026-02-03 18:16:00,Exit,2
C003849,2026-02-01 04:47:00,Visitor,2
C003849,2026-02-01 04:54:00,Product View,2
C003849,2026-02-01 05:00:00,Exit,2
C003850,2026-02-04 10:38:00,Visitor,2
C003850,2026-02-04 10:41:00,Exit,2
C003851,2026-02-01 14:52:00,Visitor,2
C003851,2026-02-01 14:54:00,Exit,2
C003852,2026-02-13 20:32:00,Visitor,2
C003852,2026-02-13 20:34:00,Exit,2
C003853,2026-02-10 20:44:00,Visitor,2
C003853,2026-02-10 20:46:00,Exit,2
C003854,2026-02-02 00:43:00,Visitor,2
C003854,2026-02-02 00:48:00,Exit,2
C003855,2026-02-04 05:36:00,Visitor,2
C003855,2026-02-04 05:39:00,Exit,2
C003856,2026-02-13 10:58:00,Visitor,2
C003856,2026-02-13 11:00:00,Product View,2
C003856,2026-02-13 11:10:00,Exit,2
C003857,2026-02-13 05:52:00,Visitor,2
C003857,2026-02-13 06:02:00,Exit,2
C003858,2026-02-01 17:23:00,Visitor,2
C003858,2026-02-01 17:25:00,Exit,2
C003859,2026-02-14 04:21:00,Visitor,2
C003859,2026-02-14 04:23:00,Product View,2
C003859,2026-02-14 04:24:00,Exit,2
C003860,2026-02-11 02:21:00,Visitor,2
C003860,2026-02-11 02:29:00,Product View,2
C003860,2026-02-11 02:30:00,Exit,2
C003861,2026-02-01 20:48:00,Visitor,2
C003861,2026-02-01 20:49:00,Exit,2
C003862,2026-02-06 17:20:00,Visitor,2
C003862,2026-02-06 17:22:00,Exit,2
C003863,2026-02-01 08:17:00,Visitor,2
C003863,2026-02-01 08:18:00,Exit,2
C003864,2026-02-07 21:15:00,Visitor,2
C003864,2026-02-07 21:18:00,Product View,2
C003864,2026-02-07 21:20:00,Exit,2
C003865,2026-02-01 08:41:00,Visitor,2
C003865,2026-02-01 08:44:00,Exit,2
C003866,2026-02-14 10:23:00,Visitor,2
C003866,2026-02-14 10:29:00,Exit,2
C003867,2026-02-03 12:32:00,Visitor,2
C003867,2026-02-03 12:35:00,Exit,2
C003868,2026-02-09 10:22:00,Visitor,2
C003868,2026-02-09 10:23:00,Product View,2
C003868,2026-02-09 10:25:00,Exit,2
C003869,2026-02-03 00:48:00,Visitor,2
C003869,2026-02-03 00:51:00,Product View,2
C003869,2026-02-03 00:54:00,Add to Cart,2
C003869,2026-02-03 01:03:00,Purchase,2
C003869,2026-02-03 01:18:00,Repeat Purchase,2
C003869,2026-02-03 01:19:00,Exit,2
C003870,2026-02-09 07:58:00,Visitor,2
C003870,2026-02-09 08:00:00,Product View,2
C003870,2026-02-09 08:05:00,Add to Cart,2
C003870,2026-02-09 08:06:00,Purchase,2
C003870,2026-02-09 08:13:00,Exit,2
C003871,2026-02-05 17:41:00,Visitor,2
C003871,2026-02-05 17:45:00,Exit,2
C003872,2026-02-11 21:28:00,Visitor,2
C003872,2026-02-11 21:30:00,Exit,2
C003873,2026-02-03 12:31:00,Visitor,2
C003873,2026-02-03 12:43:00,Product View,2
C003873,2026-02-03 12:44:00,Exit,2
C003874,2026-02-14 08:12:00,Visitor,2
C003874,2026-02-14 08:16:00,Exit,2
C003875,2026-02-06 02:41:00,Visitor,2
C003875,2026-02-06 02:44:00,Product View,2
C003875,2026-02-06 02:46:00,Product View,2
C003875,2026-02-06 02:56:00,Product View,2
C003875,2026-02-06 03:19:00,Exit,2
C003876,2026-02-04 16:27:00,Visitor,2
C003876,2026-02-04 16:32:00,Product View,2
C003876,2026-02-04 16:34:00,Exit,2
C003877,2026-02-09 19:34:00,Visitor,2
C003877,2026-02-09 19:35:00,Product View,2
C003877,2026-02-09 19:51:00,Exit,2
C003878,2026-02-03 02:19:00,Visitor,2
C003878,2026-02-03 02:28:00,Product View,2
C003878,2026-02-03 02:30:00,Exit,2
C003879,2026-02-07 03:09:00,Visitor,2
C003879,2026-02-07 03:21:00,Product View,2
C003879,2026-02-07 03:36:00,Exit,2
C003880,2026-02-12 16:31:00,Visitor,2
C003880,2026-02-12 16:36:00,Product View,2
C003880,2026-02-12 16:37:00,Product View,2
C003880,2026-02-12 16:42:00,Exit,2
C003881,2026-02-03 13:25:00,Visitor,2
C003881,2026-02-03 13:29:00,Exit,2
C003882,2026-02-04 20:25:00,Visitor,2
C003882,2026-02-04 20:32:00,Exit,2
C003883,2026-02-09 03:51:00,Visitor,2
C003883,2026-02-09 03:58:00,Exit,2
C003884,2026-02-09 04:45:00,Visitor,2
C003884,2026-02-09 04:52:00,Product View,2
C003884,2026-02-09 04:57:00,Product View,2
C003884,2026-02-09 05:09:00,Exit,2
C003885,2026-02-12 13:53:00,Visitor,2
C003885,2026-02-12 14:03:00,Product View,2
C003885,2026-02-12 14:08:00,Exit,2
C003886,2026-02-12 17:11:00,Visitor,2
C003886,2026-02-12 17:16:00,Product View,2
C003886,2026-02-12 17:31:00,Exit,2
C003887,2026-02-04 13:57:00,Visitor,2
C003887,2026-02-04 13:58:00,Exit,2
C003888,2026-02-01 12:15:00,Visitor,2
C003888,2026-02-01 12:19:00,Product View,2
C003888,2026-02-01 12:26:00,Exit,2
C003889,2026-02-12 17:26:00,Visitor,2
C003889,2026-02-12 17:27:00,Product View,2
C003889,2026-02-12 17:28:00,Add to Cart,2
C003889,2026-02-12 17:30:00,Exit,2
C003890,2026-02-08 23:26:00,Visitor,2
C003890,2026-02-08 23:32:00,Product View,2
C003890,2026-02-08 23:33:00,Exit,2
C003891,2026-02-13 22:32:00,Visitor,2
C003891,2026-02-13 22:33:00,Exit,2
C003892,2026-02-01 21:19:00,Visitor,2
C003892,2026-02-01 21:23:00,Product View,2
C003892,2026-02-01 21:31:00,Exit,2
C003893,2026-02-14 17:44:00,Visitor,2
C003893,2026-02-14 17:48:00,Product View,2
C003893,2026-02-14 18:09:00,Exit,2
C003894,2026-02-06 10:29:00,Visitor,2
C003894,2026-02-06 10:30:00,Exit,2
C003895,2026-02-07 21:40:00,Visitor,2
C003895,2026-02-07 21:47:00,Product View,2
C003895,2026-02-07 21:49:00,Exit,2
C003896,2026-02-12 11:52:00,Visitor,2
C003896,2026-02-12 11:55:00,Product View,2
C003896,2026-02-12 11:58:00,Exit,2
C003897,2026-02-06 02:25:00,Visitor,2
C003897,2026-02-06 02:28:00,Exit,2
C003898,2026-02-14 19:11:00,Visitor,2
C003898,2026-02-14 19:18:00,Product View,2
C003898,2026-02-14 19:27:00,Exit,2
C003899,2026-02-03 16:36:00,Visitor,2
C003899,2026-02-03 16:44:00,Exit,2
C003900,2026-02-06 19:59:00,Visitor,2
C003900,2026-02-06 20:06:00,Product View,2
C003900,2026-02-06 20:11:00,Exit,2
C003901,2026-02-07 04:36:00,Visitor,2
C003901,2026-02-07 04:48:00,Product View,2
C003901,2026-02-07 04:55:00,Exit,2
C003902,2026-02-03 14:42:00,Visitor,2
C003902,2026-02-03 14:48:00,Product View,2
C003902,2026-02-03 14:51:00,Add to Cart,2
C003902,2026-02-03 14:54:00,Purchase,2
C003902,2026-02-03 14:55:00,Exit,2
C003903,2026-02-04 20:57:00,Visitor,2
C003903,2026-02-04 21:01:00,Exit,2
C003904,2026-02-13 14:34:00,Visitor,2
C003904,2026-02-13 14:35:00,Product View,2
C003904,2026-02-13 14:42:00,Exit,2
C003905,2026-02-10 07:43:00,Visitor,2
C003905,2026-02-10 07:45:00,Product View,2
C003905,2026-02-10 07:46:00,Exit,2
C003906,2026-02-04 12:16:00,Visitor,2
C003906,2026-02-04 12:17:00,Product View,2
C003906,2026-02-04 12:19:00,Product View,2
C003906,2026-02-04 12:25:00,Exit,2
C003907,2026-02-14 04:42:00,Visitor,2
C003907,2026-02-14 04:44:00,Product View,2
C003907,2026-02-14 04:45:00,Exit,2
C003908,2026-02-12 03:18:00,Visitor,2
C003908,2026-02-12 03:19:00,Product View,2
C003908,2026-02-12 03:27:00,Product View,2
C003908,2026-02-12 03:31:00,Product View,2
C003908,2026-02-12 03:33:00,Add to Cart,2
C003908,2026-02-12 03:34:00,Purchase,2
C003908,2026-02-12 03:39:00,Repeat Purchase,2
C003908,2026-02-12 03:46:00,Exit,2
C003909,2026-02-11 06:57:00,Visitor,2
C003909,2026-02-11 06:58:00,Exit,2
C003910,2026-02-13 09:59:00,Visitor,2
C003910,2026-02-13 10:03:00,Product View,2
C003910,2026-02-13 10:04:00,Add to Cart,2
C003910,2026-02-13 10:05:00,Exit,2
C003911,2026-02-14 12:41:00,Visitor,2
C003911,2026-02-14 12:53:00,Exit,2
C003912,2026-02-01 09:49:00,Visitor,2
C003912,2026-02-01 09:57:00,Product View,2
C003912,2026-02-01 09:58:00,Exit,2
C003913,2026-02-02 16:30:00,Visitor,2
C003913,2026-02-02 16:31:00,Product View,2
C003913,2026-02-02 16:33:00,Add to Cart,2
C003913,2026-02-02 16:34:00,Exit,2
C003914,2026-02-05 03:31:00,Visitor,2
C003914,2026-02-05 03:32:00,Exit,2
C003915,2026-02-06 02:52:00,Visitor,2
C003915,2026-02-06 03:07:00,Product View,2
C003915,2026-02-06 03:09:00,Exit,2
C003916,2026-02-06 20:37:00,Visitor,2
C003916,2026-02-06 20:43:00,Product View,2
C003916,2026-02-06 20:48:00,Add to Cart,2
C003916,2026-02-06 20:52:00,Purchase,2
C003916,2026-02-06 20:54:00,Exit,2
C003917,2026-02-05 22:23:00,Visitor,2
C003917,2026-02-05 22:33:00,Product View,2
C003917,2026-02-05 22:34:00,Exit,2
C003918,2026-02-14 17:12:00,Visitor,2
C003918,2026-02-14 17:25:00,Product View,2
C003918,2026-02-14 17:26:00,Exit,2
C003919,2026-02-05 15:22:00,Visitor,2
C003919,2026-02-05 15:25:00,Product View,2
C003919,2026-02-05 15:26:00,Add to Cart,2
C003919,2026-02-05 15:31:00,Purchase,2
C003919,2026-02-05 15:35:00,Exit,2
C003920,2026-02-11 15:29:00,Visitor,2
C003920,2026-02-11 15:30:00,Product View,2
C003920,2026-02-11 15:37:00,Add to Cart,2
C003920,2026-02-11 15:42:00,Purchase,2
C003920,2026-02-11 15:43:00,Exit,2
C003921,2026-02-08 14:48:00,Visitor,2
C003921,2026-02-08 14:50:00,Product View,2
C003921,2026-02-08 14:52:00,Product View,2
C003921,2026-02-08 14:56:00,Exit,2
C003922,2026-02-04 11:28:00,Visitor,2
C003922,2026-02-04 11:29:00,Product View,2
C003922,2026-02-04 11:31:00,Exit,2
C003923,2026-02-09 12:22:00,Visitor,2
C003923,2026-02-09 12:25:00,Product View,2
C003923,2026-02-09 12:28:00,Add to Cart,2
C003923,2026-02-09 12:34:00,Purchase,2
C003923,2026-02-09 12:38:00,Repeat Purchase,2
C003923,2026-02-09 12:39:00,Loyal Customer,2
C003923,2026-02-09 12:44:00,Exit,2
C003924,2026-02-01 05:01:00,Visitor,2
C003924,2026-02-01 05:03:00,Product View,2
C003924,2026-02-01 05:06:00,Product View,2
C003924,2026-02-01 05:08:00,Add to Cart,2
C003924,2026-02-01 05:22:00,Exit,2
C003925,2026-02-07 19:04:00,Visitor,2
C003925,2026-02-07 19:05:00,Exit,2
C003926,2026-02-07 09:39:00,Visitor,2
C003926,2026-02-07 09:52:00,Product View,2
C003926,2026-02-07 09:55:00,Add to Cart,2
C003926,2026-02-07 10:03:00,Product View,2
C003926,2026-02-07 10:08:00,Exit,2
C003927,2026-02-05 10:21:00,Visitor,2
C003927,2026-02-05 10:25:00,Product View,2
C003927,2026-02-05 10:28:00,Exit,2
C003928,2026-02-08 13:36:00,Visitor,2
C003928,2026-02-08 13:39:00,Product View,2
C003928,2026-02-08 13:41:00,Exit,2
C003929,2026-02-13 03:09:00,Visitor,2
C003929,2026-02-13 03:14:00,Exit,2
C003930,2026-02-05 09:03:00,Visitor,2
C003930,2026-02-05 09:04:00,Product View,2
C003930,2026-02-05 09:06:00,Add to Cart,2
C003930,2026-02-05 09:19:00,Exit,2
C003931,2026-02-01 00:18:00,Visitor,2
C003931,2026-02-01 00:23:00,Product View,2
C003931,2026-02-01 00:25:00,Exit,2
C003932,2026-02-08 02:48:00,Visitor,2
C003932,2026-02-08 02:51:00,Exit,2
C003933,2026-02-11 10:19:00,Visitor,2
C003933,2026-02-11 10:22:00,Exit,2
C003934,2026-02-13 08:50:00,Visitor,2
C003934,2026-02-13 09:01:00,Exit,2
C003935,2026-02-08 02:15:00,Visitor,2
C003935,2026-02-08 02:18:00,Exit,2
C003936,2026-02-07 06:42:00,Visitor,2
C003936,2026-02-07 06:45:00,Product View,2
C003936,2026-02-07 06:48:00,Exit,2
C003937,2026-02-14 16:10:00,Visitor,2
C003937,2026-02-14 16:11:00,Exit,2
C003938,2026-02-05 23:56:00,Visitor,2
C003938,2026-02-06 00:08:00,Product View,2
C003938,2026-02-06 00:16:00,Exit,2
C003939,2026-02-06 08:26:00,Visitor,2
C003939,2026-02-06 08:31:00,Product View,2
C003939,2026-02-06 08:32:00,Add to Cart,2
C003939,2026-02-06 08:39:00,Purchase,2
C003939,2026-02-06 08:42:00,Repeat Purchase,2
C003939,2026-02-06 08:43:00,Loyal Customer,2
C003939,2026-02-06 08:46:00,Loyal Customer,2
C003939,2026-02-06 08:47:00,Loyal Customer,2
C003939,2026-02-06 08:51:00,Exit,2
C003940,2026-02-11 07:53:00,Visitor,2
C003940,2026-02-11 07:56:00,Product View,2
C003940,2026-02-11 08:02:00,Exit,2
C003941,2026-02-02 21:47:00,Visitor,2
C003941,2026-02-02 21:54:00,Product View,2
C003941,2026-02-02 21:55:00,Add to Cart,2
C003941,2026-02-02 21:59:00,Purchase,2
C003941,2026-02-02 22:01:00,Repeat Purchase,2
C003941,2026-02-02 22:02:00,Loyal Customer,2
C003941,2026-02-02 22:03:00,Loyal Customer,2
C003941,2026-02-02 22:21:00,Loyal Customer,2
C003941,2026-02-02 22:23:00,Loyal Customer,2
C003941,2026-02-02 22:27:00,Loyal Customer,2
C003941,2026-02-02 22:31:00,Exit,2
C003942,2026-02-12 11:58:00,Visitor,2
C003942,2026-02-12 12:03:00,Exit,2
C003943,2026-02-07 08:00:00,Visitor,2
C003943,2026-02-07 08:03:00,Product View,2
C003943,2026-02-07 08:14:00,Exit,2
C003944,2026-02-06 02:19:00,Visitor,2
C003944,2026-02-06 02:43:00,Exit,2
C003945,2026-02-14 21:42:00,Visitor,2
C003945,2026-02-14 21:45:00,Product View,2
C003945,2026-02-14 21:54:00,Add to Cart,2
C003945,2026-02-14 21:56:00,Exit,2
C003946,2026-02-08 06:12:00,Visitor,2
C003946,2026-02-08 06:14:00,Exit,2
C003947,2026-02-03 23:14:00,Visitor,2
C003947,2026-02-03 23:19:00,Product View,2
C003947,2026-02-03 23:24:00,Add to Cart,2
C003947,2026-02-03 23:38:00,Exit,2
C003948,2026-02-12 16:56:00,Visitor,2
C003948,2026-02-12 17:00:00,Product View,2
C003948,2026-02-12 17:06:00,Exit,2
C003949,2026-02-05 01:52:00,Visitor,2
C003949,2026-02-05 01:59:00,Product View,2
C003949,2026-02-05 02:04:00,Exit,2
C003950,2026-02-06 08:19:00,Visitor,2
C003950,2026-02-06 08:21:00,Product View,2
C003950,2026-02-06 08:25:00,Add to Cart,2
C003950,2026-02-06 08:29:00,Purchase,2
C003950,2026-02-06 08:30:00,Repeat Purchase,2
C003950,2026-02-06 08:33:00,Exit,2
C003951,2026-02-13 20:56:00,Visitor,2
C003951,2026-02-13 20:59:00,Exit,2
C003952,2026-02-12 21:39:00,Visitor,2
C003952,2026-02-12 21:51:00,Exit,2
C003953,2026-02-02 02:46:00,Visitor,2
C003953,2026-02-02 02:48:00,Exit,2
C003954,2026-02-08 19:09:00,Visitor,2
C003954,2026-02-08 19:13:00,Product View,2
C003954,2026-02-08 19:18:00,Add to Cart,2
C003954,2026-02-08 19:26:00,Purchase,2
C003954,2026-02-08 19:27:00,Exit,2
C003955,2026-02-05 10:17:00,Visitor,2
C003955,2026-02-05 10:31:00,Product View,2
C003955,2026-02-05 10:33:00,Add to Cart,2
C003955,2026-02-05 10:43:00,Exit,2
C003956,2026-02-08 09:50:00,Visitor,2
C003956,2026-02-08 09:51:00,Product View,2
C003956,2026-02-08 09:53:00,Add to Cart,2
C003956,2026-02-08 09:57:00,Exit,2
C003957,2026-02-13 15:45:00,Visitor,2
C003957,2026-02-13 15:59:00,Exit,2
C003958,2026-02-13 12:52:00,Visitor,2
C003958,2026-02-13 12:55:00,Product View,2
C003958,2026-02-13 13:03:00,Exit,2
C003959,2026-02-06 06:59:00,Visitor,2
C003959,2026-02-06 07:15:00,Exit,2
C003960,2026-02-05 08:04:00,Visitor,2
C003960,2026-02-05 08:06:00,Product View,2
C003960,2026-02-05 08:14:00,Exit,2
C003961,2026-02-07 05:44:00,Visitor,2
C003961,2026-02-07 05:45:00,Product View,2
C003961,2026-02-07 05:47:00,Exit,2
C003962,2026-02-11 09:16:00,Visitor,2
C003962,2026-02-11 09:17:00,Exit,2
C003963,2026-02-13 18:04:00,Visitor,2
C003963,2026-02-13 18:12:00,Exit,2
C003964,2026-02-04 12:20:00,Visitor,2
C003964,2026-02-04 12:28:00,Exit,2
C003965,2026-02-01 21:40:00,Visitor,2
C003965,2026-02-01 21:44:00,Product View,2
C003965,2026-02-01 21:47:00,Exit,2
C003966,2026-02-03 03:37:00,Visitor,2
C003966,2026-02-03 03:39:00,Product View,2
C003966,2026-02-03 03:42:00,Exit,2
C003967,2026-02-13 02:12:00,Visitor,2
C003967,2026-02-13 02:14:00,Product View,2
C003967,2026-02-13 02:18:00,Exit,2
C003968,2026-02-13 01:14:00,Visitor,2
C003968,2026-02-13 01:17:00,Exit,2
C003969,2026-02-11 14:05:00,Visitor,2
C003969,2026-02-11 14:06:00,Exit,2
C003970,2026-02-05 10:03:00,Visitor,2
C003970,2026-02-05 10:09:00,Product View,2
C003970,2026-02-05 10:14:00,Exit,2
C003971,2026-02-09 04:03:00,Visitor,2
C003971,2026-02-09 04:08:00,Product View,2
C003971,2026-02-09 04:14:00,Exit,2
C003972,2026-02-09 08:59:00,Visitor,2
C003972,2026-02-09 09:06:00,Exit,2
C003973,2026-02-05 06:06:00,Visitor,2
C003973,2026-02-05 06:12:00,Exit,2
C003974,2026-02-05 00:58:00,Visitor,2
C003974,2026-02-05 00:59:00,Exit,2
C003975,2026-02-12 05:44:00,Visitor,2
C003975,2026-02-12 05:47:00,Product View,2
C003975,2026-02-12 05:58:00,Exit,2
C003976,2026-02-08 17:07:00,Visitor,2
C003976,2026-02-08 17:12:00,Product View,2
C003976,2026-02-08 17:14:00,Add to Cart,2
C003976,2026-02-08 17:18:00,Exit,2
C003977,2026-02-12 19:34:00,Visitor,2
C003977,2026-02-12 19:36:00,Product View,2
C003977,2026-02-12 19:37:00,Exit,2
C003978,2026-02-13 14:44:00,Visitor,2
C003978,2026-02-13 15:01:00,Product View,2
C003978,2026-02-13 15:10:00,Product View,2
C003978,2026-02-13 15:11:00,Add to Cart,2
C003978,2026-02-13 15:16:00,Purchase,2
C003978,2026-02-13 15:21:00,Exit,2
C003979,2026-02-14 23:37:00,Visitor,2
C003979,2026-02-14 23:41:00,Exit,2
C003980,2026-02-05 10:27:00,Visitor,2
C003980,2026-02-05 10:29:00,Exit,2
C003981,2026-02-08 08:37:00,Visitor,2
C003981,2026-02-08 08:40:00,Product View,2
C003981,2026-02-08 08:43:00,Exit,2
C003982,2026-02-09 15:59:00,Visitor,2
C003982,2026-02-09 16:09:00,Product View,2
C003982,2026-02-09 16:10:00,Add to Cart,2
C003982,2026-02-09 16:15:00,Purchase,2
C003982,2026-02-09 16:18:00,Exit,2
C003983,2026-02-11 23:48:00,Visitor,2
C003983,2026-02-11 23:49:00,Exit,2
C003984,2026-02-04 14:23:00,Visitor,2
C003984,2026-02-04 14:30:00,Exit,2
C003985,2026-02-07 11:48:00,Visitor,2
C003985,2026-02-07 11:49:00,Product View,2
C003985,2026-02-07 11:57:00,Exit,2
C003986,2026-02-13 20:23:00,Visitor,2
C003986,2026-02-13 20:30:00,Product View,2
C003986,2026-02-13 20:34:00,Exit,2
C003987,2026-02-05 23:27:00,Visitor,2
C003987,2026-02-05 23:28:00,Product View,2
C003987,2026-02-05 23:29:00,Add to Cart,2
C003987,2026-02-05 23:30:00,Purchase,2
C003987,2026-02-05 23:34:00,Exit,2
C003988,2026-02-04 22:11:00,Visitor,2
C003988,2026-02-04 22:16:00,Product View,2
C003988,2026-02-04 22:27:00,Exit,2
C003989,2026-02-02 06:27:00,Visitor,2
C003989,2026-02-02 06:35:00,Product View,2
C003989,2026-02-02 06:45:00,Add to Cart,2
C003989,2026-02-02 06:47:00,Purchase,2
C003989,2026-02-02 06:56:00,Exit,2
C003990,2026-02-11 01:12:00,Visitor,2
C003990,2026-02-11 01:13:00,Exit,2
C003991,2026-02-08 21:30:00,Visitor,2
C003991,2026-02-08 21:37:00,Exit,2
C003992,2026-02-05 21:53:00,Visitor,2
C003992,2026-02-05 21:55:00,Exit,2
C003993,2026-02-10 19:27:00,Visitor,2
C003993,2026-02-10 19:33:00,Product View,2
C003993,2026-02-10 19:45:00,Exit,2
C003994,2026-02-05 19:37:00,Visitor,2
C003994,2026-02-05 19:43:00,Exit,2
C003995,2026-02-13 21:19:00,Visitor,2
C003995,2026-02-13 21:20:00,Product View,2
C003995,2026-02-13 21:25:00,Exit,2
C003996,2026-02-09 14:54:00,Visitor,2
C003996,2026-02-09 15:00:00,Product View,2
C003996,2026-02-09 15:08:00,Exit,2
C003997,2026-02-11 06:52:00,Visitor,2
C003997,2026-02-11 06:55:00,Exit,2
C003998,2026-02-12 11:35:00,Visitor,2
C003998,2026-02-12 11:38:00,Product View,2
C003998,2026-02-12 11:41:00,Exit,2
C003999,2026-02-01 16:02:00,Visitor,2
C003999,2026-02-01 16:05:00,Product View,2
C003999,2026-02-01 16:06:00,Exit,2
C004000,2026-02-08 01:36:00,Visitor,2
C004000,2026-02-08 01:47:00,Product View,2
C004000,2026-02-08 01:51:00,Add to Cart,2
C004000,2026-02-08 01:52:00,Purchase,2
C004000,2026-02-08 01:54:00,Repeat Purchase,2
C004000,2026-02-08 01:55:00,Loyal Customer,2
C004000,2026-02-08 01:56:00,Loyal Customer,2
C004000,2026-02-08 02:00:00,Loyal Customer,2
C004000,2026-02-08 02:01:00,Exit,2
C004001,2026-02-07 17:10:00,Visitor,2
C004001,2026-02-07 17:14:00,Product View,2
C004001,2026-02-07 17:17:00,Add to Cart,2
C004001,2026-02-07 17:22:00,Purchase,2
C004001,2026-02-07 17:23:00,Exit,2
C004002,2026-02-13 04:02:00,Visitor,2
C004002,2026-02-13 04:13:00,Product View,2
C004002,2026-02-13 04:14:00,Add to Cart,2
C004002,2026-02-13 04:15:00,Purchase,2
C004002,2026-02-13 04:18:00,Exit,2
C004003,2026-02-09 00:45:00,Visitor,2
C004003,2026-02-09 00:49:00,Exit,2
C004004,2026-02-11 16:49:00,Visitor,2
C004004,2026-02-11 16:51:00,Exit,2
C004005,2026-02-02 03:34:00,Visitor,2
C004005,2026-02-02 03:37:00,Product View,2
C004005,2026-02-02 03:49:00,Product View,2
C004005,2026-02-02 03:50:00,Exit,2
C004006,2026-02-12 19:42:00,Visitor,2
C004006,2026-02-12 19:43:00,Exit,2
C004007,2026-02-05 23:25:00,Visitor,2
C004007,2026-02-05 23:35:00,Exit,2
C004008,2026-02-06 20:56:00,Visitor,2
C004008,2026-02-06 20:59:00,Exit,2
C004009,2026-02-13 09:57:00,Visitor,2
C004009,2026-02-13 10:07:00,Exit,2
C004010,2026-02-05 12:26:00,Visitor,2
C004010,2026-02-05 12:42:00,Exit,2
C004011,2026-02-10 09:59:00,Visitor,2
C004011,2026-02-10 10:02:00,Product View,2
C004011,2026-02-10 10:04:00,Exit,2
C004012,2026-02-06 00:11:00,Visitor,2
C004012,2026-02-06 00:20:00,Product View,2
C004012,2026-02-06 00:21:00,Exit,2
C004013,2026-02-06 09:59:00,Visitor,2
C004013,2026-02-06 10:00:00,Product View,2
C004013,2026-02-06 10:06:00,Add to Cart,2
C004013,2026-02-06 10:10:00,Purchase,2
C004013,2026-02-06 10:12:00,Exit,2
C004014,2026-02-08 15:54:00,Visitor,2
C004014,2026-02-08 15:55:00,Product View,2
C004014,2026-02-08 15:59:00,Exit,2
C004015,2026-02-04 22:40:00,Visitor,2
C004015,2026-02-04 22:48:00,Product View,2
C004015,2026-02-04 22:52:00,Add to Cart,2
C004015,2026-02-04 23:03:00,Exit,2
C004016,2026-02-03 14:57:00,Visitor,2
C004016,2026-02-03 14:59:00,Product View,2
C004016,2026-02-03 15:00:00,Add to Cart,2
C004016,2026-02-03 15:02:00,Purchase,2
C004016,2026-02-03 15:07:00,Exit,2
C004017,2026-02-02 17:18:00,Visitor,2
C004017,2026-02-02 17:27:00,Exit,2
C004018,2026-02-03 16:34:00,Visitor,2
C004018,2026-02-03 16:40:00,Product View,2
C004018,2026-02-03 16:41:00,Product View,2
C004018,2026-02-03 16:52:00,Add to Cart,2
C004018,2026-02-03 16:57:00,Exit,2
C004019,2026-02-02 07:51:00,Visitor,2
C004019,2026-02-02 07:54:00,Exit,2
C004020,2026-02-10 04:41:00,Visitor,2
C004020,2026-02-10 04:42:00,Exit,2
C004021,2026-02-06 00:34:00,Visitor,2
C004021,2026-02-06 00:42:00,Exit,2
C004022,2026-02-08 11:08:00,Visitor,2
C004022,2026-02-08 11:13:00,Product View,2
C004022,2026-02-08 11:16:00,Exit,2
C004023,2026-02-04 10:50:00,Visitor,2
C004023,2026-02-04 10:57:00,Product View,2
C004023,2026-02-04 11:00:00,Exit,2
C004024,2026-02-11 18:23:00,Visitor,2
C004024,2026-02-11 18:30:00,Exit,2
C004025,2026-02-11 22:32:00,Visitor,2
C004025,2026-02-11 22:34:00,Product View,2
C004025,2026-02-11 22:38:00,Add to Cart,2
C004025,2026-02-11 22:42:00,Purchase,2
C004025,2026-02-11 22:44:00,Exit,2
C004026,2026-02-06 15:37:00,Visitor,2
C004026,2026-02-06 15:39:00,Product View,2
C004026,2026-02-06 15:40:00,Add to Cart,2
C004026,2026-02-06 15:44:00,Exit,2
C004027,2026-02-13 00:50:00,Visitor,2
C004027,2026-02-13 00:57:00,Exit,2
C004028,2026-02-07 16:36:00,Visitor,2
C004028,2026-02-07 16:37:00,Product View,2
C004028,2026-02-07 16:38:00,Exit,2
C004029,2026-02-01 06:33:00,Visitor,2
C004029,2026-02-01 06:35:00,Product View,2
C004029,2026-02-01 06:44:00,Exit,2
C004030,2026-02-10 05:25:00,Visitor,2
C004030,2026-02-10 05:32:00,Product View,2
C004030,2026-02-10 05:37:00,Add to Cart,2
C004030,2026-02-10 05:42:00,Exit,2
C004031,2026-02-03 09:11:00,Visitor,2
C004031,2026-02-03 09:29:00,Product View,2
C004031,2026-02-03 09:31:00,Exit,2
C004032,2026-02-03 07:22:00,Visitor,2
C004032,2026-02-03 07:30:00,Exit,2
C004033,2026-02-10 06:29:00,Visitor,2
C004033,2026-02-10 06:33:00,Product View,2
C004033,2026-02-10 06:43:00,Exit,2
C004034,2026-02-02 01:23:00,Visitor,2
C004034,2026-02-02 01:27:00,Product View,2
C004034,2026-02-02 01:30:00,Exit,2
C004035,2026-02-04 18:00:00,Visitor,2
C004035,2026-02-04 18:03:00,Exit,2
C004036,2026-02-02 09:04:00,Visitor,2
C004036,2026-02-02 09:14:00,Product View,2
C004036,2026-02-02 09:18:00,Exit,2
C004037,2026-02-03 02:03:00,Visitor,2
C004037,2026-02-03 02:08:00,Exit,2
C004038,2026-02-01 14:58:00,Visitor,2
C004038,2026-02-01 14:59:00,Product View,2
C004038,2026-02-01 15:06:00,Exit,2
C004039,2026-02-07 06:02:00,Visitor,2
C004039,2026-02-07 06:04:00,Exit,2
C004040,2026-02-10 04:12:00,Visitor,2
C004040,2026-02-10 04:22:00,Product View,2
C004040,2026-02-10 04:28:00,Exit,2
C004041,2026-02-10 09:22:00,Visitor,2
C004041,2026-02-10 09:26:00,Product View,2
C004041,2026-02-10 09:29:00,Exit,2
C004042,2026-02-01 18:15:00,Visitor,2
C004042,2026-02-01 18:23:00,Exit,2
C004043,2026-02-09 00:23:00,Visitor,2
C004043,2026-02-09 00:24:00,Product View,2
C004043,2026-02-09 00:30:00,Exit,2
C004044,2026-02-02 15:55:00,Visitor,2
C004044,2026-02-02 15:56:00,Product View,2
C004044,2026-02-02 15:57:00,Exit,2
C004045,2026-02-12 23:40:00,Visitor,2
C004045,2026-02-12 23:45:00,Product View,2
C004045,2026-02-12 23:47:00,Exit,2
C004046,2026-02-06 09:14:00,Visitor,2
C004046,2026-02-06 09:15:00,Product View,2
C004046,2026-02-06 09:16:00,Add to Cart,2
C004046,2026-02-06 09:22:00,Product View,2
C004046,2026-02-06 09:31:00,Add to Cart,2
C004046,2026-02-06 09:34:00,Purchase,2
C004046,2026-02-06 09:43:00,Exit,2
C004047,2026-02-07 04:00:00,Visitor,2
C004047,2026-02-07 04:15:00,Exit,2
C004048,2026-02-05 21:00:00,Visitor,2
C004048,2026-02-05 21:07:00,Product View,2
C004048,2026-02-05 21:11:00,Product View,2
C004048,2026-02-05 21:22:00,Exit,2
C004049,2026-02-13 06:27:00,Visitor,2
C004049,2026-02-13 06:37:00,Exit,2
C004050,2026-02-12 14:16:00,Visitor,2
C004050,2026-02-12 14:22:00,Exit,2
C004051,2026-02-04 16:42:00,Visitor,2
C004051,2026-02-04 16:44:00,Product View,2
C004051,2026-02-04 17:12:00,Add to Cart,2
C004051,2026-02-04 17:19:00,Purchase,2
C004051,2026-02-04 17:23:00,Repeat Purchase,2
C004051,2026-02-04 17:27:00,Exit,2
C004052,2026-02-06 16:37:00,Visitor,2
C004052,2026-02-06 16:42:00,Exit,2
C004053,2026-02-02 16:37:00,Visitor,2
C004053,2026-02-02 16:39:00,Product View,2
C004053,2026-02-02 16:40:00,Exit,2
C004054,2026-02-04 18:04:00,Visitor,2
C004054,2026-02-04 18:06:00,Product View,2
C004054,2026-02-04 18:11:00,Exit,2
C004055,2026-02-13 02:17:00,Visitor,2
C004055,2026-02-13 02:28:00,Exit,2
C004056,2026-02-09 04:35:00,Visitor,2
C004056,2026-02-09 04:39:00,Product View,2
C004056,2026-02-09 04:41:00,Exit,2
C004057,2026-02-01 17:14:00,Visitor,2
C004057,2026-02-01 17:25:00,Product View,2
C004057,2026-02-01 17:27:00,Product View,2
C004057,2026-02-01 17:30:00,Exit,2
C004058,2026-02-07 21:49:00,Visitor,2
C004058,2026-02-07 21:54:00,Exit,2
C004059,2026-02-09 14:47:00,Visitor,2
C004059,2026-02-09 14:51:00,Product View,2
C004059,2026-02-09 14:56:00,Exit,2
C004060,2026-02-02 03:34:00,Visitor,2
C004060,2026-02-02 03:42:00,Product View,2
C004060,2026-02-02 03:44:00,Add to Cart,2
C004060,2026-02-02 03:45:00,Purchase,2
C004060,2026-02-02 03:48:00,Exit,2
C004061,2026-02-01 09:56:00,Visitor,2
C004061,2026-02-01 09:57:00,Product View,2
C004061,2026-02-01 09:59:00,Add to Cart,2
C004061,2026-02-01 10:06:00,Exit,2
C004062,2026-02-06 05:46:00,Visitor,2
C004062,2026-02-06 05:48:00,Exit,2
C004063,2026-02-03 04:31:00,Visitor,2
C004063,2026-02-03 04:47:00,Product View,2
C004063,2026-02-03 04:59:00,Exit,2
C004064,2026-02-03 01:37:00,Visitor,2
C004064,2026-02-03 01:46:00,Product View,2
C004064,2026-02-03 01:50:00,Product View,2
C004064,2026-02-03 02:01:00,Exit,2
C004065,2026-02-08 19:31:00,Visitor,2
C004065,2026-02-08 19:35:00,Product View,2
C004065,2026-02-08 20:09:00,Exit,2
C004066,2026-02-13 05:36:00,Visitor,2
C004066,2026-02-13 05:37:00,Product View,2
C004066,2026-02-13 05:39:00,Add to Cart,2
C004066,2026-02-13 05:43:00,Exit,2
C004067,2026-02-01 04:23:00,Visitor,2
C004067,2026-02-01 04:25:00,Product View,2
C004067,2026-02-01 04:27:00,Exit,2
C004068,2026-02-14 21:51:00,Visitor,2
C004068,2026-02-14 21:54:00,Exit,2
C004069,2026-02-11 04:02:00,Visitor,2
C004069,2026-02-11 04:03:00,Product View,2
C004069,2026-02-11 04:04:00,Add to Cart,2
C004069,2026-02-11 04:06:00,Product View,2
C004069,2026-02-11 04:12:00,Exit,2
C004070,2026-02-05 00:18:00,Visitor,2
C004070,2026-02-05 00:21:00,Product View,2
C004070,2026-02-05 00:28:00,Exit,2
C004071,2026-02-13 21:21:00,Visitor,2
C004071,2026-02-13 21:24:00,Exit,2
C004072,2026-02-01 02:11:00,Visitor,2
C004072,2026-02-01 02:16:00,Product View,2
C004072,2026-02-01 02:17:00,Exit,2
C004073,2026-02-05 06:32:00,Visitor,2
C004073,2026-02-05 06:36:00,Exit,2
C004074,2026-02-06 22:41:00,Visitor,2
C004074,2026-02-06 22:45:00,Exit,2
C004075,2026-02-11 08:12:00,Visitor,2
C004075,2026-02-11 08:20:00,Product View,2
C004075,2026-02-11 08:24:00,Exit,2
C004076,2026-02-07 04:53:00,Visitor,2
C004076,2026-02-07 05:06:00,Exit,2
C004077,2026-02-03 17:22:00,Visitor,2
C004077,2026-02-03 17:31:00,Product View,2
C004077,2026-02-03 17:34:00,Add to Cart,2
C004077,2026-02-03 17:37:00,Purchase,2
C004077,2026-02-03 17:39:00,Exit,2
C004078,2026-02-05 22:16:00,Visitor,2
C004078,2026-02-05 22:17:00,Exit,2
C004079,2026-02-07 14:43:00,Visitor,2
C004079,2026-02-07 14:48:00,Exit,2
C004080,2026-02-14 12:42:00,Visitor,2
C004080,2026-02-14 12:44:00,Product View,2
C004080,2026-02-14 12:49:00,Product View,2
C004080,2026-02-14 12:56:00,Exit,2
C004081,2026-02-01 14:01:00,Visitor,2
C004081,2026-02-01 14:04:00,Product View,2
C004081,2026-02-01 14:09:00,Exit,2
C004082,2026-02-04 07:43:00,Visitor,2
C004082,2026-02-04 07:59:00,Product View,2
C004082,2026-02-04 08:03:00,Exit,2
C004083,2026-02-12 09:52:00,Visitor,2
C004083,2026-02-12 09:58:00,Exit,2
C004084,2026-02-05 12:41:00,Visitor,2
C004084,2026-02-05 12:43:00,Exit,2
C004085,2026-02-12 03:04:00,Visitor,2
C004085,2026-02-12 03:12:00,Exit,2
C004086,2026-02-03 18:31:00,Visitor,2
C004086,2026-02-03 18:34:00,Product View,2
C004086,2026-02-03 18:35:00,Exit,2
C004087,2026-02-10 02:44:00,Visitor,2
C004087,2026-02-10 02:46:00,Exit,2
C004088,2026-02-05 16:56:00,Visitor,2
C004088,2026-02-05 16:58:00,Product View,2
C004088,2026-02-05 17:04:00,Product View,2
C004088,2026-02-05 17:19:00,Exit,2
C004089,2026-02-14 10:27:00,Visitor,2
C004089,2026-02-14 10:30:00,Exit,2
C004090,2026-02-04 09:10:00,Visitor,2
C004090,2026-02-04 09:11:00,Product View,2
C004090,2026-02-04 09:12:00,Exit,2
C004091,2026-02-03 20:58:00,Visitor,2
C004091,2026-02-03 21:00:00,Product View,2
C004091,2026-02-03 21:03:00,Add to Cart,2
C004091,2026-02-03 21:10:00,Purchase,2
C004091,2026-02-03 21:19:00,Repeat Purchase,2
C004091,2026-02-03 21:22:00,Exit,2
C004092,2026-02-09 22:02:00,Visitor,2
C004092,2026-02-09 22:08:00,Product View,2
C004092,2026-02-09 22:20:00,Exit,2
C004093,2026-02-06 15:58:00,Visitor,2
C004093,2026-02-06 16:00:00,Product View,2
C004093,2026-02-06 16:01:00,Add to Cart,2
C004093,2026-02-06 16:02:00,Purchase,2
C004093,2026-02-06 16:13:00,Exit,2
C004094,2026-02-10 06:03:00,Visitor,2
C004094,2026-02-10 06:05:00,Exit,2
C004095,2026-02-07 10:52:00,Visitor,2
C004095,2026-02-07 10:53:00,Product View,2
C004095,2026-02-07 10:54:00,Add to Cart,2
C004095,2026-02-07 10:55:00,Purchase,2
C004095,2026-02-07 10:57:00,Exit,2
C004096,2026-02-10 05:55:00,Visitor,2
C004096,2026-02-10 06:01:00,Product View,2
C004096,2026-02-10 06:03:00,Exit,2
C004097,2026-02-06 18:58:00,Visitor,2
C004097,2026-02-06 18:59:00,Exit,2
C004098,2026-02-08 04:44:00,Visitor,2
C004098,2026-02-08 04:47:00,Product View,2
C004098,2026-02-08 04:53:00,Exit,2
C004099,2026-02-03 10:58:00,Visitor,2
C004099,2026-02-03 11:00:00,Exit,2
C004100,2026-02-02 09:46:00,Visitor,2
C004100,2026-02-02 09:53:00,Exit,2
C004101,2026-02-01 18:50:00,Visitor,2
C004101,2026-02-01 18:51:00,Product View,2
C004101,2026-02-01 18:52:00,Exit,2
C004102,2026-02-11 06:02:00,Visitor,2
C004102,2026-02-11 06:04:00,Product View,2
C004102,2026-02-11 06:17:00,Exit,2
C004103,2026-02-13 04:02:00,Visitor,2
C004103,2026-02-13 04:06:00,Exit,2
C004104,2026-02-01 07:40:00,Visitor,2
C004104,2026-02-01 07:43:00,Product View,2
C004104,2026-02-01 07:44:00,Exit,2
C004105,2026-02-10 08:20:00,Visitor,2
C004105,2026-02-10 08:22:00,Product View,2
C004105,2026-02-10 08:24:00,Add to Cart,2
C004105,2026-02-10 08:27:00,Purchase,2
C004105,2026-02-10 08:28:00,Exit,2
C004106,2026-02-03 11:44:00,Visitor,2
C004106,2026-02-03 11:45:00,Product View,2
C004106,2026-02-03 11:51:00,Product View,2
C004106,2026-02-03 11:52:00,Add to Cart,2
C004106,2026-02-03 11:58:00,Purchase,2
C004106,2026-02-03 12:01:00,Exit,2
C004107,2026-02-11 03:34:00,Visitor,2
C004107,2026-02-11 03:50:00,Exit,2
C004108,2026-02-12 14:25:00,Visitor,2
C004108,2026-02-12 14:31:00,Product View,2
C004108,2026-02-12 14:33:00,Add to Cart,2
C004108,2026-02-12 14:38:00,Purchase,2
C004108,2026-02-12 14:41:00,Exit,2
C004109,2026-02-14 02:34:00,Visitor,2
C004109,2026-02-14 02:35:00,Product View,2
C004109,2026-02-14 02:36:00,Exit,2
C004110,2026-02-12 20:05:00,Visitor,2
C004110,2026-02-12 20:09:00,Product View,2
C004110,2026-02-12 20:12:00,Add to Cart,2
C004110,2026-02-12 20:13:00,Exit,2
C004111,2026-02-13 14:57:00,Visitor,2
C004111,2026-02-13 14:59:00,Product View,2
C004111,2026-02-13 15:06:00,Exit,2
C004112,2026-02-01 23:48:00,Visitor,2
C004112,2026-02-01 23:55:00,Product View,2
C004112,2026-02-01 23:56:00,Add to Cart,2
C004112,2026-02-01 23:57:00,Purchase,2
C004112,2026-02-01 23:59:00,Exit,2
C004113,2026-02-12 02:20:00,Visitor,2
C004113,2026-02-12 02:26:00,Product View,2
C004113,2026-02-12 02:28:00,Exit,2
C004114,2026-02-14 22:41:00,Visitor,2
C004114,2026-02-14 22:44:00,Exit,2
C004115,2026-02-07 19:59:00,Visitor,2
C004115,2026-02-07 20:01:00,Product View,2
C004115,2026-02-07 20:06:00,Add to Cart,2
C004115,2026-02-07 20:08:00,Purchase,2
C004115,2026-02-07 20:11:00,Exit,2
C004116,2026-02-07 16:41:00,Visitor,2
C004116,2026-02-07 16:43:00,Exit,2
C004117,2026-02-14 08:58:00,Visitor,2
C004117,2026-02-14 09:07:00,Product View,2
C004117,2026-02-14 09:18:00,Exit,2
C004118,2026-02-13 22:30:00,Visitor,2
C004118,2026-02-13 22:33:00,Product View,2
C004118,2026-02-13 22:35:00,Add to Cart,2
C004118,2026-02-13 22:36:00,Exit,2
C004119,2026-02-14 16:39:00,Visitor,2
C004119,2026-02-14 16:42:00,Product View,2
C004119,2026-02-14 16:56:00,Add to Cart,2
C004119,2026-02-14 16:57:00,Purchase,2
C004119,2026-02-14 16:59:00,Repeat Purchase,2
C004119,2026-02-14 17:02:00,Loyal Customer,2
C004119,2026-02-14 17:03:00,Loyal Customer,2
C004119,2026-02-14 17:11:00,Loyal Customer,2
C004119,2026-02-14 17:14:00,Loyal Customer,2
C004119,2026-02-14 17:20:00,Loyal Customer,2
C004119,2026-02-14 17:28:00,Exit,2
C004120,2026-02-10 06:20:00,Visitor,2
C004120,2026-02-10 06:27:00,Product View,2
C004120,2026-02-10 06:29:00,Product View,2
C004120,2026-02-10 06:32:00,Exit,2
C004121,2026-02-06 12:21:00,Visitor,2
C004121,2026-02-06 12:23:00,Product View,2
C004121,2026-02-06 12:29:00,Product View,2
C004121,2026-02-06 12:34:00,Exit,2
C004122,2026-02-03 07:45:00,Visitor,2
C004122,2026-02-03 07:50:00,Exit,2
C004123,2026-02-12 14:48:00,Visitor,2
C004123,2026-02-12 15:01:00,Exit,2
C004124,2026-02-08 17:37:00,Visitor,2
C004124,2026-02-08 17:40:00,Product View,2
C004124,2026-02-08 17:41:00,Exit,2
C004125,2026-02-06 00:24:00,Visitor,2
C004125,2026-02-06 00:27:00,Exit,2
C004126,2026-02-10 04:10:00,Visitor,2
C004126,2026-02-10 04:19:00,Product View,2
C004126,2026-02-10 04:21:00,Exit,2
C004127,2026-02-10 19:15:00,Visitor,2
C004127,2026-02-10 19:23:00,Product View,2
C004127,2026-02-10 19:27:00,Exit,2
C004128,2026-02-01 09:12:00,Visitor,2
C004128,2026-02-01 09:19:00,Product View,2
C004128,2026-02-01 09:37:00,Add to Cart,2
C004128,2026-02-01 09:45:00,Exit,2
C004129,2026-02-13 19:10:00,Visitor,2
C004129,2026-02-13 19:11:00,Product View,2
C004129,2026-02-13 19:14:00,Product View,2
C004129,2026-02-13 19:18:00,Product View,2
C004129,2026-02-13 19:28:00,Exit,2
C004130,2026-02-12 04:28:00,Visitor,2
C004130,2026-02-12 04:31:00,Exit,2
C004131,2026-02-14 18:04:00,Visitor,2
C004131,2026-02-14 18:07:00,Exit,2
C004132,2026-02-09 06:52:00,Visitor,2
C004132,2026-02-09 06:57:00,Exit,2
C004133,2026-02-10 11:01:00,Visitor,2
C004133,2026-02-10 11:05:00,Exit,2
C004134,2026-02-10 22:06:00,Visitor,2
C004134,2026-02-10 22:09:00,Exit,2
C004135,2026-02-01 14:00:00,Visitor,2
C004135,2026-02-01 14:04:00,Exit,2
C004136,2026-02-14 03:33:00,Visitor,2
C004136,2026-02-14 03:42:00,Product View,2
C004136,2026-02-14 03:43:00,Add to Cart,2
C004136,2026-02-14 03:45:00,Exit,2
C004137,2026-02-04 05:48:00,Visitor,2
C004137,2026-02-04 05:57:00,Product View,2
C004137,2026-02-04 06:00:00,Exit,2
C004138,2026-02-12 20:07:00,Visitor,2
C004138,2026-02-12 20:21:00,Product View,2
C004138,2026-02-12 20:22:00,Exit,2
C004139,2026-02-05 20:03:00,Visitor,2
C004139,2026-02-05 20:05:00,Product View,2
C004139,2026-02-05 20:18:00,Add to Cart,2
C004139,2026-02-05 20:20:00,Exit,2
C004140,2026-02-10 01:01:00,Visitor,2
C004140,2026-02-10 01:26:00,Product View,2
C004140,2026-02-10 01:28:00,Exit,2
C004141,2026-02-01 14:10:00,Visitor,2
C004141,2026-02-01 14:13:00,Product View,2
C004141,2026-02-01 14:14:00,Add to Cart,2
C004141,2026-02-01 14:17:00,Purchase,2
C004141,2026-02-01 14:18:00,Repeat Purchase,2
C004141,2026-02-01 14:22:00,Exit,2
C004142,2026-02-01 18:07:00,Visitor,2
C004142,2026-02-01 18:14:00,Product View,2
C004142,2026-02-01 18:18:00,Product View,2
C004142,2026-02-01 18:21:00,Exit,2
C004143,2026-02-10 07:41:00,Visitor,2
C004143,2026-02-10 07:44:00,Exit,2
C004144,2026-02-11 15:36:00,Visitor,2
C004144,2026-02-11 15:37:00,Exit,2
C004145,2026-02-04 04:51:00,Visitor,2
C004145,2026-02-04 04:55:00,Exit,2
C004146,2026-02-10 06:01:00,Visitor,2
C004146,2026-02-10 06:07:00,Product View,2
C004146,2026-02-10 06:15:00,Add to Cart,2
C004146,2026-02-10 06:16:00,Purchase,2
C004146,2026-02-10 06:32:00,Exit,2
C004147,2026-02-12 07:12:00,Visitor,2
C004147,2026-02-12 07:15:00,Product View,2
C004147,2026-02-12 07:16:00,Add to Cart,2
C004147,2026-02-12 07:23:00,Exit,2
C004148,2026-02-13 12:26:00,Visitor,2
C004148,2026-02-13 12:37:00,Product View,2
C004148,2026-02-13 12:41:00,Exit,2
C004149,2026-02-09 06:13:00,Visitor,2
C004149,2026-02-09 06:15:00,Product View,2
C004149,2026-02-09 06:20:00,Add to Cart,2
C004149,2026-02-09 06:24:00,Purchase,2
C004149,2026-02-09 06:25:00,Exit,2
C004150,2026-02-03 05:45:00,Visitor,2
C004150,2026-02-03 05:47:00,Exit,2
C004151,2026-02-14 19:50:00,Visitor,2
C004151,2026-02-14 19:52:00,Product View,2
C004151,2026-02-14 19:56:00,Add to Cart,2
C004151,2026-02-14 20:00:00,Exit,2
C004152,2026-02-13 18:05:00,Visitor,2
C004152,2026-02-13 18:09:00,Exit,2
C004153,2026-02-05 07:26:00,Visitor,2
C004153,2026-02-05 07:29:00,Product View,2
C004153,2026-02-05 07:30:00,Exit,2
C004154,2026-02-10 09:15:00,Visitor,2
C004154,2026-02-10 09:16:00,Exit,2
C004155,2026-02-03 02:11:00,Visitor,2
C004155,2026-02-03 02:12:00,Product View,2
C004155,2026-02-03 02:18:00,Exit,2
C004156,2026-02-14 05:45:00,Visitor,2
C004156,2026-02-14 05:47:00,Product View,2
C004156,2026-02-14 05:50:00,Add to Cart,2
C004156,2026-02-14 05:51:00,Exit,2
C004157,2026-02-02 07:54:00,Visitor,2
C004157,2026-02-02 07:58:00,Exit,2
C004158,2026-02-05 20:25:00,Visitor,2
C004158,2026-02-05 20:27:00,Exit,2
C004159,2026-02-11 17:49:00,Visitor,2
C004159,2026-02-11 17:51:00,Exit,2
C004160,2026-02-09 04:04:00,Visitor,2
C004160,2026-02-09 04:05:00,Exit,2
C004161,2026-02-13 23:26:00,Visitor,2
C004161,2026-02-13 23:32:00,Product View,2
C004161,2026-02-13 23:38:00,Add to Cart,2
C004161,2026-02-13 23:46:00,Purchase,2
C004161,2026-02-13 23:59:00,Exit,2
C004162,2026-02-11 15:31:00,Visitor,2
C004162,2026-02-11 15:34:00,Product View,2
C004162,2026-02-11 15:48:00,Exit,2
C004163,2026-02-03 22:23:00,Visitor,2
C004163,2026-02-03 22:25:00,Product View,2
C004163,2026-02-03 22:26:00,Exit,2
C004164,2026-02-04 03:36:00,Visitor,2
C004164,2026-02-04 03:40:00,Exit,2
C004165,2026-02-09 09:07:00,Visitor,2
C004165,2026-02-09 09:14:00,Exit,2
C004166,2026-02-05 17:26:00,Visitor,2
C004166,2026-02-05 17:30:00,Exit,2
C004167,2026-02-06 23:50:00,Visitor,2
C004167,2026-02-06 23:55:00,Exit,2
C004168,2026-02-12 15:39:00,Visitor,2
C004168,2026-02-12 15:43:00,Product View,2
C004168,2026-02-12 15:47:00,Add to Cart,2
C004168,2026-02-12 15:51:00,Product View,2
C004168,2026-02-12 16:00:00,Exit,2
C004169,2026-02-13 20:47:00,Visitor,2
C004169,2026-02-13 20:49:00,Product View,2
C004169,2026-02-13 21:00:00,Product View,2
C004169,2026-02-13 21:01:00,Exit,2
C004170,2026-02-12 04:47:00,Visitor,2
C004170,2026-02-12 04:49:00,Exit,2
C004171,2026-02-07 19:26:00,Visitor,2
C004171,2026-02-07 19:35:00,Product View,2
C004171,2026-02-07 19:37:00,Exit,2
C004172,2026-02-10 17:08:00,Visitor,2
C004172,2026-02-10 17:09:00,Product View,2
C004172,2026-02-10 17:15:00,Exit,2
C004173,2026-02-13 05:57:00,Visitor,2
C004173,2026-02-13 06:10:00,Product View,2
C004173,2026-02-13 06:13:00,Exit,2
C004174,2026-02-13 13:50:00,Visitor,2
C004174,2026-02-13 14:01:00,Product View,2
C004174,2026-02-13 14:03:00,Exit,2
C004175,2026-02-12 17:57:00,Visitor,2
C004175,2026-02-12 18:03:00,Product View,2
C004175,2026-02-12 18:17:00,Exit,2
C004176,2026-02-10 15:19:00,Visitor,2
C004176,2026-02-10 15:20:00,Product View,2
C004176,2026-02-10 15:25:00,Exit,2
C004177,2026-02-03 11:26:00,Visitor,2
C004177,2026-02-03 11:30:00,Product View,2
C004177,2026-02-03 11:33:00,Add to Cart,2
C004177,2026-02-03 11:43:00,Exit,2
C004178,2026-02-13 01:29:00,Visitor,2
C004178,2026-02-13 01:33:00,Exit,2
C004179,2026-02-13 23:58:00,Visitor,2
C004179,2026-02-13 23:59:00,Exit,2
C004180,2026-02-07 16:21:00,Visitor,2
C004180,2026-02-07 16:33:00,Product View,2
C004180,2026-02-07 16:40:00,Exit,2
C004181,2026-02-03 07:51:00,Visitor,2
C004181,2026-02-03 07:54:00,Product View,2
C004181,2026-02-03 07:56:00,Exit,2
C004182,2026-02-01 12:31:00,Visitor,2
C004182,2026-02-01 12:34:00,Product View,2
C004182,2026-02-01 12:36:00,Exit,2
C004183,2026-02-14 14:13:00,Visitor,2
C004183,2026-02-14 14:19:00,Product View,2
C004183,2026-02-14 14:22:00,Exit,2
C004184,2026-02-05 20:29:00,Visitor,2
C004184,2026-02-05 20:38:00,Exit,2
C004185,2026-02-14 09:26:00,Visitor,2
C004185,2026-02-14 09:30:00,Product View,2
C004185,2026-02-14 09:39:00,Add to Cart,2
C004185,2026-02-14 09:41:00,Purchase,2
C004185,2026-02-14 09:50:00,Exit,2
C004186,2026-02-08 19:12:00,Visitor,2
C004186,2026-02-08 19:17:00,Product View,2
C004186,2026-02-08 19:18:00,Add to Cart,2
C004186,2026-02-08 19:22:00,Exit,2
C004187,2026-02-14 08:42:00,Visitor,2
C004187,2026-02-14 08:43:00,Product View,2
C004187,2026-02-14 08:44:00,Product View,2
C004187,2026-02-14 08:45:00,Exit,2
C004188,2026-02-04 01:43:00,Visitor,2
C004188,2026-02-04 01:55:00,Product View,2
C004188,2026-02-04 01:57:00,Exit,2
C004189,2026-02-01 07:43:00,Visitor,2
C004189,2026-02-01 07:46:00,Product View,2
C004189,2026-02-01 07:51:00,Exit,2
C004190,2026-02-06 04:20:00,Visitor,2
C004190,2026-02-06 04:21:00,Product View,2
C004190,2026-02-06 04:22:00,Exit,2
C004191,2026-02-06 20:47:00,Visitor,2
C004191,2026-02-06 20:51:00,Exit,2
C004192,2026-02-06 23:03:00,Visitor,2
C004192,2026-02-06 23:05:00,Product View,2
C004192,2026-02-06 23:06:00,Add to Cart,2
C004192,2026-02-06 23:15:00,Purchase,2
C004192,2026-02-06 23:22:00,Exit,2
C004193,2026-02-13 12:06:00,Visitor,2
C004193,2026-02-13 12:14:00,Exit,2
C004194,2026-02-10 08:43:00,Visitor,2
C004194,2026-02-10 08:47:00,Product View,2
C004194,2026-02-10 08:48:00,Add to Cart,2
C004194,2026-02-10 08:50:00,Exit,2
C004195,2026-02-06 04:00:00,Visitor,2
C004195,2026-02-06 04:06:00,Product View,2
C004195,2026-02-06 04:12:00,Exit,2
C004196,2026-02-04 16:12:00,Visitor,2
C004196,2026-02-04 16:14:00,Exit,2
C004197,2026-02-02 17:53:00,Visitor,2
C004197,2026-02-02 17:56:00,Exit,2
C004198,2026-02-14 08:58:00,Visitor,2
C004198,2026-02-14 09:03:00,Exit,2
C004199,2026-02-02 16:53:00,Visitor,2
C004199,2026-02-02 17:00:00,Exit,2
C004200,2026-02-10 09:58:00,Visitor,2
C004200,2026-02-10 09:59:00,Product View,2
C004200,2026-02-10 10:02:00,Add to Cart,2
C004200,2026-02-10 10:05:00,Purchase,2
C004200,2026-02-10 10:17:00,Exit,2
C004201,2026-02-10 15:46:00,Visitor,2
C004201,2026-02-10 15:53:00,Product View,2
C004201,2026-02-10 16:05:00,Exit,2
C004202,2026-02-03 15:14:00,Visitor,2
C004202,2026-02-03 15:20:00,Product View,2
C004202,2026-02-03 15:27:00,Add to Cart,2
C004202,2026-02-03 15:34:00,Purchase,2
C004202,2026-02-03 15:37:00,Exit,2
C004203,2026-02-03 18:23:00,Visitor,2
C004203,2026-02-03 18:35:00,Product View,2
C004203,2026-02-03 18:41:00,Exit,2
C004204,2026-02-10 01:22:00,Visitor,2
C004204,2026-02-10 01:25:00,Product View,2
C004204,2026-02-10 01:26:00,Add to Cart,2
C004204,2026-02-10 01:29:00,Product View,2
C004204,2026-02-10 01:39:00,Product View,2
C004204,2026-02-10 01:47:00,Exit,2
C004205,2026-02-03 01:37:00,Visitor,2
C004205,2026-02-03 01:41:00,Product View,2
C004205,2026-02-03 01:44:00,Product View,2
C004205,2026-02-03 01:45:00,Add to Cart,2
C004205,2026-02-03 01:46:00,Purchase,2
C004205,2026-02-03 01:53:00,Repeat Purchase,2
C004205,2026-02-03 01:54:00,Exit,2
C004206,2026-02-06 07:57:00,Visitor,2
C004206,2026-02-06 08:05:00,Product View,2
C004206,2026-02-06 08:08:00,Exit,2
C004207,2026-02-12 12:32:00,Visitor,2
C004207,2026-02-12 12:36:00,Product View,2
C004207,2026-02-12 12:37:00,Add to Cart,2
C004207,2026-02-12 12:42:00,Exit,2
C004208,2026-02-10 06:06:00,Visitor,2
C004208,2026-02-10 06:08:00,Exit,2
C004209,2026-02-06 23:01:00,Visitor,2
C004209,2026-02-06 23:02:00,Exit,2
C004210,2026-02-05 20:17:00,Visitor,2
C004210,2026-02-05 20:26:00,Product View,2
C004210,2026-02-05 20:27:00,Exit,2
C004211,2026-02-13 09:53:00,Visitor,2
C004211,2026-02-13 10:00:00,Exit,2
C004212,2026-02-11 21:56:00,Visitor,2
C004212,2026-02-11 22:03:00,Product View,2
C004212,2026-02-11 22:25:00,Add to Cart,2
C004212,2026-02-11 22:26:00,Exit,2
C004213,2026-02-01 23:25:00,Visitor,2
C004213,2026-02-01 23:29:00,Product View,2
C004213,2026-02-01 23:42:00,Exit,2
C004214,2026-02-14 23:07:00,Visitor,2
C004214,2026-02-14 23:08:00,Product View,2
C004214,2026-02-14 23:10:00,Exit,2
C004215,2026-02-03 06:11:00,Visitor,2
C004215,2026-02-03 06:13:00,Exit,2
C004216,2026-02-07 22:54:00,Visitor,2
C004216,2026-02-07 23:07:00,Exit,2
C004217,2026-02-08 17:12:00,Visitor,2
C004217,2026-02-08 17:21:00,Exit,2
C004218,2026-02-12 18:11:00,Visitor,2
C004218,2026-02-12 18:13:00,Exit,2
C004219,2026-02-08 12:32:00,Visitor,2
C004219,2026-02-08 12:34:00,Exit,2
C004220,2026-02-07 22:31:00,Visitor,2
C004220,2026-02-07 22:38:00,Exit,2
C004221,2026-02-03 20:29:00,Visitor,2
C004221,2026-02-03 20:36:00,Product View,2
C004221,2026-02-03 20:41:00,Add to Cart,2
C004221,2026-02-03 20:42:00,Exit,2
C004222,2026-02-04 18:06:00,Visitor,2
C004222,2026-02-04 18:09:00,Exit,2
C004223,2026-02-14 09:27:00,Visitor,2
C004223,2026-02-14 09:38:00,Product View,2
C004223,2026-02-14 09:40:00,Exit,2
C004224,2026-02-02 06:56:00,Visitor,2
C004224,2026-02-02 07:00:00,Exit,2
C004225,2026-02-13 23:32:00,Visitor,2
C004225,2026-02-13 23:39:00,Product View,2
C004225,2026-02-13 23:44:00,Exit,2
C004226,2026-02-09 13:51:00,Visitor,2
C004226,2026-02-09 13:53:00,Exit,2
C004227,2026-02-02 23:14:00,Visitor,2
C004227,2026-02-02 23:17:00,Product View,2
C004227,2026-02-02 23:18:00,Product View,2
C004227,2026-02-02 23:26:00,Exit,2
C004228,2026-02-04 09:27:00,Visitor,2
C004228,2026-02-04 09:39:00,Exit,2
C004229,2026-02-08 04:43:00,Visitor,2
C004229,2026-02-08 04:45:00,Product View,2
C004229,2026-02-08 05:02:00,Exit,2
C004230,2026-02-14 15:36:00,Visitor,2
C004230,2026-02-14 15:37:00,Product View,2
C004230,2026-02-14 15:44:00,Exit,2
C004231,2026-02-14 22:52:00,Visitor,2
C004231,2026-02-14 22:53:00,Exit,2
C004232,2026-02-05 17:26:00,Visitor,2
C004232,2026-02-05 17:28:00,Product View,2
C004232,2026-02-05 17:30:00,Exit,2
C004233,2026-02-07 04:57:00,Visitor,2
C004233,2026-02-07 05:03:00,Exit,2
C004234,2026-02-10 21:38:00,Visitor,2
C004234,2026-02-10 21:42:00,Product View,2
C004234,2026-02-10 21:49:00,Exit,2
C004235,2026-02-12 15:45:00,Visitor,2
C004235,2026-02-12 15:51:00,Product View,2
C004235,2026-02-12 15:52:00,Exit,2
C004236,2026-02-05 12:28:00,Visitor,2
C004236,2026-02-05 12:37:00,Product View,2
C004236,2026-02-05 12:40:00,Exit,2
C004237,2026-02-13 01:29:00,Visitor,2
C004237,2026-02-13 01:42:00,Product View,2
C004237,2026-02-13 01:44:00,Exit,2
C004238,2026-02-02 11:08:00,Visitor,2
C004238,2026-02-02 11:16:00,Product View,2
C004238,2026-02-02 11:24:00,Exit,2
C004239,2026-02-14 09:02:00,Visitor,2
C004239,2026-02-14 09:06:00,Product View,2
C004239,2026-02-14 09:17:00,Exit,2
C004240,2026-02-09 11:31:00,Visitor,2
C004240,2026-02-09 11:34:00,Product View,2
C004240,2026-02-09 11:46:00,Add to Cart,2
C004240,2026-02-09 11:49:00,Product View,2
C004240,2026-02-09 11:51:00,Exit,2
C004241,2026-02-03 16:53:00,Visitor,2
C004241,2026-02-03 16:57:00,Product View,2
C004241,2026-02-03 16:58:00,Exit,2
C004242,2026-02-09 10:16:00,Visitor,2
C004242,2026-02-09 10:18:00,Product View,2
C004242,2026-02-09 10:20:00,Exit,2
C004243,2026-02-13 00:37:00,Visitor,2
C004243,2026-02-13 00:38:00,Exit,2
C004244,2026-02-09 15:55:00,Visitor,2
C004244,2026-02-09 15:56:00,Product View,2
C004244,2026-02-09 16:00:00,Add to Cart,2
C004244,2026-02-09 16:01:00,Purchase,2
C004244,2026-02-09 16:04:00,Exit,2
C004245,2026-02-07 21:01:00,Visitor,2
C004245,2026-02-07 21:17:00,Product View,2
C004245,2026-02-07 21:29:00,Exit,2
C004246,2026-02-09 12:12:00,Visitor,2
C004246,2026-02-09 12:18:00,Exit,2
C004247,2026-02-10 21:13:00,Visitor,2
C004247,2026-02-10 21:25:00,Product View,2
C004247,2026-02-10 21:26:00,Add to Cart,2
C004247,2026-02-10 21:34:00,Exit,2
C004248,2026-02-10 20:57:00,Visitor,2
C004248,2026-02-10 21:03:00,Exit,2
C004249,2026-02-10 17:15:00,Visitor,2
C004249,2026-02-10 17:23:00,Exit,2
C004250,2026-02-09 14:37:00,Visitor,2
C004250,2026-02-09 14:44:00,Exit,2
C004251,2026-02-10 07:17:00,Visitor,2
C004251,2026-02-10 07:22:00,Exit,2
C004252,2026-02-01 12:53:00,Visitor,2
C004252,2026-02-01 12:54:00,Product View,2
C004252,2026-02-01 12:55:00,Exit,2
C004253,2026-02-08 04:44:00,Visitor,2
C004253,2026-02-08 04:57:00,Product View,2
C004253,2026-02-08 05:10:00,Exit,2
C004254,2026-02-06 21:39:00,Visitor,2
C004254,2026-02-06 21:42:00,Exit,2
C004255,2026-02-01 23:17:00,Visitor,2
C004255,2026-02-01 23:23:00,Product View,2
C004255,2026-02-01 23:26:00,Exit,2
C004256,2026-02-06 16:20:00,Visitor,2
C004256,2026-02-06 16:30:00,Product View,2
C004256,2026-02-06 16:31:00,Exit,2
C004257,2026-02-02 14:36:00,Visitor,2
C004257,2026-02-02 14:39:00,Product View,2
C004257,2026-02-02 14:42:00,Add to Cart,2
C004257,2026-02-02 14:53:00,Purchase,2
C004257,2026-02-02 14:58:00,Repeat Purchase,2
C004257,2026-02-02 15:11:00,Exit,2
C004258,2026-02-07 08:14:00,Visitor,2
C004258,2026-02-07 08:17:00,Product View,2
C004258,2026-02-07 08:25:00,Add to Cart,2
C004258,2026-02-07 08:28:00,Purchase,2
C004258,2026-02-07 08:43:00,Exit,2
C004259,2026-02-04 16:52:00,Visitor,2
C004259,2026-02-04 16:53:00,Product View,2
C004259,2026-02-04 16:58:00,Exit,2
C004260,2026-02-14 19:48:00,Visitor,2
C004260,2026-02-14 19:50:00,Product View,2
C004260,2026-02-14 20:01:00,Add to Cart,2
C004260,2026-02-14 20:03:00,Exit,2
C004261,2026-02-02 03:40:00,Visitor,2
C004261,2026-02-02 03:41:00,Exit,2
C004262,2026-02-03 22:02:00,Visitor,2
C004262,2026-02-03 22:06:00,Product View,2
C004262,2026-02-03 22:13:00,Exit,2
C004263,2026-02-11 13:21:00,Visitor,2
C004263,2026-02-11 13:22:00,Exit,2
C004264,2026-02-05 22:52:00,Visitor,2
C004264,2026-02-05 22:58:00,Exit,2
C004265,2026-02-14 07:01:00,Visitor,2
C004265,2026-02-14 07:02:00,Product View,2
C004265,2026-02-14 07:07:00,Product View,2
C004265,2026-02-14 07:10:00,Exit,2
C004266,2026-02-02 14:36:00,Visitor,2
C004266,2026-02-02 14:40:00,Exit,2
C004267,2026-02-01 13:40:00,Visitor,2
C004267,2026-02-01 13:43:00,Product View,2
C004267,2026-02-01 13:49:00,Exit,2
C004268,2026-02-03 19:42:00,Visitor,2
C004268,2026-02-03 19:43:00,Product View,2
C004268,2026-02-03 19:46:00,Exit,2
C004269,2026-02-10 23:44:00,Visitor,2
C004269,2026-02-10 23:45:00,Exit,2
C004270,2026-02-13 05:09:00,Visitor,2
C004270,2026-02-13 05:10:00,Exit,2
C004271,2026-02-06 09:24:00,Visitor,2
C004271,2026-02-06 09:28:00,Exit,2
C004272,2026-02-11 06:10:00,Visitor,2
C004272,2026-02-11 06:15:00,Product View,2
C004272,2026-02-11 06:19:00,Product View,2
C004272,2026-02-11 06:22:00,Add to Cart,2
C004272,2026-02-11 06:31:00,Purchase,2
C004272,2026-02-11 06:33:00,Exit,2
C004273,2026-02-03 12:31:00,Visitor,2
C004273,2026-02-03 12:34:00,Product View,2
C004273,2026-02-03 12:35:00,Add to Cart,2
C004273,2026-02-03 12:37:00,Purchase,2
C004273,2026-02-03 12:39:00,Exit,2
C004274,2026-02-10 13:07:00,Visitor,2
C004274,2026-02-10 13:12:00,Product View,2
C004274,2026-02-10 13:19:00,Add to Cart,2
C004274,2026-02-10 13:21:00,Purchase,2
C004274,2026-02-10 13:26:00,Exit,2
C004275,2026-02-08 16:39:00,Visitor,2
C004275,2026-02-08 16:48:00,Product View,2
C004275,2026-02-08 16:50:00,Add to Cart,2
C004275,2026-02-08 16:54:00,Exit,2
C004276,2026-02-09 13:55:00,Visitor,2
C004276,2026-02-09 13:57:00,Product View,2
C004276,2026-02-09 14:01:00,Exit,2
C004277,2026-02-10 13:12:00,Visitor,2
C004277,2026-02-10 13:16:00,Product View,2
C004277,2026-02-10 13:18:00,Add to Cart,2
C004277,2026-02-10 13:19:00,Exit,2
C004278,2026-02-03 01:01:00,Visitor,2
C004278,2026-02-03 01:04:00,Product View,2
C004278,2026-02-03 01:10:00,Exit,2
C004279,2026-02-07 15:45:00,Visitor,2
C004279,2026-02-07 15:47:00,Product View,2
C004279,2026-02-07 15:55:00,Product View,2
C004279,2026-02-07 16:02:00,Exit,2
C004280,2026-02-14 19:10:00,Visitor,2
C004280,2026-02-14 19:11:00,Product View,2
C004280,2026-02-14 19:27:00,Add to Cart,2
C004280,2026-02-14 19:31:00,Purchase,2
C004280,2026-02-14 19:36:00,Repeat Purchase,2
C004280,2026-02-14 19:37:00,Loyal Customer,2
C004280,2026-02-14 19:43:00,Loyal Customer,2
C004280,2026-02-14 19:45:00,Loyal Customer,2
C004280,2026-02-14 19:59:00,Loyal Customer,2
C004280,2026-02-14 20:05:00,Loyal Customer,2
C004280,2026-02-14 20:06:00,Loyal Customer,2
C004280,2026-02-14 20:07:00,Loyal Customer,2
C004280,2026-02-14 20:11:00,Loyal Customer,2
C004280,2026-02-14 20:13:00,Exit,2
C004281,2026-02-10 09:37:00,Visitor,2
C004281,2026-02-10 09:38:00,Exit,2
C004282,2026-02-10 09:01:00,Visitor,2
C004282,2026-02-10 09:10:00,Product View,2
C004282,2026-02-10 09:33:00,Exit,2
C004283,2026-02-09 23:05:00,Visitor,2
C004283,2026-02-09 23:06:00,Exit,2
C004284,2026-02-02 10:32:00,Visitor,2
C004284,2026-02-02 10:35:00,Product View,2
C004284,2026-02-02 10:42:00,Add to Cart,2
C004284,2026-02-02 10:47:00,Purchase,2
C004284,2026-02-02 10:48:00,Repeat Purchase,2
C004284,2026-02-02 10:50:00,Loyal Customer,2
C004284,2026-02-02 10:59:00,Exit,2
C004285,2026-02-08 21:58:00,Visitor,2
C004285,2026-02-08 22:01:00,Product View,2
C004285,2026-02-08 22:03:00,Exit,2
C004286,2026-02-02 20:24:00,Visitor,2
C004286,2026-02-02 20:27:00,Exit,2
C004287,2026-02-14 13:25:00,Visitor,2
C004287,2026-02-14 13:34:00,Exit,2
C004288,2026-02-06 06:38:00,Visitor,2
C004288,2026-02-06 06:43:00,Exit,2
C004289,2026-02-13 09:08:00,Visitor,2
C004289,2026-02-13 09:10:00,Exit,2
C004290,2026-02-10 18:52:00,Visitor,2
C004290,2026-02-10 18:53:00,Exit,2
C004291,2026-02-04 10:47:00,Visitor,2
C004291,2026-02-04 10:56:00,Exit,2
C004292,2026-02-13 00:53:00,Visitor,2
C004292,2026-02-13 00:56:00,Exit,2
C004293,2026-02-10 20:30:00,Visitor,2
C004293,2026-02-10 20:36:00,Product View,2
C004293,2026-02-10 20:47:00,Exit,2
C004294,2026-02-09 04:57:00,Visitor,2
C004294,2026-02-09 04:59:00,Exit,2
C004295,2026-02-07 02:03:00,Visitor,2
C004295,2026-02-07 02:04:00,Product View,2
C004295,2026-02-07 02:12:00,Product View,2
C004295,2026-02-07 02:14:00,Exit,2
C004296,2026-02-14 13:51:00,Visitor,2
C004296,2026-02-14 13:55:00,Product View,2
C004296,2026-02-14 13:58:00,Exit,2
C004297,2026-02-05 20:16:00,Visitor,2
C004297,2026-02-05 20:19:00,Exit,2
C004298,2026-02-01 05:04:00,Visitor,2
C004298,2026-02-01 05:07:00,Exit,2
C004299,2026-02-12 09:25:00,Visitor,2
C004299,2026-02-12 09:26:00,Product View,2
C004299,2026-02-12 09:27:00,Exit,2
C004300,2026-02-08 14:11:00,Visitor,2
C004300,2026-02-08 14:22:00,Exit,2
C004301,2026-02-08 10:33:00,Visitor,2
C004301,2026-02-08 10:34:00,Product View,2
C004301,2026-02-08 10:44:00,Exit,2
C004302,2026-02-04 22:24:00,Visitor,2
C004302,2026-02-04 22:27:00,Product View,2
C004302,2026-02-04 22:29:00,Exit,2
C004303,2026-02-09 09:54:00,Visitor,2
C004303,2026-02-09 09:59:00,Product View,2
C004303,2026-02-09 10:00:00,Exit,2
C004304,2026-02-02 12:53:00,Visitor,2
C004304,2026-02-02 13:05:00,Product View,2
C004304,2026-02-02 13:12:00,Product View,2
C004304,2026-02-02 13:17:00,Add to Cart,2
C004304,2026-02-02 13:20:00,Exit,2
C004305,2026-02-11 12:27:00,Visitor,2
C004305,2026-02-11 12:29:00,Product View,2
C004305,2026-02-11 12:34:00,Exit,2
C004306,2026-02-12 01:27:00,Visitor,2
C004306,2026-02-12 01:29:00,Exit,2
C004307,2026-02-07 17:30:00,Visitor,2
C004307,2026-02-07 17:33:00,Exit,2
C004308,2026-02-07 22:08:00,Visitor,2
C004308,2026-02-07 22:11:00,Exit,2
C004309,2026-02-06 23:38:00,Visitor,2
C004309,2026-02-06 23:39:00,Product View,2
C004309,2026-02-06 23:41:00,Exit,2
C004310,2026-02-12 19:57:00,Visitor,2
C004310,2026-02-12 19:59:00,Exit,2
C004311,2026-02-13 06:19:00,Visitor,2
C004311,2026-02-13 06:20:00,Exit,2
C004312,2026-02-02 11:39:00,Visitor,2
C004312,2026-02-02 11:42:00,Product View,2
C004312,2026-02-02 11:50:00,Add to Cart,2
C004312,2026-02-02 11:56:00,Purchase,2
C004312,2026-02-02 12:22:00,Exit,2
C004313,2026-02-09 01:50:00,Visitor,2
C004313,2026-02-09 01:51:00,Product View,2
C004313,2026-02-09 01:53:00,Add to Cart,2
C004313,2026-02-09 02:01:00,Exit,2
C004314,2026-02-13 02:59:00,Visitor,2
C004314,2026-02-13 03:01:00,Product View,2
C004314,2026-02-13 03:07:00,Product View,2
C004314,2026-02-13 03:08:00,Exit,2
C004315,2026-02-06 06:51:00,Visitor,2
C004315,2026-02-06 06:55:00,Exit,2
C004316,2026-02-10 00:10:00,Visitor,2
C004316,2026-02-10 00:14:00,Product View,2
C004316,2026-02-10 00:18:00,Exit,2
C004317,2026-02-08 22:12:00,Visitor,2
C004317,2026-02-08 22:23:00,Exit,2
C004318,2026-02-13 02:12:00,Visitor,2
C004318,2026-02-13 02:22:00,Product View,2
C004318,2026-02-13 02:30:00,Exit,2
C004319,2026-02-07 22:07:00,Visitor,2
C004319,2026-02-07 22:19:00,Exit,2
C004320,2026-02-12 18:23:00,Visitor,2
C004320,2026-02-12 18:24:00,Exit,2
C004321,2026-02-02 06:12:00,Visitor,2
C004321,2026-02-02 06:15:00,Product View,2
C004321,2026-02-02 06:19:00,Exit,2
C004322,2026-02-05 06:29:00,Visitor,2
C004322,2026-02-05 06:31:00,Product View,2
C004322,2026-02-05 06:33:00,Exit,2
C004323,2026-02-02 04:52:00,Visitor,2
C004323,2026-02-02 04:53:00,Product View,2
C004323,2026-02-02 05:02:00,Exit,2
C004324,2026-02-06 11:52:00,Visitor,2
C004324,2026-02-06 11:53:00,Product View,2
C004324,2026-02-06 12:05:00,Exit,2
C004325,2026-02-12 13:00:00,Visitor,2
C004325,2026-02-12 13:05:00,Exit,2
C004326,2026-02-11 08:17:00,Visitor,2
C004326,2026-02-11 08:26:00,Product View,2
C004326,2026-02-11 08:32:00,Add to Cart,2
C004326,2026-02-11 08:33:00,Exit,2
C004327,2026-02-07 10:59:00,Visitor,2
C004327,2026-02-07 11:00:00,Product View,2
C004327,2026-02-07 11:01:00,Exit,2
C004328,2026-02-13 09:36:00,Visitor,2
C004328,2026-02-13 09:44:00,Product View,2
C004328,2026-02-13 09:48:00,Exit,2
C004329,2026-02-13 19:14:00,Visitor,2
C004329,2026-02-13 19:25:00,Product View,2
C004329,2026-02-13 19:28:00,Exit,2
C004330,2026-02-02 08:52:00,Visitor,2
C004330,2026-02-02 09:02:00,Exit,2
C004331,2026-02-05 10:27:00,Visitor,2
C004331,2026-02-05 10:28:00,Product View,2
C004331,2026-02-05 10:37:00,Product View,2
C004331,2026-02-05 10:42:00,Exit,2
C004332,2026-02-13 21:06:00,Visitor,2
C004332,2026-02-13 21:15:00,Exit,2
C004333,2026-02-11 07:30:00,Visitor,2
C004333,2026-02-11 07:32:00,Product View,2
C004333,2026-02-11 07:33:00,Exit,2
C004334,2026-02-12 19:19:00,Visitor,2
C004334,2026-02-12 19:25:00,Exit,2
C004335,2026-02-08 21:21:00,Visitor,2
C004335,2026-02-08 21:23:00,Exit,2
C004336,2026-02-01 00:30:00,Visitor,2
C004336,2026-02-01 00:42:00,Product View,2
C004336,2026-02-01 01:03:00,Add to Cart,2
C004336,2026-02-01 01:04:00,Purchase,2
C004336,2026-02-01 01:12:00,Exit,2
C004337,2026-02-13 16:45:00,Visitor,2
C004337,2026-02-13 16:46:00,Product View,2
C004337,2026-02-13 16:47:00,Exit,2
C004338,2026-02-07 05:40:00,Visitor,2
C004338,2026-02-07 05:41:00,Exit,2
C004339,2026-02-05 13:41:00,Visitor,2
C004339,2026-02-05 13:43:00,Product View,2
C004339,2026-02-05 13:48:00,Exit,2
C004340,2026-02-02 08:38:00,Visitor,2
C004340,2026-02-02 08:40:00,Product View,2
C004340,2026-02-02 08:45:00,Exit,2
C004341,2026-02-04 07:09:00,Visitor,2
C004341,2026-02-04 07:12:00,Exit,2
C004342,2026-02-06 19:23:00,Visitor,2
C004342,2026-02-06 19:25:00,Product View,2
C004342,2026-02-06 19:28:00,Add to Cart,2
C004342,2026-02-06 19:36:00,Exit,2
C004343,2026-02-04 18:17:00,Visitor,2
C004343,2026-02-04 18:21:00,Exit,2
C004344,2026-02-12 07:12:00,Visitor,2
C004344,2026-02-12 07:19:00,Exit,2
C004345,2026-02-12 09:37:00,Visitor,2
C004345,2026-02-12 09:43:00,Exit,2
C004346,2026-02-01 17:12:00,Visitor,2
C004346,2026-02-01 17:14:00,Product View,2
C004346,2026-02-01 17:21:00,Add to Cart,2
C004346,2026-02-01 17:23:00,Exit,2
C004347,2026-02-05 06:54:00,Visitor,2
C004347,2026-02-05 06:56:00,Product View,2
C004347,2026-02-05 07:02:00,Exit,2
C004348,2026-02-12 06:23:00,Visitor,2
C004348,2026-02-12 06:25:00,Product View,2
C004348,2026-02-12 06:29:00,Add to Cart,2
C004348,2026-02-12 06:30:00,Exit,2
C004349,2026-02-09 14:23:00,Visitor,2
C004349,2026-02-09 14:33:00,Exit,2
C004350,2026-02-13 14:26:00,Visitor,2
C004350,2026-02-13 14:28:00,Product View,2
C004350,2026-02-13 14:31:00,Exit,2
C004351,2026-02-08 05:53:00,Visitor,2
C004351,2026-02-08 05:55:00,Exit,2
C004352,2026-02-06 21:20:00,Visitor,2
C004352,2026-02-06 21:34:00,Exit,2
C004353,2026-02-13 00:21:00,Visitor,2
C004353,2026-02-13 00:22:00,Product View,2
C004353,2026-02-13 00:28:00,Exit,2
C004354,2026-02-12 03:18:00,Visitor,2
C004354,2026-02-12 03:20:00,Product View,2
C004354,2026-02-12 03:24:00,Exit,2
C004355,2026-02-04 08:38:00,Visitor,2
C004355,2026-02-04 08:44:00,Exit,2
C004356,2026-02-10 09:07:00,Visitor,2
C004356,2026-02-10 09:10:00,Product View,2
C004356,2026-02-10 09:11:00,Exit,2
C004357,2026-02-12 02:54:00,Visitor,2
C004357,2026-02-12 02:55:00,Product View,2
C004357,2026-02-12 02:57:00,Exit,2
C004358,2026-02-12 08:05:00,Visitor,2
C004358,2026-02-12 08:10:00,Product View,2
C004358,2026-02-12 08:14:00,Exit,2
C004359,2026-02-07 14:10:00,Visitor,2
C004359,2026-02-07 14:22:00,Product View,2
C004359,2026-02-07 14:30:00,Exit,2
C004360,2026-02-09 02:54:00,Visitor,2
C004360,2026-02-09 02:57:00,Product View,2
C004360,2026-02-09 03:02:00,Exit,2
C004361,2026-02-01 12:57:00,Visitor,2
C004361,2026-02-01 13:09:00,Product View,2
C004361,2026-02-01 13:13:00,Product View,2
C004361,2026-02-01 13:26:00,Exit,2
C004362,2026-02-13 16:50:00,Visitor,2
C004362,2026-02-13 16:54:00,Exit,2
C004363,2026-02-11 06:34:00,Visitor,2
C004363,2026-02-11 06:36:00,Exit,2
C004364,2026-02-03 07:47:00,Visitor,2
C004364,2026-02-03 07:49:00,Product View,2
C004364,2026-02-03 07:50:00,Exit,2
C004365,2026-02-14 04:32:00,Visitor,2
C004365,2026-02-14 04:41:00,Exit,2
C004366,2026-02-13 13:56:00,Visitor,2
C004366,2026-02-13 13:58:00,Product View,2
C004366,2026-02-13 14:03:00,Add to Cart,2
C004366,2026-02-13 14:05:00,Exit,2
C004367,2026-02-07 15:08:00,Visitor,2
C004367,2026-02-07 15:10:00,Exit,2
C004368,2026-02-08 16:15:00,Visitor,2
C004368,2026-02-08 16:21:00,Product View,2
C004368,2026-02-08 16:28:00,Exit,2
C004369,2026-02-12 05:02:00,Visitor,2
C004369,2026-02-12 05:04:00,Exit,2
C004370,2026-02-04 15:45:00,Visitor,2
C004370,2026-02-04 16:03:00,Product View,2
C004370,2026-02-04 16:12:00,Exit,2
C004371,2026-02-07 14:12:00,Visitor,2
C004371,2026-02-07 14:13:00,Exit,2
C004372,2026-02-05 21:27:00,Visitor,2
C004372,2026-02-05 21:30:00,Product View,2
C004372,2026-02-05 21:32:00,Exit,2
C004373,2026-02-03 02:19:00,Visitor,2
C004373,2026-02-03 02:20:00,Exit,2
C004374,2026-02-02 09:55:00,Visitor,2
C004374,2026-02-02 09:57:00,Exit,2
C004375,2026-02-07 19:57:00,Visitor,2
C004375,2026-02-07 20:10:00,Product View,2
C004375,2026-02-07 20:13:00,Exit,2
C004376,2026-02-06 16:05:00,Visitor,2
C004376,2026-02-06 16:10:00,Exit,2
C004377,2026-02-10 09:40:00,Visitor,2
C004377,2026-02-10 09:41:00,Product View,2
C004377,2026-02-10 09:42:00,Add to Cart,2
C004377,2026-02-10 09:44:00,Purchase,2
C004377,2026-02-10 09:45:00,Exit,2
C004378,2026-02-13 19:32:00,Visitor,2
C004378,2026-02-13 19:43:00,Product View,2
C004378,2026-02-13 19:53:00,Exit,2
C004379,2026-02-03 02:37:00,Visitor,2
C004379,2026-02-03 02:38:00,Exit,2
C004380,2026-02-06 23:39:00,Visitor,2
C004380,2026-02-06 23:44:00,Exit,2
C004381,2026-02-05 18:42:00,Visitor,2
C004381,2026-02-05 18:45:00,Exit,2
C004382,2026-02-10 01:27:00,Visitor,2
C004382,2026-02-10 01:32:00,Product View,2
C004382,2026-02-10 01:44:00,Exit,2
C004383,2026-02-05 06:06:00,Visitor,2
C004383,2026-02-05 06:10:00,Product View,2
C004383,2026-02-05 06:12:00,Exit,2
C004384,2026-02-01 13:05:00,Visitor,2
C004384,2026-02-01 13:07:00,Exit,2
C004385,2026-02-10 02:15:00,Visitor,2
C004385,2026-02-10 02:16:00,Exit,2
C004386,2026-02-12 03:43:00,Visitor,2
C004386,2026-02-12 03:56:00,Exit,2
C004387,2026-02-11 10:46:00,Visitor,2
C004387,2026-02-11 10:47:00,Product View,2
C004387,2026-02-11 10:57:00,Exit,2
C004388,2026-02-11 08:10:00,Visitor,2
C004388,2026-02-11 08:20:00,Exit,2
C004389,2026-02-06 17:52:00,Visitor,2
C004389,2026-02-06 18:00:00,Exit,2
C004390,2026-02-10 18:48:00,Visitor,2
C004390,2026-02-10 18:55:00,Exit,2
C004391,2026-02-13 01:10:00,Visitor,2
C004391,2026-02-13 01:12:00,Exit,2
C004392,2026-02-03 01:47:00,Visitor,2
C004392,2026-02-03 01:48:00,Exit,2
C004393,2026-02-12 20:03:00,Visitor,2
C004393,2026-02-12 20:05:00,Product View,2
C004393,2026-02-12 20:06:00,Product View,2
C004393,2026-02-12 20:07:00,Exit,2
C004394,2026-02-11 23:40:00,Visitor,2
C004394,2026-02-11 23:43:00,Product View,2
C004394,2026-02-11 23:46:00,Exit,2
C004395,2026-02-08 20:11:00,Visitor,2
C004395,2026-02-08 20:14:00,Product View,2
C004395,2026-02-08 20:15:00,Product View,2
C004395,2026-02-08 20:16:00,Exit,2
C004396,2026-02-04 10:09:00,Visitor,2
C004396,2026-02-04 10:12:00,Exit,2
C004397,2026-02-04 19:48:00,Visitor,2
C004397,2026-02-04 19:49:00,Exit,2
C004398,2026-02-08 03:40:00,Visitor,2
C004398,2026-02-08 03:43:00,Exit,2
C004399,2026-02-07 23:47:00,Visitor,2
C004399,2026-02-07 23:48:00,Product View,2
C004399,2026-02-07 23:59:00,Exit,2
C004400,2026-02-10 18:21:00,Visitor,2
C004400,2026-02-10 18:28:00,Product View,2
C004400,2026-02-10 18:30:00,Exit,2
C004401,2026-02-01 09:54:00,Visitor,2
C004401,2026-02-01 09:55:00,Exit,2
C004402,2026-02-09 00:57:00,Visitor,2
C004402,2026-02-09 01:01:00,Product View,2
C004402,2026-02-09 01:05:00,Add to Cart,2
C004402,2026-02-09 01:06:00,Purchase,2
C004402,2026-02-09 01:11:00,Exit,2
C004403,2026-02-03 12:48:00,Visitor,2
C004403,2026-02-03 12:52:00,Product View,2
C004403,2026-02-03 12:54:00,Add to Cart,2
C004403,2026-02-03 12:55:00,Purchase,2
C004403,2026-02-03 12:58:00,Repeat Purchase,2
C004403,2026-02-03 13:07:00,Loyal Customer,2
C004403,2026-02-03 13:16:00,Loyal Customer,2
C004403,2026-02-03 13:18:00,Loyal Customer,2
C004403,2026-02-03 13:20:00,Loyal Customer,2
C004403,2026-02-03 13:22:00,Loyal Customer,2
C004403,2026-02-03 13:25:00,Loyal Customer,2
C004403,2026-02-03 13:29:00,Loyal Customer,2
C004403,2026-02-03 13:36:00,Loyal Customer,2
C004403,2026-02-03 13:38:00,Exit,2
C004404,2026-02-13 06:21:00,Visitor,2
C004404,2026-02-13 06:29:00,Product View,2
C004404,2026-02-13 06:34:00,Exit,2
C004405,2026-02-01 05:27:00,Visitor,2
C004405,2026-02-01 05:32:00,Exit,2
C004406,2026-02-11 01:39:00,Visitor,2
C004406,2026-02-11 01:41:00,Product View,2
C004406,2026-02-11 01:48:00,Exit,2
C004407,2026-02-05 16:33:00,Visitor,2
C004407,2026-02-05 16:34:00,Exit,2
C004408,2026-02-02 12:43:00,Visitor,2
C004408,2026-02-02 12:48:00,Exit,2
C004409,2026-02-13 00:52:00,Visitor,2
C004409,2026-02-13 00:56:00,Product View,2
C004409,2026-02-13 00:59:00,Add to Cart,2
C004409,2026-02-13 01:05:00,Exit,2
C004410,2026-02-08 18:26:00,Visitor,2
C004410,2026-02-08 18:29:00,Exit,2
C004411,2026-02-07 12:20:00,Visitor,2
C004411,2026-02-07 12:21:00,Product View,2
C004411,2026-02-07 12:25:00,Add to Cart,2
C004411,2026-02-07 12:27:00,Exit,2
C004412,2026-02-08 18:46:00,Visitor,2
C004412,2026-02-08 18:47:00,Product View,2
C004412,2026-02-08 19:02:00,Product View,2
C004412,2026-02-08 19:03:00,Exit,2
C004413,2026-02-02 14:20:00,Visitor,2
C004413,2026-02-02 14:23:00,Product View,2
C004413,2026-02-02 14:24:00,Add to Cart,2
C004413,2026-02-02 14:30:00,Purchase,2
C004413,2026-02-02 14:34:00,Exit,2
C004414,2026-02-06 11:01:00,Visitor,2
C004414,2026-02-06 11:03:00,Exit,2
C004415,2026-02-07 15:32:00,Visitor,2
C004415,2026-02-07 15:37:00,Exit,2
C004416,2026-02-11 05:54:00,Visitor,2
C004416,2026-02-11 05:56:00,Product View,2
C004416,2026-02-11 05:59:00,Exit,2
C004417,2026-02-03 06:45:00,Visitor,2
C004417,2026-02-03 06:48:00,Product View,2
C004417,2026-02-03 06:57:00,Add to Cart,2
C004417,2026-02-03 06:59:00,Purchase,2
C004417,2026-02-03 07:04:00,Repeat Purchase,2
C004417,2026-02-03 07:07:00,Loyal Customer,2
C004417,2026-02-03 07:09:00,Loyal Customer,2
C004417,2026-02-03 07:14:00,Exit,2
C004418,2026-02-07 02:59:00,Visitor,2
C004418,2026-02-07 03:04:00,Exit,2
C004419,2026-02-10 05:32:00,Visitor,2
C004419,2026-02-10 05:33:00,Product View,2
C004419,2026-02-10 05:35:00,Add to Cart,2
C004419,2026-02-10 05:42:00,Purchase,2
C004419,2026-02-10 05:57:00,Exit,2
C004420,2026-02-14 21:20:00,Visitor,2
C004420,2026-02-14 21:23:00,Product View,2
C004420,2026-02-14 21:30:00,Exit,2
C004421,2026-02-13 10:36:00,Visitor,2
C004421,2026-02-13 10:39:00,Exit,2
C004422,2026-02-08 19:27:00,Visitor,2
C004422,2026-02-08 19:35:00,Product View,2
C004422,2026-02-08 19:54:00,Exit,2
C004423,2026-02-13 13:49:00,Visitor,2
C004423,2026-02-13 13:51:00,Product View,2
C004423,2026-02-13 13:56:00,Exit,2
C004424,2026-02-13 17:46:00,Visitor,2
C004424,2026-02-13 17:47:00,Product View,2
C004424,2026-02-13 18:02:00,Exit,2
C004425,2026-02-07 05:10:00,Visitor,2
C004425,2026-02-07 05:15:00,Product View,2
C004425,2026-02-07 05:19:00,Exit,2
C004426,2026-02-03 12:58:00,Visitor,2
C004426,2026-02-03 13:02:00,Exit,2
C004427,2026-02-11 12:02:00,Visitor,2
C004427,2026-02-11 12:06:00,Product View,2
C004427,2026-02-11 12:07:00,Exit,2
C004428,2026-02-11 20:24:00,Visitor,2
C004428,2026-02-11 20:25:00,Product View,2
C004428,2026-02-11 20:26:00,Add to Cart,2
C004428,2026-02-11 20:35:00,Purchase,2
C004428,2026-02-11 20:38:00,Exit,2
C004429,2026-02-14 13:38:00,Visitor,2
C004429,2026-02-14 13:46:00,Product View,2
C004429,2026-02-14 13:48:00,Product View,2
C004429,2026-02-14 13:49:00,Product View,2
C004429,2026-02-14 13:50:00,Exit,2
C004430,2026-02-01 18:36:00,Visitor,2
C004430,2026-02-01 18:39:00,Exit,2
C004431,2026-02-08 10:32:00,Visitor,2
C004431,2026-02-08 10:35:00,Exit,2
C004432,2026-02-03 23:51:00,Visitor,2
C004432,2026-02-03 23:53:00,Product View,2
C004432,2026-02-04 00:00:00,Exit,2
C004433,2026-02-05 23:58:00,Visitor,2
C004433,2026-02-06 00:00:00,Product View,2
C004433,2026-02-06 00:04:00,Exit,2
C004434,2026-02-05 20:02:00,Visitor,2
C004434,2026-02-05 20:03:00,Product View,2
C004434,2026-02-05 20:04:00,Add to Cart,2
C004434,2026-02-05 20:06:00,Purchase,2
C004434,2026-02-05 20:17:00,Exit,2
C004435,2026-02-10 07:53:00,Visitor,2
C004435,2026-02-10 08:02:00,Exit,2
C004436,2026-02-10 08:49:00,Visitor,2
C004436,2026-02-10 08:51:00,Exit,2
C004437,2026-02-06 20:44:00,Visitor,2
C004437,2026-02-06 20:45:00,Product View,2
C004437,2026-02-06 20:47:00,Exit,2
C004438,2026-02-02 09:16:00,Visitor,2
C004438,2026-02-02 09:20:00,Product View,2
C004438,2026-02-02 09:27:00,Exit,2
C004439,2026-02-07 16:24:00,Visitor,2
C004439,2026-02-07 16:27:00,Exit,2
C004440,2026-02-05 03:24:00,Visitor,2
C004440,2026-02-05 03:30:00,Product View,2
C004440,2026-02-05 03:34:00,Exit,2
C004441,2026-02-05 15:48:00,Visitor,2
C004441,2026-02-05 15:49:00,Exit,2
C004442,2026-02-10 06:12:00,Visitor,2
C004442,2026-02-10 06:14:00,Product View,2
C004442,2026-02-10 06:24:00,Exit,2
C004443,2026-02-05 09:04:00,Visitor,2
C004443,2026-02-05 09:06:00,Product View,2
C004443,2026-02-05 09:08:00,Exit,2
C004444,2026-02-05 04:03:00,Visitor,2
C004444,2026-02-05 04:05:00,Product View,2
C004444,2026-02-05 04:07:00,Exit,2
C004445,2026-02-06 07:40:00,Visitor,2
C004445,2026-02-06 07:42:00,Exit,2
C004446,2026-02-13 06:52:00,Visitor,2
C004446,2026-02-13 06:57:00,Exit,2
C004447,2026-02-01 06:08:00,Visitor,2
C004447,2026-02-01 06:10:00,Product View,2
C004447,2026-02-01 06:28:00,Exit,2
C004448,2026-02-13 09:29:00,Visitor,2
C004448,2026-02-13 09:33:00,Exit,2
C004449,2026-02-13 19:05:00,Visitor,2
C004449,2026-02-13 19:06:00,Product View,2
C004449,2026-02-13 19:08:00,Exit,2
C004450,2026-02-02 18:21:00,Visitor,2
C004450,2026-02-02 18:30:00,Exit,2
C004451,2026-02-03 23:26:00,Visitor,2
C004451,2026-02-03 23:37:00,Exit,2
C004452,2026-02-10 21:16:00,Visitor,2
C004452,2026-02-10 21:26:00,Product View,2
C004452,2026-02-10 21:27:00,Exit,2
C004453,2026-02-03 01:03:00,Visitor,2
C004453,2026-02-03 01:07:00,Exit,2
C004454,2026-02-04 05:45:00,Visitor,2
C004454,2026-02-04 05:58:00,Exit,2
C004455,2026-02-02 17:23:00,Visitor,2
C004455,2026-02-02 17:38:00,Product View,2
C004455,2026-02-02 17:40:00,Add to Cart,2
C004455,2026-02-02 17:44:00,Purchase,2
C004455,2026-02-02 17:46:00,Exit,2
C004456,2026-02-10 06:15:00,Visitor,2
C004456,2026-02-10 06:18:00,Product View,2
C004456,2026-02-10 06:28:00,Add to Cart,2
C004456,2026-02-10 06:44:00,Exit,2
C004457,2026-02-02 02:25:00,Visitor,2
C004457,2026-02-02 02:26:00,Product View,2
C004457,2026-02-02 02:30:00,Exit,2
C004458,2026-02-06 05:51:00,Visitor,2
C004458,2026-02-06 06:07:00,Product View,2
C004458,2026-02-06 06:13:00,Exit,2
C004459,2026-02-10 01:30:00,Visitor,2
C004459,2026-02-10 01:31:00,Exit,2
C004460,2026-02-05 13:14:00,Visitor,2
C004460,2026-02-05 13:20:00,Exit,2
C004461,2026-02-14 07:19:00,Visitor,2
C004461,2026-02-14 07:25:00,Product View,2
C004461,2026-02-14 07:29:00,Add to Cart,2
C004461,2026-02-14 07:31:00,Purchase,2
C004461,2026-02-14 07:38:00,Exit,2
C004462,2026-02-04 07:43:00,Visitor,2
C004462,2026-02-04 07:44:00,Product View,2
C004462,2026-02-04 07:48:00,Exit,2
C004463,2026-02-01 12:51:00,Visitor,2
C004463,2026-02-01 12:53:00,Product View,2
C004463,2026-02-01 13:01:00,Add to Cart,2
C004463,2026-02-01 13:06:00,Product View,2
C004463,2026-02-01 13:13:00,Add to Cart,2
C004463,2026-02-01 13:16:00,Exit,2
C004464,2026-02-08 23:34:00,Visitor,2
C004464,2026-02-08 23:36:00,Exit,2
C004465,2026-02-14 04:55:00,Visitor,2
C004465,2026-02-14 05:04:00,Exit,2
C004466,2026-02-03 21:24:00,Visitor,2
C004466,2026-02-03 21:28:00,Exit,2
C004467,2026-02-06 02:00:00,Visitor,2
C004467,2026-02-06 02:01:00,Product View,2
C004467,2026-02-06 02:02:00,Exit,2
C004468,2026-02-03 17:15:00,Visitor,2
C004468,2026-02-03 17:17:00,Product View,2
C004468,2026-02-03 17:25:00,Add to Cart,2
C004468,2026-02-03 17:26:00,Purchase,2
C004468,2026-02-03 17:28:00,Exit,2
C004469,2026-02-12 12:17:00,Visitor,2
C004469,2026-02-12 12:22:00,Exit,2
C004470,2026-02-07 06:27:00,Visitor,2
C004470,2026-02-07 06:30:00,Exit,2
C004471,2026-02-01 21:18:00,Visitor,2
C004471,2026-02-01 21:24:00,Exit,2
C004472,2026-02-03 14:34:00,Visitor,2
C004472,2026-02-03 14:37:00,Product View,2
C004472,2026-02-03 14:41:00,Exit,2
C004473,2026-02-10 12:46:00,Visitor,2
C004473,2026-02-10 12:48:00,Product View,2
C004473,2026-02-10 12:51:00,Add to Cart,2
C004473,2026-02-10 12:57:00,Exit,2
C004474,2026-02-04 20:25:00,Visitor,2
C004474,2026-02-04 20:27:00,Product View,2
C004474,2026-02-04 20:38:00,Product View,2
C004474,2026-02-04 20:44:00,Product View,2
C004474,2026-02-04 20:56:00,Add to Cart,2
C004474,2026-02-04 21:03:00,Purchase,2
C004474,2026-02-04 21:05:00,Exit,2
C004475,2026-02-13 00:53:00,Visitor,2
C004475,2026-02-13 01:05:00,Product View,2
C004475,2026-02-13 01:12:00,Exit,2
C004476,2026-02-04 18:29:00,Visitor,2
C004476,2026-02-04 18:30:00,Product View,2
C004476,2026-02-04 18:41:00,Exit,2
C004477,2026-02-08 21:08:00,Visitor,2
C004477,2026-02-08 21:12:00,Exit,2
C004478,2026-02-06 07:02:00,Visitor,2
C004478,2026-02-06 07:05:00,Product View,2
C004478,2026-02-06 07:06:00,Exit,2
C004479,2026-02-04 01:59:00,Visitor,2
C004479,2026-02-04 02:03:00,Product View,2
C004479,2026-02-04 02:06:00,Exit,2
C004480,2026-02-06 18:49:00,Visitor,2
C004480,2026-02-06 18:51:00,Product View,2
C004480,2026-02-06 18:58:00,Exit,2
C004481,2026-02-08 22:37:00,Visitor,2
C004481,2026-02-08 22:38:00,Exit,2
C004482,2026-02-07 01:29:00,Visitor,2
C004482,2026-02-07 01:30:00,Exit,2
C004483,2026-02-04 14:55:00,Visitor,2
C004483,2026-02-04 14:56:00,Exit,2
C004484,2026-02-14 17:23:00,Visitor,2
C004484,2026-02-14 17:24:00,Product View,2
C004484,2026-02-14 17:28:00,Exit,2
C004485,2026-02-12 09:33:00,Visitor,2
C004485,2026-02-12 09:35:00,Product View,2
C004485,2026-02-12 09:36:00,Add to Cart,2
C004485,2026-02-12 09:50:00,Exit,2
C004486,2026-02-09 10:56:00,Visitor,2
C004486,2026-02-09 10:59:00,Exit,2
C004487,2026-02-13 18:24:00,Visitor,2
C004487,2026-02-13 18:31:00,Exit,2
C004488,2026-02-08 16:37:00,Visitor,2
C004488,2026-02-08 16:39:00,Product View,2
C004488,2026-02-08 16:40:00,Add to Cart,2
C004488,2026-02-08 16:45:00,Purchase,2
C004488,2026-02-08 16:50:00,Exit,2
C004489,2026-02-12 05:31:00,Visitor,2
C004489,2026-02-12 05:41:00,Exit,2
C004490,2026-02-01 04:15:00,Visitor,2
C004490,2026-02-01 04:22:00,Product View,2
C004490,2026-02-01 04:27:00,Exit,2
C004491,2026-02-11 00:36:00,Visitor,2
C004491,2026-02-11 00:38:00,Exit,2
C004492,2026-02-07 23:13:00,Visitor,2
C004492,2026-02-07 23:21:00,Exit,2
C004493,2026-02-08 02:57:00,Visitor,2
C004493,2026-02-08 02:58:00,Exit,2
C004494,2026-02-01 05:01:00,Visitor,2
C004494,2026-02-01 05:02:00,Exit,2
C004495,2026-02-01 10:28:00,Visitor,2
C004495,2026-02-01 10:31:00,Exit,2
C004496,2026-02-01 18:47:00,Visitor,2
C004496,2026-02-01 18:49:00,Exit,2
C004497,2026-02-09 20:37:00,Visitor,2
C004497,2026-02-09 20:43:00,Exit,2
C004498,2026-02-11 07:39:00,Visitor,2
C004498,2026-02-11 07:46:00,Exit,2
C004499,2026-02-02 14:58:00,Visitor,2
C004499,2026-02-02 14:59:00,Product View,2
C004499,2026-02-02 15:04:00,Exit,2
